ticker,name,market,sector,industry
005930,삼성전자,KOSPI,Technology,Consumer Electronics
000660,SK하이닉스,KOSPI,Technology,Semiconductors
005935,삼성전자우,KOSPI,Technology,Consumer Electronics
402340,SK스퀘어,KOSPI,Technology,Semiconductors
009150,삼성전기,KOSPI,Technology,Electronic Components
373220,LG에너지솔루션,KOSPI,Industrials,Electrical Equipment & Parts
005380,현대차,KOSPI,Consumer Cyclical,Auto Manufacturers
207940,삼성바이오로직스,KOSPI,Healthcare,Biotechnology
105560,KB금융,KOSPI,Financial Services,Banks - Regional
032830,삼성생명,KOSPI,Financial Services,Insurance - Life
028260,삼성물산,KOSPI,Industrials,Engineering & Construction
012450,한화에어로스페이스,KOSPI,Industrials,Aerospace & Defense
034020,두산에너빌리티,KOSPI,Industrials,Specialty Industrial Machinery
055550,신한지주,KOSPI,Financial Services,Banks - Regional
329180,HD현대중공업,KOSPI,Industrials,Aerospace & Defense
000270,기아,KOSPI,Consumer Cyclical,Auto Manufacturers
068270,셀트리온,KOSPI,Healthcare,Biotechnology
034730,SK,KOSPI,Industrials,Conglomerates
006400,삼성SDI,KOSPI,Industrials,Electrical Equipment & Parts
086790,하나금융지주,KOSPI,Financial Services,Banks - Regional
066570,LG전자,KOSPI,Technology,Consumer Electronics
012330,현대모비스,KOSPI,Consumer Cyclical,Auto Parts
010120,LS ELECTRIC,KOSPI,Industrials,Electrical Equipment & Parts
035420,NAVER,KOSPI,Communication Services,Internet Content & Information
000810,삼성화재,KOSPI,Financial Services,Insurance - Property & Casualty
298040,효성중공업,KOSPI,Industrials,Electrical Equipment & Parts
042700,한미반도체,KOSPI,Technology,Semiconductor Equipment & Materials
316140,우리금융지주,KOSPI,Financial Services,Banks - Regional
005490,POSCO홀딩스,KOSPI,Basic Materials,Steel
096770,SK이노베이션,KOSPI,Energy,Oil & Gas Refining & Marketing
267260,HD현대일렉트릭,KOSPI,Industrials,Electrical Equipment & Parts
042660,한화오션,KOSPI,Industrials,Aerospace & Defense
009540,HD한국조선해양,KOSPI,Industrials,Aerospace & Defense
000150,두산,KOSPI,Industrials,Conglomerates
010130,고려아연,KOSPI,Basic Materials,Other Industrial Metals & Mining
138040,메리츠금융지주,KOSPI,Financial Services,Capital Markets
011200,HMM,KOSPI,Industrials,Marine Shipping
015760,한국전력,KOSPI,Utilities,Utilities - Regulated Electric
017670,SK텔레콤,KOSPI,Communication Services,Telecom Services
033780,KT&G,KOSPI,Consumer Defensive,Tobacco
051910,LG화학,KOSPI,Basic Materials,Chemicals
010140,삼성중공업,KOSPI,Industrials,Aerospace & Defense
018260,삼성에스디에스,KOSPI,Technology,Information Technology Services
010950,S-Oil,KOSPI,Energy,Oil & Gas Refining & Marketing
006800,미래에셋증권,KOSPI,Financial Services,Capital Markets
003550,LG,KOSPI,Technology,Consumer Electronics
003670,포스코퓨처엠,KOSPI,Industrials,Electrical Equipment & Parts
024110,기업은행,KOSPI,Financial Services,Banks - Regional
079550,LIG디펜스앤에어로스페이스,KOSPI,Industrials,Aerospace & Defense
267250,HD현대,KOSPI,Energy,Oil & Gas Refining & Marketing
272210,한화시스템,KOSPI,Industrials,Aerospace & Defense
035720,카카오,KOSPI,Communication Services,Internet Content & Information
086280,현대글로비스,KOSPI,Industrials,Integrated Freight & Logistics
278470,에이피알,KOSPI,Consumer Defensive,Household & Personal Products
011070,LG이노텍,KOSPI,Technology,Electronic Components
000720,현대건설,KOSPI,Industrials,Engineering & Construction
030200,KT,KOSPI,Communication Services,Telecom Services
047810,한국항공우주,KOSPI,Industrials,Aerospace & Defense
064350,현대로템,KOSPI,Industrials,Railroads
005830,DB손해보험,KOSPI,Financial Services,Insurance - Property & Casualty
003490,대한항공,KOSPI,Industrials,Airlines
443060,HD현대마린솔루션,KOSPI,Industrials,Aerospace & Defense
307950,현대오토에버,KOSPI,Technology,Information Technology Services
071050,한국금융지주,KOSPI,Financial Services,Capital Markets
047050,포스코인터내셔널,KOSPI,Industrials,Conglomerates
005940,NH투자증권,KOSPI,Financial Services,Capital Markets
078930,GS,KOSPI,Industrials,Conglomerates
323410,카카오뱅크,KOSPI,Financial Services,Banks - Regional
000500,가온전선,KOSPI,Technology,Communication Equipment
006260,LS,KOSPI,Industrials,Electrical Equipment & Parts
028050,삼성E&A,KOSPI,Industrials,Engineering & Construction
0126Z0,삼성에피스홀딩스,KOSPI,Healthcare,Biotechnology
003230,삼양식품,KOSPI,Consumer Defensive,Packaged Foods
259960,크래프톤,KOSPI,Communication Services,Electronic Gaming & Multimedia
180640,한진칼,KOSPI,Consumer Cyclical,Lodging
007660,이수페타시스,KOSPI,Technology,Electronic Components
090430,아모레퍼시픽,KOSPI,Consumer Defensive,Household & Personal Products
016360,삼성증권,KOSPI,Financial Services,Capital Markets
009830,한화솔루션,KOSPI,Technology,Solar
047040,대우건설,KOSPI,Industrials,Engineering & Construction
161390,한국타이어앤테크놀로지,KOSPI,Consumer Cyclical,Auto Parts
021240,코웨이,KOSPI,Consumer Cyclical,"Furnishings, Fixtures & Appliances"
353200,대덕전자,KOSPI,Technology,Electronic Components
039490,키움증권,KOSPI,Financial Services,Capital Markets
064400,LG씨엔에스,KOSPI,Technology,Information Technology Services
352820,하이브,KOSPI,Communication Services,Entertainment
000880,한화,KOSPI,Industrials,Conglomerates
128940,한미약품,KOSPI,Healthcare,Drug Manufacturers - Specialty & Generic
062040,산일전기,KOSPI,Industrials,Electrical Equipment & Parts
032640,LG유플러스,KOSPI,Communication Services,Telecom Services
000990,DB하이텍,KOSPI,Technology,Semiconductors
005387,현대차2우B,KOSPI,Consumer Cyclical,Auto Manufacturers
326030,SK바이오팜,KOSPI,Healthcare,Biotechnology
001440,대한전선,KOSPI,Industrials,Electrical Equipment & Parts
267270,HD건설기계,KOSPI,Industrials,Farm & Heavy Construction Machinery
000100,유한양행,KOSPI,Healthcare,Drug Manufacturers - Specialty & Generic
377300,카카오페이,KOSPI,Technology,Software - Infrastructure
175330,JB금융지주,KOSPI,Financial Services,Banks - Regional
241560,두산밥캣,KOSPI,Industrials,Farm & Heavy Construction Machinery
036570,NC,KOSPI,Communication Services,Electronic Gaming & Multimedia
011790,SKC,KOSPI,Basic Materials,Specialty Chemicals
138930,BNK금융지주,KOSPI,Financial Services,Banks - Regional
029780,삼성카드,KOSPI,Financial Services,Credit Services
052690,한전기술,KOSPI,Industrials,Engineering & Construction
088980,맥쿼리인프라,KOSPI,,(분류 없음)
454910,두산로보틱스,KOSPI,Industrials,Specialty Industrial Machinery
088350,한화생명,KOSPI,Financial Services,Insurance - Life
066970,엘앤에프,KOSPI,Industrials,Electrical Equipment & Parts
034220,LG디스플레이,KOSPI,Technology,Consumer Electronics
271560,오리온,KOSPI,Consumer Defensive,Confectioners
010060,OCI홀딩스,KOSPI,Financial Services,Asset Management
082740,한화엔진,KOSPI,Industrials,Specialty Industrial Machinery
051900,LG생활건강,KOSPI,Consumer Defensive,Household & Personal Products
004020,현대제철,KOSPI,Basic Materials,Steel
001450,현대해상,KOSPI,Financial Services,Insurance - Property & Casualty
002380,KCC,KOSPI,Basic Materials,Chemicals
005385,현대차우,KOSPI,Consumer Cyclical,Auto Manufacturers
103590,일진전기,KOSPI,Industrials,Electrical Equipment & Parts
001040,CJ,KOSPI,Industrials,Conglomerates
018880,한온시스템,KOSPI,Consumer Cyclical,Auto Parts
008930,한미사이언스,KOSPI,Healthcare,Medical Distribution
161890,한국콜마,KOSPI,Consumer Defensive,Household & Personal Products
036460,한국가스공사,KOSPI,Utilities,Utilities - Regulated Gas
012750,에스원,KOSPI,Industrials,Security & Protection Services
028670,팬오션,KOSPI,Industrials,Marine Shipping
192820,코스맥스,KOSPI,Consumer Defensive,Household & Personal Products
004170,신세계,KOSPI,Consumer Cyclical,Department Stores
022100,포스코DX,KOSPI,Technology,Information Technology Services
035250,강원랜드,KOSPI,Consumer Cyclical,Resorts & Casinos
111770,영원무역,KOSPI,Consumer Cyclical,Apparel Manufacturing
375500,DL이앤씨,KOSPI,Industrials,Engineering & Construction
031210,서울보증보험,KOSPI,Financial Services,Insurance - Diversified
336260,두산퓨얼셀,KOSPI,Industrials,Electrical Equipment & Parts
139130,iM금융지주,KOSPI,Financial Services,Banks - Regional
251270,넷마블,KOSPI,Communication Services,Electronic Gaming & Multimedia
011780,금호석유화학,KOSPI,Basic Materials,Specialty Chemicals
007340,DN오토모티브,KOSPI,Consumer Cyclical,Auto Parts
302440,SK바이오사이언스,KOSPI,Healthcare,Biotechnology
014680,한솔케미칼,KOSPI,Basic Materials,Chemicals
006360,GS건설,KOSPI,Industrials,Engineering & Construction
023530,롯데쇼핑,KOSPI,Consumer Cyclical,Department Stores
017800,현대엘리베이터,KOSPI,Industrials,Specialty Industrial Machinery
097950,CJ제일제당,KOSPI,Consumer Defensive,Packaged Foods
383220,F&F,KOSPI,Consumer Cyclical,Apparel Manufacturing
085620,미래에셋생명,KOSPI,Financial Services,Insurance - Life
011170,롯데케미칼,KOSPI,Basic Materials,Chemicals
004800,효성,KOSPI,Industrials,Conglomerates
026960,동서,KOSPI,Consumer Defensive,Food Distribution
450080,에코프로머티,KOSPI,Industrials,Electrical Equipment & Parts
489790,한화비전,KOSPI,Industrials,Security & Protection Services
003690,코리안리,KOSPI,Financial Services,Insurance - Reinsurance
009420,한올바이오파마,KOSPI,Healthcare,Drug Manufacturers - Specialty & Generic
004370,농심,KOSPI,Consumer Defensive,Packaged Foods
005850,에스엘,KOSPI,Consumer Cyclical,Auto Parts
000240,한국앤컴퍼니,KOSPI,Consumer Cyclical,Auto Parts
004990,롯데지주,KOSPI,Consumer Defensive,Confectioners
457190,이수스페셜티케미컬,KOSPI,,(분류 없음)
483650,달바글로벌,KOSPI,Consumer Defensive,Household & Personal Products
005440,현대지에프홀딩스,KOSPI,Consumer Defensive,Food Distribution
001720,신영증권,KOSPI,Financial Services,Capital Markets
112610,씨에스윈드,KOSPI,Industrials,Specialty Industrial Machinery
020150,롯데에너지머티리얼즈,KOSPI,Industrials,Electrical Equipment & Parts
018670,SK가스,KOSPI,Energy,Oil & Gas Refining & Marketing
282330,BGF리테일,KOSPI,Consumer Defensive,Grocery Stores
279570,케이뱅크,KOSPI,Financial Services,Banks - Regional
103140,풍산,KOSPI,Industrials,Metal Fabrication
204320,HL만도,KOSPI,Consumer Cyclical,Auto Parts
030000,제일기획,KOSPI,Communication Services,Advertising Agencies
009970,영원무역홀딩스,KOSPI,Consumer Cyclical,Apparel Manufacturing
081660,미스토홀딩스,KOSPI,Consumer Cyclical,Leisure
002790,아모레퍼시픽홀딩스,KOSPI,Consumer Defensive,Household & Personal Products
051600,한전KPS,KOSPI,Industrials,Engineering & Construction
073240,금호타이어,KOSPI,Consumer Cyclical,Auto Parts
139480,이마트,KOSPI,Consumer Defensive,Discount Stores
229640,LS에코에너지,KOSPI,Industrials,Electrical Equipment & Parts
069960,현대백화점,KOSPI,Consumer Cyclical,Department Stores
000155,두산우,KOSPI,Industrials,Conglomerates
089860,롯데렌탈,KOSPI,Industrials,Rental & Leasing Services
007070,GS리테일,KOSPI,Consumer Cyclical,Department Stores
007810,코리아써키트,KOSPI,Technology,Electronic Components
462870,시프트업,KOSPI,Communication Services,Electronic Gaming & Multimedia
181710,NHN,KOSPI,Communication Services,Electronic Gaming & Multimedia
281820,케이씨텍,KOSPI,Technology,Semiconductor Equipment & Materials
439260,대한조선,KOSPI,Industrials,Aerospace & Defense
020560,아시아나항공,KOSPI,Industrials,Airlines
001820,삼화콘덴서,KOSPI,Technology,Electronic Components
093370,후성,KOSPI,Basic Materials,Specialty Chemicals
001430,세아베스틸지주,KOSPI,Basic Materials,Steel
475150,SK이터닉스,KOSPI,Utilities,Utilities - Renewable
023590,다우기술,KOSPI,Technology,Information Technology Services
120110,코오롱인더,KOSPI,Basic Materials,Chemicals
071970,HD현대마린엔진,KOSPI,Industrials,Specialty Industrial Machinery
001120,LX인터내셔널,KOSPI,Industrials,Conglomerates
000120,CJ대한통운,KOSPI,Industrials,Integrated Freight & Logistics
395400,SK리츠,KOSPI,Real Estate,REIT - Office
006040,동원산업,KOSPI,Consumer Defensive,Packaged Foods
008770,호텔신라,KOSPI,Consumer Cyclical,Specialty Retail
009155,삼성전기우,KOSPI,Technology,Electronic Components
006280,녹십자,KOSPI,Healthcare,Drug Manufacturers - Specialty & Generic
294870,IPARK현대산업개발,KOSPI,Industrials,Engineering & Construction
012630,HDC,KOSPI,Industrials,Engineering & Construction
005070,코스모신소재,KOSPI,Basic Materials,Specialty Chemicals
322000,HD현대에너지솔루션,KOSPI,Technology,Solar
011210,현대위아,KOSPI,Consumer Cyclical,Auto Parts
001800,오리온홀딩스,KOSPI,Consumer Defensive,Confectioners
361610,SK아이이테크놀로지,KOSPI,Technology,Electronic Components
097230,HJ중공업,KOSPI,Industrials,Engineering & Construction
00680K,미래에셋증권2우B,KOSPI,Financial Services,Capital Markets
001740,SK네트웍스,KOSPI,Industrials,Conglomerates
069620,대웅제약,KOSPI,Healthcare,Drug Manufacturers - Specialty & Generic
066575,LG전자우,KOSPI,Technology,Consumer Electronics
007310,오뚜기,KOSPI,Consumer Defensive,Packaged Foods
415640,KB발해인프라,KOSPI,Financial Services,Asset Management
192080,더블유게임즈,KOSPI,Communication Services,Electronic Gaming & Multimedia
003540,대신증권,KOSPI,Financial Services,Capital Markets
330590,롯데리츠,KOSPI,Real Estate,REIT - Retail
298020,효성티앤씨,KOSPI,Consumer Cyclical,Textile Manufacturing
300720,한일시멘트,KOSPI,Basic Materials,Building Materials
000815,삼성화재우,KOSPI,Financial Services,Insurance - Property & Casualty
006120,SK디스커버리,KOSPI,Energy,Oil & Gas Refining & Marketing
280360,롯데웰푸드,KOSPI,Consumer Defensive,Confectioners
030610,교보증권,KOSPI,Financial Services,Capital Markets
003160,디아이,KOSPI,Technology,Semiconductor Equipment & Materials
004000,롯데정밀화학,KOSPI,Basic Materials,Chemicals
195870,해성디에스,KOSPI,Technology,Semiconductor Equipment & Materials
017960,한국카본,KOSPI,Basic Materials,Chemicals
000080,하이트진로,KOSPI,Consumer Defensive,Beverages - Wineries & Distilleries
006340,대원전선,KOSPI,Industrials,Electrical Equipment & Parts
000210,DL,KOSPI,Basic Materials,Specialty Chemicals
003570,SNT다이내믹스,KOSPI,Industrials,Aerospace & Defense
003240,태광산업,KOSPI,Basic Materials,Chemicals
003530,한화투자증권,KOSPI,Financial Services,Capital Markets
192400,쿠쿠홀딩스,KOSPI,Consumer Cyclical,"Furnishings, Fixtures & Appliances"
451800,한화리츠,KOSPI,Real Estate,REIT - Office
030190,NICE평가정보,KOSPI,Financial Services,Credit Services
032350,롯데관광개발,KOSPI,Consumer Cyclical,Resorts & Casinos
009240,한샘,KOSPI,Consumer Cyclical,"Furnishings, Fixtures & Appliances"
006110,삼아알미늄,KOSPI,Basic Materials,Aluminum
071320,지역난방공사,KOSPI,Utilities,Utilities - Renewable
077970,STX엔진,KOSPI,Industrials,Specialty Industrial Machinery
003090,대웅,KOSPI,Healthcare,Drug Manufacturers - Specialty & Generic
009450,경동나비엔,KOSPI,Industrials,Specialty Industrial Machinery
185750,종근당,KOSPI,Healthcare,Drug Manufacturers - Specialty & Generic
285130,SK케미칼,KOSPI,Basic Materials,Specialty Chemicals
051915,LG화학우,KOSPI,Basic Materials,Chemicals
005300,롯데칠성,KOSPI,Consumer Defensive,Beverages - Non-Alcoholic
034230,파라다이스,KOSPI,Consumer Cyclical,Resorts & Casinos
000370,한화손해보험,KOSPI,Financial Services,Insurance - Property & Casualty
004490,세방전지,KOSPI,Industrials,Electrical Equipment & Parts
003470,유안타증권,KOSPI,Financial Services,Capital Markets
071055,한국금융지주우,KOSPI,Financial Services,Capital Markets
079160,CJ CGV,KOSPI,Communication Services,Entertainment
499790,GS피앤엘,KOSPI,Industrials,Conglomerates
365550,ESR켄달스퀘어리츠,KOSPI,Real Estate,REIT - Industrial
005690,파미셀,KOSPI,Healthcare,Biotechnology
137310,에스디바이오센서,KOSPI,Healthcare,Medical Devices
005180,빙그레,KOSPI,Consumer Defensive,Packaged Foods
000670,영풍,KOSPI,Technology,Electronic Components
036530,SNT홀딩스,KOSPI,Industrials,Conglomerates
100090,SK오션플랜트,KOSPI,Industrials,Aerospace & Defense
100840,SNT에너지,KOSPI,Industrials,Specialty Industrial Machinery
094800,맵스리얼티,KOSPI,,(분류 없음)
214320,이노션,KOSPI,Communication Services,Advertising Agencies
003850,보령,KOSPI,Healthcare,Drug Manufacturers - Specialty & Generic
298050,HS효성첨단소재,KOSPI,Consumer Cyclical,Textile Manufacturing
064960,SNT모티브,KOSPI,Consumer Cyclical,Auto Parts
248070,솔루엠,KOSPI,Technology,Electronic Components
005090,SGC에너지,KOSPI,Industrials,Engineering & Construction
090460,비에이치,KOSPI,Technology,Electronic Components
093050,LF,KOSPI,Consumer Cyclical,Apparel Manufacturing
293940,신한알파리츠,KOSPI,Real Estate,REIT - Office
002960,한국쉘석유,KOSPI,Energy,Oil & Gas Refining & Marketing
005880,대한해운,KOSPI,Industrials,Marine Shipping
317450,명인제약,KOSPI,Healthcare,Drug Manufacturers - General
456040,OCI,KOSPI,Basic Materials,Specialty Chemicals
000400,롯데손해보험,KOSPI,Financial Services,Insurance - Property & Casualty
069260,TKG휴켐스,KOSPI,Basic Materials,Chemicals
268280,미원에스씨,KOSPI,Basic Materials,Chemicals
000640,동아쏘시오홀딩스,KOSPI,Healthcare,Drug Manufacturers - Specialty & Generic
001570,금양,KOSPI,Basic Materials,Specialty Chemicals
001060,JW중외제약,KOSPI,Healthcare,Drug Manufacturers - Specialty & Generic
004710,한솔테크닉스,KOSPI,Technology,Electronic Components
108320,LX세미콘,KOSPI,Technology,Semiconductors
001680,대상,KOSPI,Consumer Defensive,Packaged Foods
383800,LX홀딩스,KOSPI,Financial Services,Financial Conglomerates
014820,동원시스템즈,KOSPI,Consumer Cyclical,Packaging & Containers
453340,현대그린푸드,KOSPI,Industrials,Specialty Business Services
017940,E1,KOSPI,Energy,Oil & Gas Refining & Marketing
002840,미원상사,KOSPI,Basic Materials,Chemicals
192650,드림텍,KOSPI,Technology,Electronic Components
079900,전진건설로봇,KOSPI,Industrials,Farm & Heavy Construction Machinery
033240,자화전자,KOSPI,Technology,Electronic Components
006650,대한유화,KOSPI,Basic Materials,Chemicals
178920,PI첨단소재,KOSPI,Basic Materials,Specialty Chemicals
00088K,한화3우B,KOSPI,Industrials,Conglomerates
025540,한국단자,KOSPI,Industrials,Electrical Equipment & Parts
016380,KG스틸,KOSPI,Basic Materials,Steel
075580,세진중공업,KOSPI,Industrials,Marine Shipping
336370,솔루스첨단소재,KOSPI,Technology,Electronic Components
284740,쿠쿠홈시스,KOSPI,Industrials,Rental & Leasing Services
002350,넥센타이어,KOSPI,Consumer Cyclical,Auto Parts
017900,광전자,KOSPI,Technology,Semiconductors
00104K,CJ4우(전환),KOSPI,Industrials,Conglomerates
003300,한일홀딩스,KOSPI,Basic Materials,Building Materials
114090,GKL,KOSPI,Consumer Cyclical,Resorts & Casinos
005810,풍산홀딩스,KOSPI,Basic Materials,Copper
001530,DI동일,KOSPI,Consumer Cyclical,Textile Manufacturing
058650,세아홀딩스,KOSPI,Basic Materials,Steel
001510,SK증권,KOSPI,Financial Services,Capital Markets
007700,F&F홀딩스,KOSPI,Consumer Cyclical,Apparel Manufacturing
001270,부국증권,KOSPI,Financial Services,Capital Markets
009410,태영건설,KOSPI,Industrials,Engineering & Construction
452260,한화갤러리아,KOSPI,Consumer Cyclical,Department Stores
003620,KG모빌리티,KOSPI,Consumer Cyclical,Auto Manufacturers
029460,케이씨,KOSPI,Technology,Semiconductor Equipment & Materials
460860,동국제강,KOSPI,Basic Materials,Steel
161000,애경케미칼,KOSPI,Basic Materials,Specialty Chemicals
003545,대신증권우,KOSPI,Financial Services,Capital Markets
019170,신풍제약,KOSPI,Healthcare,Drug Manufacturers - Specialty & Generic
008060,대덕,KOSPI,Technology,Electronic Components
001500,현대차증권,KOSPI,Financial Services,Capital Markets
484870,엠앤씨솔루션,KOSPI,Industrials,Aerospace & Defense
0220W0,한화머시너리앤서비스홀딩스,KOSPI,,
377740,바이오노트,KOSPI,Healthcare,Medical Devices
145990,삼양사,KOSPI,Consumer Defensive,Packaged Foods
002240,고려제강,KOSPI,Basic Materials,Steel
039130,하나투어,KOSPI,Consumer Cyclical,Travel Services
004690,삼천리,KOSPI,Utilities,Utilities - Regulated Gas
249420,일동제약,KOSPI,Healthcare,Drug Manufacturers - Specialty & Generic
005250,녹십자홀딩스,KOSPI,Healthcare,Biotechnology
003030,세아제강지주,KOSPI,Basic Materials,Steel
020000,한섬,KOSPI,Consumer Cyclical,Apparel Manufacturing
448730,삼성FN리츠,KOSPI,Real Estate,REIT - Office
002990,금호건설,KOSPI,Industrials,Engineering & Construction
000070,삼양홀딩스,KOSPI,Industrials,Conglomerates
009900,명신산업,KOSPI,Consumer Cyclical,Auto Parts
010780,아이에스동서,KOSPI,Industrials,Engineering & Construction
016610,DB증권,KOSPI,Financial Services,Capital Markets
003280,흥아해운,KOSPI,Industrials,Marine Shipping
004700,조광피혁,KOSPI,Consumer Cyclical,Auto Parts
090435,아모레퍼시픽우,KOSPI,Consumer Defensive,Household & Personal Products
034310,NICE,KOSPI,Financial Services,Financial Data & Stock Exchanges
306200,세아제강,KOSPI,Basic Materials,Steel
005945,NH투자증권우,KOSPI,Financial Services,Capital Markets
002030,아세아,KOSPI,Basic Materials,Building Materials
072710,농심홀딩스,KOSPI,Consumer Defensive,Packaged Foods
403550,쏘카,KOSPI,Technology,Software - Application
003000,부광약품,KOSPI,Healthcare,Drug Manufacturers - Specialty & Generic
271940,일진하이솔루스,KOSPI,Consumer Cyclical,Auto Parts
014830,유니드,KOSPI,Basic Materials,Chemicals
005389,현대차3우B,KOSPI,Consumer Cyclical,Auto Manufacturers
130660,한전산업,KOSPI,Utilities,Utilities - Regulated Electric
012030,DB,KOSPI,Technology,Information Technology Services
357120,코람코라이프인프라리츠,KOSPI,Real Estate,REIT - Diversified
005420,코스모화학,KOSPI,Basic Materials,Specialty Chemicals
002810,삼영무역,KOSPI,Industrials,Industrial Distribution
001200,유진투자증권,KOSPI,Financial Services,Capital Markets
015360,INVENI,KOSPI,Utilities,Utilities - Regulated Gas
011930,신성이엔지,KOSPI,Industrials,Building Products & Equipment
003350,한국화장품제조,KOSPI,Consumer Defensive,Household & Personal Products
344820,KCC글라스,KOSPI,Industrials,Building Products & Equipment
317400,자이에스앤디,KOSPI,Real Estate,Real Estate - Diversified
092230,KPX홀딩스,KOSPI,Industrials,Conglomerates
126560,현대퓨처넷,KOSPI,Industrials,Conglomerates
031430,신세계인터내셔날,KOSPI,Consumer Cyclical,Apparel Manufacturing
016590,신대양제지,KOSPI,Basic Materials,Paper & Paper Products
029530,신도리코,KOSPI,Industrials,Business Equipment & Supplies
089590,제주항공,KOSPI,Industrials,Airlines
194370,제이에스코퍼레이션,KOSPI,Consumer Cyclical,Footwear & Accessories
950210,프레스티지바이오파마,KOSPI,Healthcare,Biotechnology
006220,제주은행,KOSPI,Financial Services,Banks - Regional
183190,아세아시멘트,KOSPI,Basic Materials,Building Materials
002710,TCC스틸,KOSPI,Basic Materials,Steel
001940,KISCO홀딩스,KOSPI,Basic Materials,Steel
0120G0,삼양바이오팜,KOSPI,Healthcare,Medical Devices
008730,율촌화학,KOSPI,Consumer Cyclical,Packaging & Containers
027410,BGF,KOSPI,Basic Materials,Specialty Chemicals
015860,일진홀딩스,KOSPI,Industrials,Electrical Equipment & Parts
005610,삼립,KOSPI,Consumer Defensive,Packaged Foods
092790,넥스틸,KOSPI,Industrials,Metal Fabrication
007690,국도화학,KOSPI,Basic Materials,Specialty Chemicals
104700,한국철강,KOSPI,Basic Materials,Steel
105630,한세실업,KOSPI,Consumer Cyclical,Apparel Manufacturing
170900,동아에스티,KOSPI,Healthcare,Drug Manufacturers - Specialty & Generic
060980,HL홀딩스,KOSPI,Consumer Cyclical,Auto Parts
217590,티엠씨,KOSPI,Industrials,Electrical Equipment & Parts
006405,삼성SDI우,KOSPI,Industrials,Electrical Equipment & Parts
097520,엠씨넥스,KOSPI,Technology,Electronic Components
010955,S-Oil우,KOSPI,Energy,Oil & Gas Refining & Marketing
017810,풀무원,KOSPI,Consumer Defensive,Packaged Foods
000157,두산2우B,KOSPI,Industrials,Conglomerates
084010,대한제강,KOSPI,Basic Materials,Steel
02826K,삼성물산우B,KOSPI,Industrials,Engineering & Construction
011760,현대코퍼레이션,KOSPI,Industrials,Industrial Distribution
009290,광동제약,KOSPI,Consumer Defensive,Packaged Foods
009160,SIMPAC,KOSPI,Industrials,Specialty Industrial Machinery
024720,콜마홀딩스,KOSPI,Consumer Defensive,Household & Personal Products
096760,JW홀딩스,KOSPI,Healthcare,Drug Manufacturers - Specialty & Generic
145720,덴티움,KOSPI,Healthcare,Medical Instruments & Supplies
001230,동국홀딩스,KOSPI,Basic Materials,Steel
010820,퍼스텍,KOSPI,Industrials,Aerospace & Defense
005720,넥센,KOSPI,Consumer Cyclical,Auto Parts
020120,키다리스튜디오,KOSPI,Communication Services,Internet Content & Information
002310,아세아제지,KOSPI,Basic Materials,Paper & Paper Products
272450,진에어,KOSPI,Industrials,Airlines
381970,KG모빌리티플랫폼,KOSPI,Consumer Cyclical,Auto & Truck Dealerships
002020,코오롱,KOSPI,Industrials,Conglomerates
026890,스틱인베스트먼트,KOSPI,Financial Services,Asset Management
126720,수산인더스트리,KOSPI,Industrials,Specialty Industrial Machinery
025860,남해화학,KOSPI,Basic Materials,Agricultural Inputs
005430,한국공항,KOSPI,Industrials,Airports & Air Services
200880,서연이화,KOSPI,Consumer Cyclical,Auto Parts
003120,일성아이에스,KOSPI,Healthcare,Drug Manufacturers - Specialty & Generic
018250,애경산업,KOSPI,Consumer Defensive,Household & Personal Products
123890,한국자산신탁,KOSPI,Real Estate,REIT - Diversified
108670,LX하우시스,KOSPI,Industrials,Building Products & Equipment
005950,이수화학,KOSPI,Basic Materials,Chemicals
001750,한양증권,KOSPI,Financial Services,Capital Markets
084690,대상홀딩스,KOSPI,Consumer Defensive,Packaged Foods
034830,한국토지신탁,KOSPI,Real Estate,REIT - Diversified
033270,유나이티드제약,KOSPI,Healthcare,Drug Manufacturers - Specialty & Generic
078520,에이블씨엔씨,KOSPI,Consumer Defensive,Household & Personal Products
016800,퍼시스,KOSPI,Consumer Cyclical,"Furnishings, Fixtures & Appliances"
001390,KG케미칼,KOSPI,Industrials,Conglomerates
000430,대원강업,KOSPI,Consumer Cyclical,Auto Parts
244920,에이플러스에셋,KOSPI,Financial Services,Insurance - Diversified
105840,우진,KOSPI,Technology,Scientific & Technical Instruments
058430,포스코스틸리온,KOSPI,Industrials,Metal Fabrication
122900,아이마켓코리아,KOSPI,Industrials,Specialty Business Services
044450,KSS해운,KOSPI,Industrials,Marine Shipping
004310,현대약품,KOSPI,Healthcare,Drug Manufacturers - Specialty & Generic
017390,서울가스,KOSPI,Utilities,Utilities - Regulated Gas
091810,트리니티항공,KOSPI,Industrials,Airlines
004430,송원산업,KOSPI,Basic Materials,Specialty Chemicals
002900,TYM,KOSPI,Industrials,Farm & Heavy Construction Machinery
010690,화신,KOSPI,Consumer Cyclical,Auto Parts
286940,롯데이노베이트,KOSPI,Technology,Information Technology Services
037710,광주신세계,KOSPI,Consumer Cyclical,Department Stores
010580,에스엠벡셀,KOSPI,Consumer Cyclical,Auto Parts
005500,삼진제약,KOSPI,Healthcare,Drug Manufacturers - Specialty & Generic
004360,세방,KOSPI,Industrials,Integrated Freight & Logistics
334890,이지스밸류플러스리츠,KOSPI,Real Estate,REIT - Office
005680,삼영전자,KOSPI,Technology,Electronic Components
003960,사조대림,KOSPI,Consumer Defensive,Packaged Foods
298690,에어부산,KOSPI,Industrials,Airlines
432320,KB스타리츠,KOSPI,Real Estate,REIT - Office
044820,코스맥스비티아이,KOSPI,Consumer Defensive,Packaged Foods
003200,일신방직,KOSPI,Consumer Cyclical,Textile Manufacturing
404990,신한서부티엔디리츠,KOSPI,Real Estate,REIT - Diversified
001790,대한제당,KOSPI,Consumer Defensive,Confectioners
136490,선진,KOSPI,Consumer Defensive,Farm Products
003920,남양유업,KOSPI,Consumer Defensive,Packaged Foods
002320,한진,KOSPI,Industrials,Integrated Freight & Logistics
001250,GS글로벌,KOSPI,Industrials,Industrial Distribution
053690,한미글로벌,KOSPI,Industrials,Engineering & Construction
030210,다올투자증권,KOSPI,Financial Services,Capital Markets
007160,사조산업,KOSPI,Consumer Defensive,Packaged Foods
025000,KPX케미칼,KOSPI,Basic Materials,Chemicals
348950,제이알글로벌리츠,KOSPI,Real Estate,REIT - Diversified
226320,잇츠한불,KOSPI,Consumer Defensive,Household & Personal Products
003070,코오롱글로벌,KOSPI,Industrials,Engineering & Construction
900140,엘브이엠씨홀딩스,KOSPI,Consumer Cyclical,Auto Manufacturers
000680,LS네트웍스,KOSPI,Consumer Cyclical,Specialty Retail
008490,서흥,KOSPI,Healthcare,Drug Manufacturers - Specialty & Generic
077500,유니퀘스트,KOSPI,Technology,Electronics & Computer Distribution
001340,PKC,KOSPI,Basic Materials,Specialty Chemicals
025560,미래산업,KOSPI,Technology,Semiconductor Equipment & Materials
0030R0,대신밸류리츠,KOSPI,Real Estate,REIT - Diversified
001470,삼부토건,KOSPI,Industrials,Engineering & Construction
011500,한농화성,KOSPI,Basic Materials,Chemicals
005010,휴스틸,KOSPI,Basic Materials,Steel
001460,BYC,KOSPI,Consumer Cyclical,Apparel Manufacturing
134380,미원화학,KOSPI,Basic Materials,Chemicals
028100,동아지질,KOSPI,Industrials,Engineering & Construction
092200,디아이씨,KOSPI,Consumer Cyclical,Auto Parts
009680,모토닉,KOSPI,Consumer Cyclical,Auto Parts
000490,대동,KOSPI,Industrials,Farm & Heavy Construction Machinery
017860,DS단석,KOSPI,Basic Materials,Specialty Chemicals
003650,미창석유,KOSPI,Energy,Oil & Gas Refining & Marketing
000050,경방,KOSPI,Consumer Cyclical,Textile Manufacturing
034120,SBS,KOSPI,Communication Services,Entertainment
003720,삼영,KOSPI,Consumer Cyclical,Packaging & Containers
000540,흥국화재,KOSPI,Financial Services,Insurance - Property & Casualty
035510,신세계 I&C,KOSPI,Technology,Information Technology Services
475560,더본코리아,KOSPI,Consumer Cyclical,Restaurants
033920,무학,KOSPI,Consumer Defensive,Beverages - Wineries & Distilleries
03473K,SK우,KOSPI,Industrials,Conglomerates
035150,백산,KOSPI,Consumer Cyclical,Footwear & Accessories
000320,노루홀딩스,KOSPI,Basic Materials,Specialty Chemicals
000650,천일고속,KOSPI,Industrials,Railroads
003555,LG우,KOSPI,Technology,Consumer Electronics
088260,이리츠코크렙,KOSPI,Real Estate,REIT - Diversified
298000,효성화학,KOSPI,Basic Materials,Chemicals
004980,성신양회,KOSPI,Basic Materials,Building Materials
000480,CR홀딩스,KOSPI,Basic Materials,Building Materials
100250,진양홀딩스,KOSPI,Basic Materials,Specialty Chemicals
051905,LG생활건강우,KOSPI,Consumer Defensive,Household & Personal Products
037270,YG PLUS,KOSPI,Communication Services,Advertising Agencies
013580,계룡건설,KOSPI,Industrials,Engineering & Construction
117580,대성에너지,KOSPI,Utilities,Utilities - Regulated Gas
339770,교촌에프앤비,KOSPI,Consumer Cyclical,Restaurants
039570,HDC랩스,KOSPI,Technology,Electronic Components
003520,영진약품,KOSPI,Healthcare,Drug Manufacturers - Specialty & Generic
095570,AJ네트웍스,KOSPI,Industrials,Rental & Leasing Services
053210,스카이라이프,KOSPI,Communication Services,Broadcasting
000390,SP삼화,KOSPI,Basic Materials,Specialty Chemicals
102260,동성케미컬,KOSPI,Basic Materials,Chemicals
005960,동부건설,KOSPI,Industrials,Engineering & Construction
002420,우양피앤엘,KOSPI,Communication Services,Entertainment
487570,HS효성,KOSPI,Industrials,Conglomerates
102460,이연제약,KOSPI,Healthcare,Drug Manufacturers - Specialty & Generic
001630,종근당홀딩스,KOSPI,Healthcare,Drug Manufacturers - Specialty & Generic
016580,환인제약,KOSPI,Healthcare,Drug Manufacturers - Specialty & Generic
004560,현대비앤지스틸,KOSPI,Basic Materials,Steel
001130,대한제분,KOSPI,Consumer Defensive,Packaged Foods
128820,대성산업,KOSPI,Energy,Oil & Gas Refining & Marketing
003547,대신증권2우B,KOSPI,Financial Services,Capital Markets
033530,SJG세종,KOSPI,Consumer Cyclical,Auto Parts
000140,하이트진로홀딩스,KOSPI,Consumer Defensive,Beverages - Brewers
007860,서연,KOSPI,Consumer Cyclical,Auto Parts
009470,삼화전기,KOSPI,Technology,Electronic Components
000520,삼일제약,KOSPI,Healthcare,Drug Manufacturers - Specialty & Generic
002100,경농,KOSPI,Basic Materials,Agricultural Inputs
003610,방림,KOSPI,Consumer Cyclical,Textile Manufacturing
377190,디앤디플랫폼리츠,KOSPI,Real Estate,REIT - Diversified
015230,대창단조,KOSPI,Consumer Cyclical,Auto Parts
003220,대원제약,KOSPI,Healthcare,Drug Manufacturers - Specialty & Generic
000700,유수홀딩스,KOSPI,Industrials,Marine Shipping
000300,DH오토넥스,KOSPI,,(분류 없음)
234080,JW생명과학,KOSPI,Healthcare,Drug Manufacturers - Specialty & Generic
213500,한솔제지,KOSPI,Basic Materials,Paper & Paper Products
016450,한세예스24홀딩스,KOSPI,Consumer Cyclical,Textile Manufacturing
014710,사조씨푸드,KOSPI,Consumer Defensive,Packaged Foods
003460,유화증권,KOSPI,Financial Services,Capital Markets
002150,도화엔지니어링,KOSPI,Industrials,Engineering & Construction
101530,해태제과식품,KOSPI,Consumer Defensive,Packaged Foods
241590,화승엔터프라이즈,KOSPI,Consumer Cyclical,Footwear & Accessories
460850,동국씨엠,KOSPI,Basic Materials,Steel
090350,노루페인트,KOSPI,Basic Materials,Specialty Chemicals
004380,삼익THK,KOSPI,Technology,Semiconductor Equipment & Materials
000860,강남제비스코,KOSPI,Basic Materials,Specialty Chemicals
002170,SYTS,KOSPI,Consumer Cyclical,Footwear & Accessories
007570,일양약품,KOSPI,Healthcare,Drug Manufacturers - Specialty & Generic
400760,NH올원리츠,KOSPI,Real Estate,REIT - Diversified
001780,알루코,KOSPI,Basic Materials,Aluminum
00279K,아모레퍼시픽홀딩스3우C,KOSPI,Consumer Defensive,Household & Personal Products
006805,미래에셋증권우,KOSPI,Financial Services,Capital Markets
013890,지누스,KOSPI,Consumer Cyclical,"Furnishings, Fixtures & Appliances"
462520,조선내화,KOSPI,Basic Materials,Building Materials
000970,한국주철관,KOSPI,Basic Materials,Steel
001045,CJ우,KOSPI,Industrials,Conglomerates
011785,금호석유화학우,KOSPI,Basic Materials,Specialty Chemicals
004090,한국석유,KOSPI,Basic Materials,Building Materials
272550,삼양패키징,KOSPI,Consumer Cyclical,Packaging & Containers
271980,제일약품,KOSPI,Healthcare,Drug Manufacturers - Specialty & Generic
008970,KBI동양철관,KOSPI,Basic Materials,Steel
293480,하나제약,KOSPI,Healthcare,Drug Manufacturers - Specialty & Generic
004150,한솔홀딩스,KOSPI,Basic Materials,Paper & Paper Products
003830,대한화섬,KOSPI,Consumer Cyclical,Textile Manufacturing
097955,CJ제일제당 우,KOSPI,Consumer Defensive,Packaged Foods
004970,신라교역,KOSPI,Consumer Defensive,Packaged Foods
016880,웅진,KOSPI,Industrials,Conglomerates
000020,동화약품,KOSPI,Healthcare,Drug Manufacturers - Specialty & Generic
107590,미원홀딩스,KOSPI,Basic Materials,Specialty Chemicals
025820,이구산업,KOSPI,Industrials,Metal Fabrication
071840,롯데하이마트,KOSPI,Consumer Cyclical,Specialty Retail
003480,한진중공업홀딩스,KOSPI,Industrials,Engineering & Construction
015890,태경산업,KOSPI,Basic Materials,Chemicals
008350,남선알미늄,KOSPI,Industrials,Metal Fabrication
094280,효성ITX,KOSPI,Technology,Information Technology Services
012610,경인양행,KOSPI,Basic Materials,Chemicals
014280,금강공업,KOSPI,Basic Materials,Steel
001080,만호제강,KOSPI,Basic Materials,Steel
004080,신흥,KOSPI,Healthcare,Medical Devices
001360,삼성제약,KOSPI,Healthcare,Drug Manufacturers - Specialty & Generic
011690,와이투솔루션,KOSPI,Technology,Electronic Components
081000,일진다이아,KOSPI,Industrials,Tools & Accessories
018470,조일알미늄,KOSPI,Basic Materials,Aluminum
214390,경보제약,KOSPI,Healthcare,Drug Manufacturers - Specialty & Generic
024090,디씨엠,KOSPI,Basic Materials,Steel
015590,DKME,KOSPI,Industrials,Specialty Industrial Machinery
003010,혜인,KOSPI,Industrials,Industrial Distribution
078000,텔코웨어,KOSPI,Communication Services,Telecom Services
004960,한신공영,KOSPI,Industrials,Engineering & Construction
013520,화승코퍼레이션,KOSPI,Consumer Cyclical,Auto Parts
092220,KEC,KOSPI,Technology,Semiconductor Equipment & Materials
009270,신원,KOSPI,Consumer Cyclical,Apparel Manufacturing
267290,경동도시가스,KOSPI,Utilities,Utilities - Regulated Gas
002210,동성제약,KOSPI,Healthcare,Drug Manufacturers - Specialty & Generic
210540,디와이파워,KOSPI,Industrials,Farm & Heavy Construction Machinery
006060,화승인더,KOSPI,Consumer Cyclical,Footwear & Accessories
005800,신영와코루,KOSPI,Consumer Cyclical,Apparel Manufacturing
350520,이지스레지던스리츠,KOSPI,Real Estate,REIT - Residential
009070,KCTC,KOSPI,Industrials,Integrated Freight & Logistics
214420,토니모리,KOSPI,Consumer Defensive,Household & Personal Products
001520,동양,KOSPI,Basic Materials,Building Materials
089470,HDC현대EP,KOSPI,Consumer Cyclical,Auto Parts
002620,제일파마홀딩스,KOSPI,Healthcare,Drug Manufacturers - Specialty & Generic
037560,LG헬로비전,KOSPI,Communication Services,Broadcasting
001210,금호전기,KOSPI,Industrials,Electrical Equipment & Parts
002390,한독,KOSPI,Healthcare,Drug Manufacturers - Specialty & Generic
014530,극동유화,KOSPI,Basic Materials,Specialty Chemicals
004100,태양금속,KOSPI,Consumer Cyclical,Auto Parts
017550,수산세보틱스,KOSPI,Industrials,Farm & Heavy Construction Machinery
034590,인천도시가스,KOSPI,Utilities,Utilities - Regulated Gas
227840,현대코퍼레이션홀딩스,KOSPI,Consumer Defensive,Food Distribution
016740,두올,KOSPI,Consumer Cyclical,Auto Parts
079430,현대리바트,KOSPI,Consumer Cyclical,"Furnishings, Fixtures & Appliances"
023450,동남합성,KOSPI,Basic Materials,Chemicals
083420,그린케미칼,KOSPI,Basic Materials,Specialty Chemicals
002460,HS화성,KOSPI,Industrials,Engineering & Construction
012200,계양전기,KOSPI,Industrials,Tools & Accessories
016710,대성홀딩스,KOSPI,Utilities,Utilities - Regulated Gas
011810,STX,KOSPI,Industrials,Specialty Industrial Machinery
013570,디와이,KOSPI,Consumer Cyclical,Auto Parts
008040,사조동아원,KOSPI,Consumer Defensive,Packaged Foods
012800,대창,KOSPI,Industrials,Metal Fabrication
009580,무림P&P,KOSPI,Basic Materials,Paper & Paper Products
021820,세원정공,KOSPI,Consumer Cyclical,Auto Parts
004250,NPC,KOSPI,Consumer Cyclical,Packaging & Containers
010100,한국무브넥스,KOSPI,Consumer Cyclical,Auto Parts
006660,삼성공조,KOSPI,Consumer Cyclical,Auto Parts
078935,GS우,KOSPI,Industrials,Conglomerates
123690,한국화장품,KOSPI,Consumer Defensive,Household & Personal Products
120030,조선선재,KOSPI,Industrials,Tools & Accessories
014580,태경비케이,KOSPI,Basic Materials,Building Materials
267850,아시아나IDT,KOSPI,Technology,Information Technology Services
012320,경동인베스트,KOSPI,Utilities,Utilities - Regulated Gas
37550L,DL이앤씨2우(전환),KOSPI,Industrials,Engineering & Construction
027970,한국제지,KOSPI,Basic Materials,Paper & Paper Products
119650,KC코트렐,KOSPI,Industrials,Pollution & Treatment Controls
248170,샘표식품,KOSPI,Consumer Defensive,Packaged Foods
011280,태림포장,KOSPI,Consumer Cyclical,Packaging & Containers
035000,HS애드,KOSPI,Communication Services,Advertising Agencies
002450,삼익악기,KOSPI,Technology,Electronic Components
070960,모나용평,KOSPI,Consumer Cyclical,Resorts & Casinos
417310,코람코더원리츠,KOSPI,Real Estate,REIT - Diversified
008700,아남전자,KOSPI,Technology,Consumer Electronics
264900,크라운제과,KOSPI,Consumer Defensive,Confectioners
363280,티와이홀딩스,KOSPI,Communication Services,Broadcasting
008260,NI스틸,KOSPI,Basic Materials,Steel
014790,HL D&I,KOSPI,Industrials,Engineering & Construction
032560,황금에스티,KOSPI,Basic Materials,Steel
002780,진흥기업,KOSPI,Industrials,Engineering & Construction
003580,HLB글로벌,KOSPI,Industrials,Conglomerates
013700,까뮤이앤씨,KOSPI,Industrials,Engineering & Construction
014440,영보화학,KOSPI,Basic Materials,Chemicals
007540,샘표,KOSPI,Consumer Defensive,Packaged Foods
007210,벽산,KOSPI,Industrials,Building Products & Equipment
067830,세이브존I&C,KOSPI,Consumer Cyclical,Department Stores
002200,한국수출포장,KOSPI,Consumer Cyclical,Packaging & Containers
058850,KTcs,KOSPI,Industrials,Specialty Business Services
001275,부국증권우,KOSPI,Financial Services,Capital Markets
019180,티에이치엔,KOSPI,Consumer Cyclical,Auto Parts
058860,KTis,KOSPI,Communication Services,Telecom Services
139990,아주스틸,KOSPI,Basic Materials,Steel
036580,팜스코,KOSPI,Consumer Defensive,Packaged Foods
006840,AK홀딩스,KOSPI,Basic Materials,Chemicals
001290,상상인증권,KOSPI,Financial Services,Capital Markets
025620,차AI헬스케어,KOSPI,Consumer Defensive,Household & Personal Products
023000,삼원강재,KOSPI,Consumer Cyclical,Auto Parts
096775,SK이노베이션우,KOSPI,Energy,Oil & Gas Refining & Marketing
004140,동방,KOSPI,Industrials,Integrated Freight & Logistics
002600,조흥,KOSPI,Consumer Defensive,Packaged Foods
004890,동일산업,KOSPI,Basic Materials,Steel
006090,사조오양,KOSPI,Consumer Defensive,Packaged Foods
007980,TP,KOSPI,Consumer Cyclical,Apparel Manufacturing
33626K,두산퓨얼셀1우,KOSPI,Industrials,Electrical Equipment & Parts
000850,화천기공,KOSPI,Industrials,Specialty Industrial Machinery
011700,한신기계,KOSPI,Industrials,Specialty Industrial Machinery
000590,CS홀딩스,KOSPI,Industrials,Tools & Accessories
023800,인지컨트롤스,KOSPI,Consumer Cyclical,Auto Parts
001260,남광토건,KOSPI,Industrials,Engineering & Construction
069730,DSR제강,KOSPI,Industrials,Electrical Equipment & Parts
111380,동인기연,KOSPI,Consumer Cyclical,Leisure
009180,한솔로지스틱스,KOSPI,Industrials,Integrated Freight & Logistics
007610,선도전기,KOSPI,Technology,Electronic Components
109070,주성코퍼레이션,KOSPI,Technology,Communication Equipment
005740,크라운해태홀딩스,KOSPI,Consumer Defensive,Confectioners
163560,동일고무벨트,KOSPI,Consumer Cyclical,Auto Parts
004840,DRB동일,KOSPI,Consumer Cyclical,Auto Parts
007590,동방아그로,KOSPI,Basic Materials,Agricultural Inputs
055490,테이팩스,KOSPI,Basic Materials,Specialty Chemicals
084680,이월드,KOSPI,Consumer Cyclical,Leisure
000105,유한양행우,KOSPI,Healthcare,Drug Manufacturers - Specialty & Generic
002220,한일철강,KOSPI,Basic Materials,Steel
013360,일성건설,KOSPI,Industrials,Engineering & Construction
010960,삼호개발,KOSPI,Industrials,Engineering & Construction
013870,지엠비코리아,KOSPI,Consumer Cyclical,Auto Parts
214330,금호에이치티,KOSPI,Consumer Cyclical,Auto Parts
338100,NH프라임리츠,KOSPI,Real Estate,REIT - Diversified
024900,디와이덕양,KOSPI,Consumer Cyclical,Auto Parts
002795,아모레퍼시픽홀딩스우,KOSPI,Consumer Defensive,Household & Personal Products
071090,하이스틸,KOSPI,Basic Materials,Steel
014160,대영포장,KOSPI,Consumer Cyclical,Packaging & Containers
004770,써니전자,KOSPI,Technology,Electronic Components
001020,페이퍼코리아,KOSPI,Basic Materials,Paper & Paper Products
063160,종근당바이오,KOSPI,Healthcare,Drug Manufacturers - Specialty & Generic
005750,대림바스,KOSPI,Industrials,Building Products & Equipment
120115,코오롱인더우,KOSPI,Basic Materials,Chemicals
000230,일동홀딩스,KOSPI,Healthcare,Drug Manufacturers - Specialty & Generic
001560,제일연마,KOSPI,Industrials,Tools & Accessories
004440,삼일씨엔에스,KOSPI,Basic Materials,Building Materials
002720,국제약품,KOSPI,Healthcare,Drug Manufacturers - Specialty & Generic
009770,삼정펄프,KOSPI,Basic Materials,Paper & Paper Products
010040,한국내화,KOSPI,Industrials,Specialty Industrial Machinery
155660,DSR,KOSPI,Consumer Cyclical,Textile Manufacturing
031820,아이티센씨티에스,KOSPI,Technology,Communication Equipment
002700,신일전자,KOSPI,Consumer Cyclical,"Furnishings, Fixtures & Appliances"
011150,CJ씨푸드,KOSPI,Consumer Defensive,Packaged Foods
095720,웅진씽크빅,KOSPI,Communication Services,Publishing
010660,화천기계,KOSPI,Industrials,Specialty Industrial Machinery
000180,성창기업지주,KOSPI,Basic Materials,Lumber & Wood Production
084670,동양고속,KOSPI,Industrials,Railroads
079980,휴비스,KOSPI,Consumer Cyclical,Textile Manufacturing
085310,엔케이,KOSPI,Industrials,Specialty Industrial Machinery
004720,팜젠사이언스,KOSPI,Healthcare,Drug Manufacturers - General
007280,한국특강,KOSPI,Basic Materials,Steel
019680,대교,KOSPI,Consumer Defensive,Education & Training Services
100220,비상교육,KOSPI,Communication Services,Publishing
210980,SK디앤디,KOSPI,Real Estate,Real Estate - Diversified
017370,우신시스템,KOSPI,Consumer Cyclical,Auto Parts
058730,다스코,KOSPI,Basic Materials,Steel
018500,동원모빌리티,KOSPI,Consumer Cyclical,Auto Parts
005870,휴니드,KOSPI,Technology,Communication Equipment
009200,무림페이퍼,KOSPI,Basic Materials,Paper & Paper Products
480370,씨케이솔루션,KOSPI,,(분류 없음)
016090,대현,KOSPI,Consumer Cyclical,Apparel Manufacturing
072130,유엔젤,KOSPI,Communication Services,Telecom Services
068290,삼성출판사,KOSPI,Communication Services,Publishing
004450,삼화왕관,KOSPI,Consumer Cyclical,Packaging & Containers
002760,보락,KOSPI,Basic Materials,Specialty Chemicals
007815,코리아써우,KOSPI,Technology,Electronic Components
372910,한컴라이프케어,KOSPI,Technology,Software - Application
000220,유유제약,KOSPI,Healthcare,Drug Manufacturers - Specialty & Generic
014990,인디에프,KOSPI,Consumer Cyclical,Apparel Manufacturing
111110,호전실업,KOSPI,Consumer Cyclical,Textile Manufacturing
003925,남양유업우,KOSPI,Consumer Defensive,Packaged Foods
129260,인터지스,KOSPI,Industrials,Integrated Freight & Logistics
090080,평화산업,KOSPI,Consumer Cyclical,Auto Parts
37550K,DL이앤씨우,KOSPI,Industrials,Engineering & Construction
001465,BYC우,KOSPI,Consumer Cyclical,Apparel Manufacturing
000725,현대건설우,KOSPI,Industrials,Engineering & Construction
006890,태경케미컬,KOSPI,Utilities,Utilities - Regulated Gas
020760,일진디스플,KOSPI,Technology,Electronic Components
075180,새론오토모티브,KOSPI,Consumer Cyclical,Auto Parts
0220WL,한화머시너리앤서비스홀딩스3우B,KOSPI,,
35320K,대덕전자1우,KOSPI,Technology,Electronic Components
025530,SJM홀딩스,KOSPI,Consumer Cyclical,Auto Parts
28513K,SK케미칼우,KOSPI,Basic Materials,Specialty Chemicals
092440,기신정기,KOSPI,Industrials,Metal Fabrication
396690,미래에셋글로벌리츠,KOSPI,Real Estate,REIT - Diversified
003475,유안타증권우,KOSPI,Financial Services,Capital Markets
002410,범양건영,KOSPI,Industrials,Engineering & Construction
003780,진양산업,KOSPI,Consumer Cyclical,Auto Parts
001550,조비,KOSPI,Basic Materials,Agricultural Inputs
378850,화승알앤에이,KOSPI,Consumer Cyclical,Auto Parts
003465,유화증권우,KOSPI,Financial Services,Capital Markets
006125,SK디스커버리우,KOSPI,Energy,Oil & Gas Refining & Marketing
021050,서원,KOSPI,Industrials,Metal Fabrication
006980,우성,KOSPI,Consumer Defensive,Packaged Foods
012690,모나리자,KOSPI,Consumer Defensive,Household & Personal Products
004830,덕성,KOSPI,Consumer Cyclical,Textile Manufacturing
010770,평화홀딩스,KOSPI,Industrials,Electrical Equipment & Parts
005305,롯데칠성우,KOSPI,Consumer Defensive,Beverages - Non-Alcoholic
011230,삼화전자,KOSPI,Technology,Electronic Components
123700,SJM,KOSPI,Consumer Cyclical,Auto Parts
023810,인팩,KOSPI,Consumer Cyclical,Auto Parts
000950,전방,KOSPI,Consumer Cyclical,Textile Manufacturing
011390,부산산업,KOSPI,Basic Materials,Building Materials
007460,에이프로젠,KOSPI,Industrials,Conglomerates
006880,신송홀딩스,KOSPI,Industrials,Conglomerates
011300,우성머티리얼스,KOSPI,Consumer Cyclical,Textile Manufacturing
011000,진원생명과학,KOSPI,Healthcare,Biotechnology
002630,오리엔트바이오,KOSPI,Healthcare,Biotechnology
004410,서울식품,KOSPI,Consumer Defensive,Packaged Foods
002140,고려산업,KOSPI,Consumer Defensive,Packaged Foods
001620,케이비아이동국실업,KOSPI,Consumer Cyclical,Auto Parts
009320,아진전자부품,KOSPI,Consumer Cyclical,Auto Parts
101140,인바이오젠,KOSPI,Consumer Cyclical,Footwear & Accessories
004920,씨아이테크,KOSPI,Technology,Information Technology Services
041650,상신브레이크,KOSPI,Consumer Cyclical,Auto Parts
004540,깨끗한나라,KOSPI,Basic Materials,Paper & Paper Products
069460,대호에이엘,KOSPI,Basic Materials,Aluminum
357250,미래에셋맵스리츠,KOSPI,Real Estate,REIT - Diversified
009835,한화솔루션우,KOSPI,Technology,Solar
000910,유니온,KOSPI,Basic Materials,Building Materials
002920,유성기업,KOSPI,Consumer Cyclical,Auto Parts
074610,이엔플러스,KOSPI,Industrials,Farm & Heavy Construction Machinery
092780,DYP,KOSPI,Consumer Cyclical,Auto Parts
003080,SB성보,KOSPI,Basic Materials,Agricultural Inputs
084870,TBH글로벌,KOSPI,Consumer Cyclical,Apparel Manufacturing
007110,일신석재,KOSPI,Industrials,Building Products & Equipment
005320,온타이드,KOSPI,Consumer Cyclical,Apparel Manufacturing
008420,문배철강,KOSPI,Basic Materials,Steel
004910,조광페인트,KOSPI,Basic Materials,Specialty Chemicals
014910,성문전자,KOSPI,Technology,Electronic Components
026940,부국철강,KOSPI,Basic Materials,Steel
481850,신한글로벌액티브리츠,KOSPI,Real Estate,REIT - Diversified
017180,명문제약,KOSPI,Healthcare,Drug Manufacturers - Specialty & Generic
004060,SG세계물산,KOSPI,Consumer Cyclical,Apparel Manufacturing
446070,유니드비티플러스,KOSPI,,(분류 없음)
019490,엑시큐어하이트론,KOSPI,Industrials,Security & Protection Services
023350,한국종합기술,KOSPI,Industrials,Engineering & Construction
000215,DL우,KOSPI,Basic Materials,Specialty Chemicals
017040,광명전기,KOSPI,Industrials,Electrical Equipment & Parts
002870,신풍,KOSPI,Consumer Cyclical,Packaging & Containers
011330,유니켐,KOSPI,Consumer Cyclical,Footwear & Accessories
008870,금비,KOSPI,Consumer Cyclical,Packaging & Containers
011420,갤럭시아에스엠,KOSPI,Communication Services,Broadcasting
009810,MDS스피어,KOSPI,Industrials,Industrial Distribution
002360,SH에너지화학,KOSPI,Basic Materials,Chemicals
047400,유니온머티리얼,KOSPI,Industrials,Tools & Accessories
145270,케이탑리츠,KOSPI,Real Estate,REIT - Diversified
023960,에쓰씨엔지니어링,KOSPI,Industrials,Engineering & Construction
049800,우진플라임,KOSPI,Industrials,Specialty Industrial Machinery
134790,시디즈,KOSPI,Consumer Cyclical,"Furnishings, Fixtures & Appliances"
027740,마니커,KOSPI,Consumer Defensive,Packaged Foods
133820,화인베스틸,KOSPI,Basic Materials,Steel
000890,보해양조,KOSPI,Consumer Defensive,Beverages - Wineries & Distilleries
000760,이화산업,KOSPI,Basic Materials,Chemicals
010640,진양폴리,KOSPI,Basic Materials,Specialty Chemicals
008250,이건산업,KOSPI,Basic Materials,Lumber & Wood Production
009460,한창제지,KOSPI,Basic Materials,Paper & Paper Products
012280,영화금속,KOSPI,Consumer Cyclical,Auto Parts
013000,세우글로벌,KOSPI,Basic Materials,Specialty Chemicals
004365,세방우,KOSPI,Industrials,Integrated Freight & Logistics
143210,핸즈코퍼레이션,KOSPI,Consumer Cyclical,Auto Parts
005820,원림,KOSPI,Consumer Cyclical,Packaging & Containers
002880,디와이에이,KOSPI,Consumer Cyclical,Auto Parts
012160,영흥,KOSPI,Basic Materials,Steel
006370,대구백화점,KOSPI,Consumer Cyclical,Department Stores
051630,진양화학,KOSPI,Basic Materials,Chemicals
090370,메타랩스,KOSPI,Consumer Cyclical,Apparel Manufacturing
088790,진도,KOSPI,Consumer Cyclical,Apparel Manufacturing
014130,한익스프레스,KOSPI,Industrials,Integrated Freight & Logistics
010400,우진아이엔에스,KOSPI,Industrials,Specialty Industrial Machinery
003535,한화투자증권우,KOSPI,Financial Services,Capital Markets
025750,한솔홈데코,KOSPI,Consumer Cyclical,"Furnishings, Fixtures & Appliances"
009140,케이아이이,KOSPI,Technology,Electronic Components
024070,WISCOM,KOSPI,Basic Materials,Chemicals
001070,대한방직,KOSPI,Consumer Cyclical,Textile Manufacturing
009190,대양금속,KOSPI,Basic Materials,Steel
069640,한세엠케이,KOSPI,Consumer Cyclical,Apparel Manufacturing
025890,한국주강,KOSPI,Basic Materials,Steel
036420,콘텐트리중앙,KOSPI,Communication Services,Entertainment
308170,씨티알모빌리티,KOSPI,Consumer Cyclical,Auto Parts
006740,블루산업개발,KOSPI,Basic Materials,Paper & Paper Products
019175,신풍제약우,KOSPI,Healthcare,Drug Manufacturers - Specialty & Generic
003680,한성기업,KOSPI,Consumer Defensive,Packaged Foods
006570,대림통상,KOSPI,Consumer Defensive,Household & Personal Products
002690,동일제강,KOSPI,Basic Materials,Steel
007120,미래아이앤지,KOSPI,Industrials,Security & Protection Services
033250,체시스,KOSPI,Consumer Cyclical,Auto Parts
023150,MH에탄올,KOSPI,Consumer Defensive,Beverages - Wineries & Distilleries
118000,메타케어,KOSPI,Healthcare,Drug Manufacturers - General
005110,한창,KOSPI,,(분류 없음)
006345,대원전선우,KOSPI,Industrials,Electrical Equipment & Parts
002355,넥센타이어1우B,KOSPI,Consumer Cyclical,Auto Parts
004270,남성,KOSPI,Technology,Consumer Electronics
33637K,솔루스첨단소재1우,KOSPI,Technology,Electronic Components
003060,에이프로젠바이오로직스,KOSPI,Healthcare,Drug Manufacturers - Specialty & Generic
001380,SG글로벌,KOSPI,Consumer Cyclical,Auto Parts
357430,마스턴프리미어리츠,KOSPI,Real Estate,REIT - Retail
003495,대한항공우,KOSPI,Industrials,Airlines
006490,프리티,KOSPI,Communication Services,Telecom Services
071950,코아스,KOSPI,Consumer Cyclical,"Furnishings, Fixtures & Appliances"
009310,참엔지니어링,KOSPI,Technology,Semiconductors
001420,태원물산,KOSPI,Consumer Cyclical,Auto Parts
33626L,두산퓨얼셀2우B,KOSPI,Industrials,Electrical Equipment & Parts
004870,티웨이홀딩스,KOSPI,Basic Materials,Building Materials
030720,동원수산,KOSPI,Consumer Defensive,Food Distribution
005360,모나미,KOSPI,Consumer Cyclical,Specialty Retail
012170,아센디오,KOSPI,Communication Services,Entertainment
008775,호텔신라우,KOSPI,Consumer Cyclical,Specialty Retail
000040,KR모터스,KOSPI,Consumer Cyclical,Recreational Vehicles
001685,대상우,KOSPI,Consumer Defensive,Packaged Foods
00499K,롯데지주우,KOSPI,Consumer Defensive,Confectioners
015020,이스타코,KOSPI,Industrials,Conglomerates
108675,LX하우시스우,KOSPI,Industrials,Building Products & Equipment
002070,비비안,KOSPI,Consumer Cyclical,Apparel Manufacturing
093240,형지엘리트,KOSPI,Consumer Cyclical,Apparel Manufacturing
008600,윌비스,KOSPI,Consumer Cyclical,Apparel Manufacturing
009440,KC그린홀딩스,KOSPI,Industrials,Pollution & Treatment Controls
011090,에넥스,KOSPI,Consumer Cyclical,"Furnishings, Fixtures & Appliances"
465770,STX그린로지스,KOSPI,Industrials,Marine Shipping
005725,넥센우,KOSPI,Consumer Cyclical,Auto Parts
006200,한국전자홀딩스,KOSPI,Technology,Semiconductors
18064K,한진칼우,KOSPI,Consumer Cyclical,Lodging
005257,녹십자홀딩스2우,KOSPI,Healthcare,Biotechnology
002025,코오롱우,KOSPI,Industrials,Conglomerates
004105,태양금속우,KOSPI,Consumer Cyclical,Auto Parts
000087,하이트진로2우B,KOSPI,Consumer Defensive,Beverages - Wineries & Distilleries
001795,대한제당우,KOSPI,Consumer Defensive,Confectioners
00806K,대덕1우,KOSPI,Technology,Electronic Components
45226K,한화갤러리아우,KOSPI,Consumer Cyclical,Department Stores
084695,대상홀딩스우,KOSPI,Consumer Defensive,Packaged Foods
024890,대원화성,KOSPI,Basic Materials,Specialty Chemicals
145995,삼양사우,KOSPI,Consumer Defensive,Packaged Foods
00781K,코리아써키트2우B,KOSPI,Technology,Electronic Components
015260,에이엔피,KOSPI,Technology,Electronic Components
002820,SUN&L,KOSPI,Basic Materials,Lumber & Wood Production
38380K,LX홀딩스1우,KOSPI,Financial Services,Financial Conglomerates
001067,JW중외제약2우B,KOSPI,Healthcare,Drug Manufacturers - Specialty & Generic
004255,NPC우,KOSPI,Consumer Cyclical,Packaging & Containers
019685,대교우B,KOSPI,Consumer Defensive,Education & Training Services
145210,다이나믹디자인,KOSPI,Industrials,Specialty Industrial Machinery
003075,코오롱글로벌우,KOSPI,Industrials,Engineering & Construction
001755,한양증권우,KOSPI,Financial Services,Capital Markets
33637L,솔루스첨단소재2우B,KOSPI,Technology,Electronic Components
000225,유유제약1우,KOSPI,Healthcare,Drug Manufacturers - Specialty & Generic
001515,SK증권우,KOSPI,Financial Services,Capital Markets
001065,JW중외제약우,KOSPI,Healthcare,Drug Manufacturers - Specialty & Generic
004985,성신양회우,KOSPI,Basic Materials,Building Materials
000325,노루홀딩스우,KOSPI,Basic Materials,Specialty Chemicals
004835,덕성우,KOSPI,Consumer Cyclical,Textile Manufacturing
044380,주연테크,KOSPI,Technology,Computer Hardware
012205,계양전기우,KOSPI,Industrials,Tools & Accessories
26490K,크라운제과우,KOSPI,Consumer Defensive,Confectioners
090355,노루페인트우,KOSPI,Basic Materials,Specialty Chemicals
001770,SHD,KOSPI,Consumer Cyclical,Packaging & Containers
000545,흥국화재우,KOSPI,Financial Services,Insurance - Property & Casualty
000145,하이트진로홀딩스우,KOSPI,Consumer Defensive,Beverages - Brewers
002995,금호건설우,KOSPI,Industrials,Engineering & Construction
009415,태영건설우,KOSPI,Industrials,Engineering & Construction
005965,동부건설우,KOSPI,Industrials,Engineering & Construction
005030,부산주공,KOSPI,,(분류 없음)
007575,일양약품우,KOSPI,Healthcare,Drug Manufacturers - Specialty & Generic
014825,동원시스템즈우,KOSPI,Consumer Cyclical,Packaging & Containers
014285,금강공업우,KOSPI,Basic Materials,Steel
36328K,티와이홀딩스우,KOSPI,Communication Services,Broadcasting
005745,크라운해태홀딩스우,KOSPI,Consumer Defensive,Confectioners
014915,성문전자우,KOSPI,Technology,Electronic Components
000227,유유제약2우B,KOSPI,Healthcare,Drug Manufacturers - Specialty & Generic
008355,남선알미우,KOSPI,Industrials,Metal Fabrication
001525,동양우,KOSPI,Basic Materials,Building Materials
004545,깨끗한나라우,KOSPI,Basic Materials,Paper & Paper Products
011155,CJ씨푸드1우,KOSPI,Consumer Defensive,Packaged Foods
001527,동양2우B,KOSPI,Basic Materials,Building Materials
004415,서울식품우,KOSPI,Consumer Defensive,Packaged Foods
002785,진흥기업우B,KOSPI,Industrials,Engineering & Construction
002787,진흥기업2우B,KOSPI,Industrials,Engineering & Construction
196170,알테오젠,KOSDAQ,Healthcare,Biotechnology
086520,에코프로,KOSDAQ,,(분류 없음)
247540,에코프로비엠,KOSDAQ,Industrials,Electrical Equipment & Parts
036930,주성엔지니어링,KOSDAQ,,(분류 없음)
277810,레인보우로보틱스,KOSDAQ,Industrials,Specialty Industrial Machinery
240810,원익IPS,KOSDAQ,Technology,Semiconductor Equipment & Materials
039030,이오테크닉스,KOSDAQ,Technology,Semiconductor Equipment & Materials
222800,심텍,KOSDAQ,Technology,Semiconductor Equipment & Materials
058470,리노공업,KOSDAQ,Technology,Semiconductor Equipment & Materials
403870,HPSP,KOSDAQ,Industrials,Specialty Industrial Machinery
028300,HLB,KOSDAQ,Healthcare,Biotechnology
095340,ISC,KOSDAQ,,(분류 없음)
000250,삼천당제약,KOSDAQ,,(분류 없음)
440110,파두,KOSDAQ,Technology,Semiconductors
319660,피에스케이,KOSDAQ,Technology,Semiconductor Equipment & Materials
108490,로보티즈,KOSDAQ,Technology,Computer Hardware
084370,유진테크,KOSDAQ,,(분류 없음)
031980,피에스케이홀딩스,KOSDAQ,,(분류 없음)
095610,테스,KOSDAQ,,(분류 없음)
064760,티씨케이,KOSDAQ,,(분류 없음)
067310,하나마이크론,KOSDAQ,,(분류 없음)
357780,솔브레인,KOSDAQ,Basic Materials,Chemicals
131290,티에스이,KOSDAQ,,(분류 없음)
087010,펩트론,KOSDAQ,,(분류 없음)
214450,파마리서치,KOSDAQ,Healthcare,Biotechnology
141080,리가켐바이오,KOSDAQ,Healthcare,Biotechnology
298380,에이비엘바이오,KOSDAQ,Healthcare,Biotechnology
080220,제주반도체,KOSDAQ,,(분류 없음)
310210,보로노이,KOSDAQ,Healthcare,Biotechnology
005290,동진쎄미켐,KOSDAQ,Basic Materials,Chemicals
010170,대한광통신,KOSDAQ,Technology,Communication Equipment
226950,올릭스,KOSDAQ,Healthcare,Biotechnology
257720,실리콘투,KOSDAQ,Consumer Defensive,Household & Personal Products
178320,서진시스템,KOSDAQ,Technology,Communication Equipment
319400,현대무벡스,KOSDAQ,Financial Services,Shell Companies
098460,고영,KOSDAQ,Technology,Semiconductor Equipment & Materials
140410,메지온,KOSDAQ,,(분류 없음)
214370,케어젠,KOSDAQ,,(분류 없음)
145020,휴젤,KOSDAQ,Healthcare,Biotechnology
058610,에스피지,KOSDAQ,,(분류 없음)
032820,우리기술,KOSDAQ,,(분류 없음)
030530,원익홀딩스,KOSDAQ,Industrials,Specialty Industrial Machinery
043260,성호전자,KOSDAQ,,(분류 없음)
263750,펄어비스,KOSDAQ,Communication Services,Electronic Gaming & Multimedia
140860,파크시스템스,KOSDAQ,Technology,Scientific & Technical Instruments
347850,디앤디파마텍,KOSDAQ,Healthcare,Biotechnology
214150,클래시스,KOSDAQ,Healthcare,Medical Devices
089030,테크윙,KOSDAQ,Technology,Semiconductor Equipment & Materials
131970,두산테스나,KOSDAQ,,(분류 없음)
237690,에스티팜,KOSDAQ,,(분류 없음)
083650,비에이치아이,KOSDAQ,,(분류 없음)
323280,태성,KOSDAQ,Industrials,Specialty Industrial Machinery
183300,코미코,KOSDAQ,Technology,Semiconductor Equipment & Materials
041510,에스엠,KOSDAQ,Communication Services,Entertainment
036540,SFA반도체,KOSDAQ,Technology,Semiconductors
089970,브이엠,KOSDAQ,Technology,Semiconductor Equipment & Materials
068760,셀트리온제약,KOSDAQ,Healthcare,Drug Manufacturers - Specialty & Generic
096530,씨젠,KOSDAQ,Healthcare,Biotechnology
060370,LS마린솔루션,KOSDAQ,,(분류 없음)
420770,기가비스,KOSDAQ,Technology,Semiconductor Equipment & Materials
0009K0,에임드바이오,KOSDAQ,Healthcare,Biotechnology
007390,네이처셀,KOSDAQ,,(분류 없음)
437730,삼현,KOSDAQ,Industrials,Electrical Equipment & Parts
218410,RFHIC,KOSDAQ,,(분류 없음)
078600,대주전자재료,KOSDAQ,,(분류 없음)
290650,엘앤씨바이오,KOSDAQ,Healthcare,Medical Devices
950260,인제니아테라퓨틱스(Reg.S),KOSDAQ,,
039200,오스코텍,KOSDAQ,,(분류 없음)
950160,코오롱티슈진,KOSDAQ,,(분류 없음)
035900,JYP Ent.,KOSDAQ,Communication Services,Entertainment
082920,비츠로셀,KOSDAQ,,(분류 없음)
232140,와이씨,KOSDAQ,Technology,Semiconductor Equipment & Materials
204270,제이앤티씨,KOSDAQ,Technology,Electronic Components
241710,코스메카코리아,KOSDAQ,Consumer Defensive,Household & Personal Products
166090,하나머티리얼즈,KOSDAQ,Technology,Semiconductor Equipment & Materials
003380,하림지주,KOSDAQ,Consumer Defensive,Packaged Foods
252990,샘씨엔에스,KOSDAQ,Technology,Semiconductors
347700,스피어,KOSDAQ,Healthcare,Health Information Services
195940,HK이노엔,KOSDAQ,Healthcare,Drug Manufacturers - Specialty & Generic
127120,제이에스링크,KOSDAQ,Healthcare,Biotechnology
356860,티엘비,KOSDAQ,Technology,Semiconductors
101490,에스앤에스텍,KOSDAQ,,(분류 없음)
056190,SFA,KOSDAQ,Industrials,Specialty Industrial Machinery
293490,카카오게임즈,KOSDAQ,Communication Services,Electronic Gaming & Multimedia
445680,큐리옥스바이오시스템즈,KOSDAQ,,(분류 없음)
083450,GST,KOSDAQ,,(분류 없음)
086450,동국제약,KOSDAQ,,(분류 없음)
458870,씨어스,KOSDAQ,Healthcare,Medical Devices
100790,미래에셋벤처투자,KOSDAQ,,(분류 없음)
417200,LS머트리얼즈,KOSDAQ,Industrials,Electrical Equipment & Parts
161580,필옵틱스,KOSDAQ,Industrials,Specialty Industrial Machinery
115180,큐리언트,KOSDAQ,Healthcare,Biotechnology
119850,지엔씨에너지,KOSDAQ,Industrials,Specialty Industrial Machinery
425420,티에프이,KOSDAQ,Technology,Semiconductors
491000,리브스메드,KOSDAQ,Healthcare,Medical Devices
160190,하이젠알앤엠,KOSDAQ,Consumer Cyclical,Auto Parts
036830,솔브레인홀딩스,KOSDAQ,Basic Materials,Chemicals
388210,씨엠티엑스,KOSDAQ,Technology,Semiconductors
327260,RF머트리얼즈,KOSDAQ,Technology,Electronic Components
065350,신성델타테크,KOSDAQ,Consumer Cyclical,"Furnishings, Fixtures & Appliances"
031330,에스에이엠티,KOSDAQ,Technology,Electronics & Computer Distribution
099320,쎄트렉아이,KOSDAQ,,(분류 없음)
053800,안랩,KOSDAQ,Technology,Software - Infrastructure
074600,원익QnC,KOSDAQ,Technology,Semiconductor Equipment & Materials
014620,성광벤드,KOSDAQ,Industrials,Metal Fabrication
328130,루닛,KOSDAQ,Healthcare,Health Information Services
388720,유일로보틱스,KOSDAQ,,(분류 없음)
032500,케이엠더블유,KOSDAQ,Technology,Communication Equipment
085660,차바이오텍,KOSDAQ,Healthcare,Biotechnology
295310,에이치브이엠,KOSDAQ,Basic Materials,Other Industrial Metals & Mining
281740,레이크머티리얼즈,KOSDAQ,Basic Materials,Specialty Chemicals
035760,CJ ENM,KOSDAQ,Communication Services,Entertainment
251970,펌텍코리아,KOSDAQ,Consumer Cyclical,Packaging & Containers
476830,알지노믹스,KOSDAQ,Healthcare,Biotechnology
059090,미코,KOSDAQ,Technology,Semiconductor Equipment & Materials
033790,피노,KOSDAQ,Technology,Communication Equipment
122870,와이지엔터테인먼트,KOSDAQ,Communication Services,Entertainment
033100,제룡전기,KOSDAQ,Industrials,Specialty Industrial Machinery
044490,태웅,KOSDAQ,Industrials,Metal Fabrication
090360,로보스타,KOSDAQ,Industrials,Specialty Industrial Machinery
053610,프로텍,KOSDAQ,Technology,Semiconductor Equipment & Materials
090710,휴림로봇,KOSDAQ,,(분류 없음)
064290,인텍플러스,KOSDAQ,Technology,Semiconductor Equipment & Materials
171090,선익시스템,KOSDAQ,Technology,Semiconductors
213420,덕산네오룩스,KOSDAQ,Technology,Electronic Components
122640,예스티,KOSDAQ,Industrials,Specialty Industrial Machinery
032190,다우데이타,KOSDAQ,Technology,Information Technology Services
041960,코미팜,KOSDAQ,,(분류 없음)
023160,태광,KOSDAQ,,(분류 없음)
036810,에프에스티,KOSDAQ,Technology,Semiconductors
137400,피엔티,KOSDAQ,Industrials,Specialty Industrial Machinery
189300,인텔리안테크,KOSDAQ,,(분류 없음)
041830,인바디,KOSDAQ,,(분류 없음)
476060,온코닉테라퓨틱스,KOSDAQ,Healthcare,Drug Manufacturers - Specialty & Generic
038500,삼표시멘트,KOSDAQ,Basic Materials,Building Materials
225570,넥슨게임즈,KOSDAQ,Communication Services,Electronic Gaming & Multimedia
466100,클로봇,KOSDAQ,Technology,Software - Infrastructure
033640,네패스,KOSDAQ,Technology,Semiconductor Equipment & Materials
102710,이엔에프테크놀로지,KOSDAQ,,(분류 없음)
006730,서부T&D,KOSDAQ,Consumer Cyclical,Lodging
121600,나노신소재,KOSDAQ,Basic Materials,Specialty Chemicals
490470,세미파이브,KOSDAQ,Technology,Semiconductor Equipment & Materials
456160,지투지바이오,KOSDAQ,Healthcare,Biotechnology
124500,아이티센글로벌,KOSDAQ,Technology,Information Technology Services
048410,현대바이오,KOSDAQ,Healthcare,Biotechnology
092870,엑시콘,KOSDAQ,,(분류 없음)
126340,비나텍,KOSDAQ,,(분류 없음)
077360,덕산하이메탈,KOSDAQ,,(분류 없음)
046890,서울반도체,KOSDAQ,Technology,Semiconductors
222080,SFA넥셀,KOSDAQ,Industrials,Specialty Industrial Machinery
253450,스튜디오드래곤,KOSDAQ,Communication Services,Entertainment
253590,네오셈,KOSDAQ,Technology,Semiconductors
093320,케이아이엔엑스,KOSDAQ,,(분류 없음)
045100,한양이엔지,KOSDAQ,,(분류 없음)
358570,지아이이노베이션,KOSDAQ,,(분류 없음)
089890,코세스,KOSDAQ,,(분류 없음)
050890,쏠리드,KOSDAQ,,(분류 없음)
219130,타이거일렉,KOSDAQ,,(분류 없음)
144960,뉴파워프라즈마,KOSDAQ,Technology,Semiconductor Equipment & Materials
468530,프로티나,KOSDAQ,Healthcare,Biotechnology
397030,에이프릴바이오,KOSDAQ,Healthcare,Biotechnology
094170,동운아나텍,KOSDAQ,Technology,Semiconductors
399720,가온칩스,KOSDAQ,Technology,Semiconductors
052400,코나아이,KOSDAQ,Technology,Semiconductors
101160,월덱스,KOSDAQ,,(분류 없음)
060250,NHN KCP,KOSDAQ,Technology,Software - Infrastructure
080580,오킨스전자,KOSDAQ,Technology,Semiconductor Equipment & Materials
174900,앱클론,KOSDAQ,Healthcare,Biotechnology
052020,에스티큐브,KOSDAQ,,(분류 없음)
079940,가비아,KOSDAQ,,(분류 없음)
112040,위메이드,KOSDAQ,,(분류 없음)
104830,원익머트리얼즈,KOSDAQ,Basic Materials,Specialty Chemicals
214430,아이쓰리시스템,KOSDAQ,Technology,Electronic Components
009520,포스코엠텍,KOSDAQ,,(분류 없음)
037460,삼지전자,KOSDAQ,Technology,Communication Equipment
099190,아이센스,KOSDAQ,,(분류 없음)
356680,엑스게이트,KOSDAQ,Technology,Software - Application
024850,HLB이노베이션,KOSDAQ,Technology,Semiconductor Equipment & Materials
078350,한양디지텍,KOSDAQ,,(분류 없음)
475830,오름테라퓨틱,KOSDAQ,Healthcare,Biotechnology
042000,카페24,KOSDAQ,Technology,Software - Infrastructure
082270,젬백스,KOSDAQ,,(분류 없음)
475960,토모큐브,KOSDAQ,Healthcare,Biotechnology
086900,메디톡스,KOSDAQ,Healthcare,Biotechnology
376900,로킷헬스케어,KOSDAQ,Healthcare,Medical Care Facilities
383310,에코프로에이치엔,KOSDAQ,Industrials,Pollution & Treatment Controls
025980,아난티,KOSDAQ,,(분류 없음)
211050,인카금융서비스,KOSDAQ,Financial Services,Financial Conglomerates
348340,뉴로메카,KOSDAQ,Industrials,Specialty Industrial Machinery
033500,동성화인텍,KOSDAQ,,(분류 없음)
034950,한국기업평가,KOSDAQ,Financial Services,Capital Markets
019210,와이지-원,KOSDAQ,Industrials,Tools & Accessories
027360,아주IB투자,KOSDAQ,,(분류 없음)
041190,우리기술투자,KOSDAQ,Financial Services,Asset Management
069540,빛과전자,KOSDAQ,Technology,Communication Equipment
098120,마이크로컨텍솔,KOSDAQ,,(분류 없음)
365340,성일하이텍,KOSDAQ,Industrials,Electrical Equipment & Parts
015750,성우하이텍,KOSDAQ,Consumer Cyclical,Auto Parts
187660,페니트리움바이오,KOSDAQ,Healthcare,Medical Care Facilities
460930,현대힘스,KOSDAQ,Industrials,Aerospace & Defense
348370,엔켐,KOSDAQ,Industrials,Electrical Equipment & Parts
056080,유진로봇,KOSDAQ,,(분류 없음)
035890,서희건설,KOSDAQ,Industrials,Engineering & Construction
089010,켐트로닉스,KOSDAQ,,(분류 없음)
078340,컴투스,KOSDAQ,Communication Services,Electronic Gaming & Multimedia
170920,엘티씨,KOSDAQ,Basic Materials,Specialty Chemicals
079370,제우스,KOSDAQ,,(분류 없음)
340570,티앤엘,KOSDAQ,Healthcare,Medical Devices
067630,HLB생명과학,KOSDAQ,,(분류 없음)
278280,천보,KOSDAQ,Basic Materials,Chemicals
033160,엠케이전자,KOSDAQ,Technology,Semiconductor Equipment & Materials
368770,파이버프로,KOSDAQ,Technology,Scientific & Technical Instruments
200470,에이팩트,KOSDAQ,Technology,Semiconductor Equipment & Materials
125490,한라캐스트,KOSDAQ,Industrials,Electrical Equipment & Parts
336570,원텍,KOSDAQ,Healthcare,Medical Devices
114810,한솔아이원스,KOSDAQ,Technology,Semiconductor Equipment & Materials
376300,디어유,KOSDAQ,Technology,Software - Application
272290,이녹스첨단소재,KOSDAQ,Technology,Semiconductor Equipment & Materials
018290,브이티,KOSDAQ,Industrials,Business Equipment & Supplies
290550,디케이티,KOSDAQ,Technology,Electronic Components
486990,노타,KOSDAQ,Technology,Software - Application
241770,메카로,KOSDAQ,Technology,Semiconductor Equipment & Materials
417840,저스템,KOSDAQ,Technology,Semiconductor Equipment & Materials
013030,하이록코리아,KOSDAQ,Industrials,Specialty Industrial Machinery
159010,아스플로,KOSDAQ,Industrials,Tools & Accessories
030520,한컴,KOSDAQ,,(분류 없음)
092190,서울바이오시스,KOSDAQ,Technology,Electronic Components
067160,SOOP,KOSDAQ,,(분류 없음)
204620,글로벌텍스프리,KOSDAQ,Industrials,Specialty Business Services
332570,PS일렉트로닉스,KOSDAQ,Technology,Communication Equipment
441270,파인엠텍,KOSDAQ,,(분류 없음)
236200,슈프리마,KOSDAQ,Industrials,Security & Protection Services
477850,마키나락스,KOSDAQ,Technology,Software - Application
078130,국일제지,KOSDAQ,,(분류 없음)
101730,위메이드맥스,KOSDAQ,,(분류 없음)
348210,넥스틴,KOSDAQ,Technology,Semiconductor Equipment & Materials
052710,아모텍,KOSDAQ,,(분류 없음)
200710,에이디테크놀로지,KOSDAQ,,(분류 없음)
039440,에스티아이,KOSDAQ,Technology,Semiconductor Equipment & Materials
095660,네오위즈,KOSDAQ,,(분류 없음)
215200,메가스터디교육,KOSDAQ,Consumer Defensive,Education & Training Services
330860,네패스아크,KOSDAQ,Technology,Semiconductors
107640,한중엔시에스,KOSDAQ,Consumer Cyclical,Auto Parts
468670,브릴스,KOSDAQ,,
389470,인벤티지랩,KOSDAQ,Healthcare,Drug Manufacturers - Specialty & Generic
092730,네오팜,KOSDAQ,,(분류 없음)
078160,메디포스트,KOSDAQ,,(분류 없음)
047920,HLB제약,KOSDAQ,Healthcare,Drug Manufacturers - Specialty & Generic
0035S0,빅웨이브로보틱스,KOSDAQ,,
025900,동화기업,KOSDAQ,Basic Materials,Lumber & Wood Production
078020,LS증권,KOSDAQ,,(분류 없음)
138080,오이솔루션,KOSDAQ,,(분류 없음)
069080,웹젠,KOSDAQ,,(분류 없음)
003800,에이스침대,KOSDAQ,Consumer Cyclical,"Furnishings, Fixtures & Appliances"
006910,보성파워텍,KOSDAQ,,(분류 없음)
025320,시노펙스,KOSDAQ,Technology,Electronic Components
393890,더블유씨피,KOSDAQ,Industrials,Electrical Equipment & Parts
060280,큐렉소,KOSDAQ,,(분류 없음)
486510,글로벌테크놀로지,KOSDAQ,,
110990,디아이티,KOSDAQ,Technology,Electronic Components
036800,나이스정보통신,KOSDAQ,Technology,Software - Infrastructure
386380,스카이랩스,KOSDAQ,,
093520,매커스,KOSDAQ,,(분류 없음)
372320,큐로셀,KOSDAQ,Healthcare,Biotechnology
266690,덕산넵코어스,KOSDAQ,,
446540,메가터치,KOSDAQ,Technology,Semiconductor Equipment & Materials
117730,티로보틱스,KOSDAQ,Technology,Computer Hardware
042520,한스바이오메드,KOSDAQ,Healthcare,Medical Devices
456010,아이씨티케이,KOSDAQ,Technology,Semiconductors
061970,LB세미콘,KOSDAQ,Technology,Semiconductors
900290,GRT,KOSDAQ,Basic Materials,Specialty Chemicals
064260,다날,KOSDAQ,Technology,Software - Infrastructure
036620,감성코퍼레이션,KOSDAQ,,(분류 없음)
482630,삼양엔씨켐,KOSDAQ,Technology,Semiconductor Equipment & Materials
199800,툴젠,KOSDAQ,Healthcare,Biotechnology
455900,엔젤로보틱스,KOSDAQ,Technology,Computer Hardware
121440,골프존홀딩스,KOSDAQ,,(분류 없음)
018000,유니슨,KOSDAQ,Industrials,Specialty Industrial Machinery
017890,한국알콜,KOSDAQ,Basic Materials,Chemicals
448900,한국피아이엠,KOSDAQ,Industrials,Metal Fabrication
168360,펨트론,KOSDAQ,Industrials,Specialty Industrial Machinery
046970,우리로,KOSDAQ,Technology,Communication Equipment
215600,신라젠,KOSDAQ,Healthcare,Biotechnology
452430,사피엔반도체,KOSDAQ,Technology,Semiconductor Equipment & Materials
425040,티이엠씨,KOSDAQ,Basic Materials,Specialty Chemicals
036200,유니셈,KOSDAQ,,(분류 없음)
234340,헥토파이낸셜,KOSDAQ,Technology,Software - Infrastructure
160980,싸이맥스,KOSDAQ,Technology,Semiconductor Equipment & Materials
228760,지노믹트리,KOSDAQ,Healthcare,Biotechnology
206650,유바이오로직스,KOSDAQ,Healthcare,Drug Manufacturers - Specialty & Generic
488900,비츠로넥스텍,KOSDAQ,Industrials,Specialty Industrial Machinery
086390,유니테스트,KOSDAQ,,(분류 없음)
265520,AP시스템,KOSDAQ,Technology,Semiconductor Equipment & Materials
424870,이뮨온시아,KOSDAQ,Healthcare,Biotechnology
484590,삼양컴텍,KOSDAQ,Industrials,Aerospace & Defense
439960,코스모로보틱스,KOSDAQ,Technology,Computer Hardware
049070,인탑스,KOSDAQ,Technology,Consumer Electronics
054950,제이브이엠,KOSDAQ,Healthcare,Medical Devices
071200,인피니트헬스케어,KOSDAQ,,(분류 없음)
092460,한라IMS,KOSDAQ,,(분류 없음)
025770,한국정보통신,KOSDAQ,Industrials,Business Equipment & Supplies
200670,휴메딕스,KOSDAQ,Healthcare,Drug Manufacturers - Specialty & Generic
352480,씨앤씨인터내셔널,KOSDAQ,Consumer Defensive,Household & Personal Products
035810,이지홀딩스,KOSDAQ,Consumer Defensive,Packaged Foods
042370,비츠로테크,KOSDAQ,Industrials,Electrical Equipment & Parts
091580,상신이디피,KOSDAQ,Industrials,Electrical Equipment & Parts
101930,인화정공,KOSDAQ,Industrials,Aerospace & Defense
389500,에스비비테크,KOSDAQ,Technology,Electronic Components
448280,에코아이,KOSDAQ,Industrials,Conglomerates
084110,휴온스글로벌,KOSDAQ,,(분류 없음)
314130,지놈앤컴퍼니,KOSDAQ,Healthcare,Biotechnology
136480,하림,KOSDAQ,Consumer Defensive,Packaged Foods
203650,드림시큐리티,KOSDAQ,Technology,Software - Infrastructure
472850,폰드그룹,KOSDAQ,Consumer Cyclical,Apparel Retail
012210,삼미금속,KOSDAQ,Consumer Cyclical,Auto Parts
389650,넥스트바이오메디컬,KOSDAQ,Healthcare,Biotechnology
024840,KBI메탈,KOSDAQ,Technology,Electronic Components
287840,인투셀,KOSDAQ,Healthcare,Biotechnology
094360,칩스앤미디어,KOSDAQ,,(분류 없음)
484120,도우인시스,KOSDAQ,Technology,Electronic Components
378340,필에너지,KOSDAQ,,(분류 없음)
294570,쿠콘,KOSDAQ,Technology,Information Technology Services
309710,아이티켐,KOSDAQ,Basic Materials,Specialty Chemicals
394280,오픈엣지테크놀로지,KOSDAQ,,(분류 없음)
452280,한선엔지니어링,KOSDAQ,Industrials,Specialty Industrial Machinery
035600,KG이니시스,KOSDAQ,Technology,Software - Infrastructure
354320,알멕,KOSDAQ,,(분류 없음)
182400,엔케이젠바이오텍코리아,KOSDAQ,,(분류 없음)
043150,바텍,KOSDAQ,,(분류 없음)
098070,한텍,KOSDAQ,Industrials,Specialty Industrial Machinery
304360,에스바이오메딕스,KOSDAQ,Healthcare,Biotechnology
099440,스맥,KOSDAQ,Industrials,Specialty Industrial Machinery
011560,세보엠이씨,KOSDAQ,Industrials,Engineering & Construction
254490,미래반도체,KOSDAQ,Technology,Semiconductor Equipment & Materials
060720,KH바텍,KOSDAQ,,(분류 없음)
068930,디지털대성,KOSDAQ,Consumer Defensive,Education & Training Services
317330,덕산테코피아,KOSDAQ,Technology,Semiconductors
091700,파트론,KOSDAQ,,(분류 없음)
272110,케이엔제이,KOSDAQ,Technology,Semiconductor Equipment & Materials
089980,상아프론테크,KOSDAQ,Technology,Electronic Components
051500,CJ프레시웨이,KOSDAQ,Consumer Defensive,Food Distribution
121800,비덴트,KOSDAQ,,(분류 없음)
493280,아이엠바이오로직스,KOSDAQ,Healthcare,Biotechnology
032580,피델릭스,KOSDAQ,,(분류 없음)
073490,LIG아큐버,KOSDAQ,,(분류 없음)
377460,큐에이드,KOSDAQ,,(분류 없음)
267980,매일유업,KOSDAQ,Consumer Defensive,Packaged Foods
112290,와이씨켐,KOSDAQ,Basic Materials,Specialty Chemicals
100120,뷰웍스,KOSDAQ,Healthcare,Medical Devices
151860,KG에코솔루션,KOSDAQ,Consumer Cyclical,Auto Manufacturers
023410,유진기업,KOSDAQ,Financial Services,Capital Markets
036890,진성티이씨,KOSDAQ,Industrials,Farm & Heavy Construction Machinery
377450,리파인,KOSDAQ,Real Estate,Real Estate Services
0011T0,채비,KOSDAQ,Consumer Cyclical,Specialty Retail
067390,아스트,KOSDAQ,Industrials,Aerospace & Defense
036710,심텍홀딩스,KOSDAQ,Technology,Semiconductors
439090,마녀공장,KOSDAQ,Consumer Defensive,Household & Personal Products
036030,케이티알파,KOSDAQ,Communication Services,Internet Content & Information
064820,케이프,KOSDAQ,,(분류 없음)
461300,아이스크림미디어,KOSDAQ,Consumer Defensive,Education & Training Services
445090,에이직랜드,KOSDAQ,Technology,Semiconductors
108860,셀바스AI,KOSDAQ,Technology,Software - Application
376270,HEM파마,KOSDAQ,Healthcare,Biotechnology
043370,피에이치에이,KOSDAQ,Consumer Cyclical,Auto Parts
450950,아스테라시스,KOSDAQ,Healthcare,Medical Devices
065680,우주일렉트로,KOSDAQ,Technology,Electronic Components
064850,에프앤가이드,KOSDAQ,Financial Services,Financial Data & Stock Exchanges
389260,대명에너지,KOSDAQ,Utilities,Utilities - Renewable
365270,큐라클,KOSDAQ,Healthcare,Biotechnology
115450,HLB테라퓨틱스,KOSDAQ,Healthcare,Biotechnology
416180,신성에스티,KOSDAQ,Industrials,Electrical Equipment & Parts
144510,지씨셀,KOSDAQ,Healthcare,Diagnostics & Research
180400,DXVX,KOSDAQ,Healthcare,Diagnostics & Research
085910,네오티스,KOSDAQ,,(분류 없음)
243070,휴온스,KOSDAQ,Healthcare,Drug Manufacturers - Specialty & Generic
114190,강원에너지,KOSDAQ,Industrials,Specialty Industrial Machinery
298830,슈어소프트테크,KOSDAQ,Technology,Software - Application
200130,콜마비앤에이치,KOSDAQ,Consumer Defensive,Packaged Foods
094480,갤럭시아머니트리,KOSDAQ,,(분류 없음)
215000,골프존,KOSDAQ,Communication Services,Electronic Gaming & Multimedia
099430,바이오플러스,KOSDAQ,Healthcare,Medical Instruments & Supplies
061090,세나테크놀로지,KOSDAQ,Communication Services,Telecom Services
256840,한국비엔씨,KOSDAQ,Healthcare,Drug Manufacturers - Specialty & Generic
065710,서호전기,KOSDAQ,Industrials,Specialty Industrial Machinery
241520,DSC인베스트먼트,KOSDAQ,Financial Services,Asset Management
216080,제테마,KOSDAQ,Healthcare,Medical Instruments & Supplies
023760,한국캐피탈,KOSDAQ,,(분류 없음)
475400,씨메스로보틱스,KOSDAQ,Technology,Computer Hardware
190510,나무가,KOSDAQ,,(분류 없음)
0008Z0,에스엔시스,KOSDAQ,Industrials,Aerospace & Defense
018310,삼목에스폼,KOSDAQ,Basic Materials,Aluminum
340450,지씨지놈,KOSDAQ,Healthcare,Biotechnology
382900,범한퓨얼셀,KOSDAQ,,(분류 없음)
064550,바이오니아,KOSDAQ,,(분류 없음)
307180,아이엘,KOSDAQ,Technology,Electronic Components
237880,클리오,KOSDAQ,Consumer Defensive,Household & Personal Products
067080,대화제약,KOSDAQ,Healthcare,Drug Manufacturers - Specialty & Generic
243840,신흥에스이씨,KOSDAQ,Industrials,Electrical Equipment & Parts
0001A0,덕양에너젠,KOSDAQ,Basic Materials,Specialty Chemicals
078150,HB테크놀러지,KOSDAQ,Technology,Semiconductor Equipment & Materials
083310,엘오티베큠,KOSDAQ,,(분류 없음)
019010,베뉴지,KOSDAQ,,(분류 없음)
217730,강스템바이오텍,KOSDAQ,Healthcare,Biotechnology
206640,바디텍메드,KOSDAQ,Healthcare,Medical Devices
0161M0,네오사피엔스,KOSDAQ,,
045390,대아티아이,KOSDAQ,,(분류 없음)
126730,코칩,KOSDAQ,Industrials,Electrical Equipment & Parts
125020,티씨머티리얼즈,KOSDAQ,Basic Materials,Copper
005710,대원산업,KOSDAQ,Consumer Cyclical,Auto Parts
293780,압타바이오,KOSDAQ,Healthcare,Drug Manufacturers - Specialty & Generic
095500,미래나노텍,KOSDAQ,,(분류 없음)
053030,바이넥스,KOSDAQ,,(분류 없음)
462350,이노스페이스,KOSDAQ,Industrials,Aerospace & Defense
394800,쓰리빌리언,KOSDAQ,Healthcare,Biotechnology
058970,엠로,KOSDAQ,Technology,Software - Application
380540,옵티코어,KOSDAQ,Technology,Computer Hardware
036190,금화피에스시,KOSDAQ,Industrials,Engineering & Construction
950170,JTC,KOSDAQ,Consumer Cyclical,Department Stores
462860,더즌,KOSDAQ,Technology,Software - Application
014940,오리엔탈정공,KOSDAQ,Industrials,Aerospace & Defense
314930,바이오다인,KOSDAQ,Healthcare,Medical Instruments & Supplies
049430,코메론,KOSDAQ,,(분류 없음)
234690,녹십자웰빙,KOSDAQ,Healthcare,Biotechnology
405100,큐알티,KOSDAQ,Technology,Semiconductor Equipment & Materials
353810,이지바이오,KOSDAQ,,(분류 없음)
053300,한국정보인증,KOSDAQ,Technology,Information Technology Services
481070,에이유브랜즈,KOSDAQ,Consumer Cyclical,Footwear & Accessories
459510,나우로보틱스,KOSDAQ,Industrials,Specialty Industrial Machinery
199430,케이엔알시스템,KOSDAQ,Industrials,Specialty Industrial Machinery
0010S0,와이즈플래닛컴퍼니,KOSDAQ,,
176750,듀켐바이오,KOSDAQ,Healthcare,Drug Manufacturers - Specialty & Generic
126600,BGF에코머티리얼즈,KOSDAQ,Consumer Cyclical,Auto Parts
382800,지앤비에스 에코,KOSDAQ,Industrials,Pollution & Treatment Controls
086670,비엠티,KOSDAQ,,(분류 없음)
080720,한국유니온제약,KOSDAQ,Healthcare,Drug Manufacturers - Specialty & Generic
036560,KZ정밀,KOSDAQ,,(분류 없음)
013120,동원개발,KOSDAQ,Real Estate,Real Estate - Development
304100,솔트룩스,KOSDAQ,Technology,Software - Infrastructure
041920,메디아나,KOSDAQ,,(분류 없음)
102940,코오롱생명과학,KOSDAQ,,(분류 없음)
452450,피아이이,KOSDAQ,Technology,Software - Infrastructure
034810,해성산업,KOSDAQ,Real Estate,Real Estate Services
388050,지투파워,KOSDAQ,,(분류 없음)
016790,현대사료,KOSDAQ,,(분류 없음)
484810,티엑스알로보틱스,KOSDAQ,Industrials,Specialty Industrial Machinery
042420,네오위즈홀딩스,KOSDAQ,Communication Services,Internet Content & Information
163730,핑거,KOSDAQ,Technology,Software - Application
052330,코텍,KOSDAQ,Technology,Computer Hardware
464080,에스오에스랩,KOSDAQ,Technology,Electronic Components
084850,아이티엠반도체,KOSDAQ,Technology,Semiconductors
143240,사람인,KOSDAQ,Industrials,Staffing & Employment Services
194700,노바렉스,KOSDAQ,Consumer Defensive,Packaged Foods
119830,아이텍,KOSDAQ,Technology,Semiconductor Equipment & Materials
419530,SAMG엔터,KOSDAQ,Communication Services,Entertainment
138610,나이벡,KOSDAQ,Healthcare,Biotechnology
066620,국보디자인,KOSDAQ,Industrials,Consulting Services
123330,제닉,KOSDAQ,Consumer Defensive,Household & Personal Products
046120,오르비텍,KOSDAQ,Industrials,Consulting Services
308430,셀비온,KOSDAQ,Healthcare,Biotechnology
083930,아바코,KOSDAQ,,(분류 없음)
192440,슈피겐코리아,KOSDAQ,Technology,Consumer Electronics
318060,그래피,KOSDAQ,Healthcare,Medical Devices
230240,에치에프알,KOSDAQ,Technology,Communication Equipment
094820,일진파워,KOSDAQ,,(분류 없음)
263860,지니언스,KOSDAQ,Technology,Software - Infrastructure
005160,동국산업,KOSDAQ,Basic Materials,Steel
068790,DMS,KOSDAQ,,(분류 없음)
220100,퓨쳐켐,KOSDAQ,Healthcare,Drug Manufacturers - Specialty & Generic
024060,흥구석유,KOSDAQ,,(분류 없음)
0015G0,그린광학,KOSDAQ,Technology,Semiconductor Equipment & Materials
417030,니어스랩,KOSDAQ,,
108380,대양전기공업,KOSDAQ,,(분류 없음)
355150,코스텍시스,KOSDAQ,,(분류 없음)
214180,헥토이노베이션,KOSDAQ,Technology,Software - Infrastructure
260970,에스앤디,KOSDAQ,Basic Materials,Chemicals
039830,오로라,KOSDAQ,,(분류 없음)
082800,비보존 제약,KOSDAQ,,(분류 없음)
187870,디바이스,KOSDAQ,Technology,Semiconductor Equipment & Materials
086820,바이오솔루션,KOSDAQ,Healthcare,Biotechnology
264850,이랜시스,KOSDAQ,Technology,Electronic Components
403850,더핑크퐁컴퍼니,KOSDAQ,Communication Services,Entertainment
274090,켄코아에어로스페이스,KOSDAQ,Industrials,Aerospace & Defense
039860,나노엔텍,KOSDAQ,Technology,Scientific & Technical Instruments
036170,에이치엠넥스,KOSDAQ,,(분류 없음)
0082N0,카나프테라퓨틱스,KOSDAQ,Healthcare,Biotechnology
255220,SG,KOSDAQ,Basic Materials,Building Materials
012860,모베이스전자,KOSDAQ,Consumer Cyclical,Auto Parts
119610,인터로조,KOSDAQ,Healthcare,Medical Instruments & Supplies
092130,이크레더블,KOSDAQ,,(분류 없음)
270660,에브리봇,KOSDAQ,Technology,Consumer Electronics
084990,헬릭스미스,KOSDAQ,,(분류 없음)
143160,아이디스,KOSDAQ,Industrials,Building Products & Equipment
122990,와이솔,KOSDAQ,Technology,Electronic Components
194480,데브시스터즈,KOSDAQ,Communication Services,Electronic Gaming & Multimedia
149950,아바텍,KOSDAQ,Technology,Electronic Components
445180,퓨릿,KOSDAQ,Basic Materials,Specialty Chemicals
199820,제일일렉트릭,KOSDAQ,Industrials,Electrical Equipment & Parts
126700,하이비젼시스템,KOSDAQ,Technology,Scientific & Technical Instruments
032620,GC메디아이,KOSDAQ,,(분류 없음)
357550,석경에이티,KOSDAQ,Basic Materials,Specialty Chemicals
372170,윤성에프앤씨,KOSDAQ,Industrials,Specialty Industrial Machinery
245620,EDGC,KOSDAQ,,(분류 없음)
013990,아가방컴퍼니,KOSDAQ,Consumer Cyclical,Apparel Manufacturing
038390,레드캡투어,KOSDAQ,,(분류 없음)
049630,재영솔루텍,KOSDAQ,Technology,Electronic Components
054210,이랜텍,KOSDAQ,Industrials,Electrical Equipment & Parts
067290,JW신약,KOSDAQ,,(분류 없음)
123410,코리아에프티,KOSDAQ,Consumer Cyclical,Auto Parts
478340,나라스페이스테크놀로지,KOSDAQ,Industrials,Aerospace & Defense
432720,퀄리타스반도체,KOSDAQ,Technology,Semiconductors
289080,SV인베스트먼트,KOSDAQ,Financial Services,Asset Management
290690,아리바이오홀딩스,KOSDAQ,Healthcare,Biotechnology
104480,티케이케미칼,KOSDAQ,Consumer Cyclical,Textile Manufacturing
264450,유비쿼스,KOSDAQ,Technology,Communication Equipment
051370,인터플렉스,KOSDAQ,Technology,Electronic Components
489460,바이오비쥬,KOSDAQ,Healthcare,Medical Instruments & Supplies
488280,에스투더블유,KOSDAQ,Technology,Software - Infrastructure
396300,HT로보틱스,KOSDAQ,Consumer Cyclical,Auto Parts
950140,잉글우드랩,KOSDAQ,Consumer Defensive,Household & Personal Products
474650,링크솔루션,KOSDAQ,Technology,Computer Hardware
204610,티쓰리,KOSDAQ,Communication Services,Electronic Gaming & Multimedia
032940,원익,KOSDAQ,Industrials,Conglomerates
088800,에이스테크,KOSDAQ,,(분류 없음)
092070,디엔에프,KOSDAQ,,(분류 없음)
267320,나인테크,KOSDAQ,Industrials,Specialty Industrial Machinery
226590,엠디바이스,KOSDAQ,Technology,Electronic Components
475040,스트라드비젼,KOSDAQ,Technology,Software - Application
388790,라이콤,KOSDAQ,Technology,Communication Equipment
494120,큐리오시스,KOSDAQ,Healthcare,Medical Devices
066410,버킷스튜디오,KOSDAQ,,(분류 없음)
402030,코난테크놀로지,KOSDAQ,,(분류 없음)
418550,제이오,KOSDAQ,Technology,Electronic Components
251370,와이엠티,KOSDAQ,Basic Materials,Chemicals
123860,아나패스,KOSDAQ,Technology,Semiconductors
051160,지어소프트,KOSDAQ,Technology,Information Technology Services
086890,이수앱지스,KOSDAQ,,(분류 없음)
118990,모트렉스,KOSDAQ,Consumer Cyclical,Auto Parts
080160,모두투어,KOSDAQ,,(분류 없음)
093190,빅솔론,KOSDAQ,,(분류 없음)
052260,현대바이오랜드,KOSDAQ,,(분류 없음)
024800,유성티엔에스,KOSDAQ,Industrials,Integrated Freight & Logistics
041520,이엘씨,KOSDAQ,,(분류 없음)
072870,메가스터디,KOSDAQ,,(분류 없음)
023910,대한약품,KOSDAQ,Healthcare,Drug Manufacturers - Specialty & Generic
054450,텔레칩스,KOSDAQ,Technology,Semiconductors
067280,멀티캠퍼스,KOSDAQ,,(분류 없음)
041020,폴라리스오피스,KOSDAQ,,(분류 없음)
054800,아이디스홀딩스,KOSDAQ,Technology,Communication Equipment
011040,경동제약,KOSDAQ,,(분류 없음)
102120,어보브반도체,KOSDAQ,,(분류 없음)
300080,플리토,KOSDAQ,Technology,Software - Application
093640,케이알엠,KOSDAQ,,(분류 없음)
489500,엘케이켐,KOSDAQ,Basic Materials,Specialty Chemicals
134580,탑코미디어,KOSDAQ,Technology,Communication Equipment
078070,유비쿼스홀딩스,KOSDAQ,,(분류 없음)
0039P0,매드업,KOSDAQ,Communication Services,Advertising Agencies
007330,푸른저축은행,KOSDAQ,,(분류 없음)
0007C0,아크릴,KOSDAQ,Technology,Software - Infrastructure
220260,켐트로스,KOSDAQ,Basic Materials,Specialty Chemicals
413630,씨피시스템,KOSDAQ,,(분류 없음)
042600,새로닉스,KOSDAQ,Technology,Electronic Components
065660,안트로젠,KOSDAQ,,(분류 없음)
179290,엠아이텍,KOSDAQ,Healthcare,Medical Instruments & Supplies
387690,레메디,KOSDAQ,Healthcare,Medical Devices
322310,오로스테크놀로지,KOSDAQ,Technology,Semiconductor Equipment & Materials
205500,넥써쓰,KOSDAQ,Communication Services,Electronic Gaming & Multimedia
0088M0,메쥬,KOSDAQ,Healthcare,Medical Devices
452190,한빛레이저,KOSDAQ,Industrials,Specialty Industrial Machinery
101360,에코앤드림,KOSDAQ,Consumer Cyclical,Auto Parts
232680,라온로보틱스,KOSDAQ,Technology,Computer Hardware
046440,KG파이낸셜,KOSDAQ,,(분류 없음)
023600,삼보판지,KOSDAQ,Consumer Cyclical,Packaging & Containers
049960,쎌바이오텍,KOSDAQ,,(분류 없음)
321550,티움바이오,KOSDAQ,Healthcare,Biotechnology
264660,씨앤지하이테크,KOSDAQ,Technology,Semiconductor Equipment & Materials
148150,세경하이테크,KOSDAQ,Technology,Electronic Components
228850,레이언스,KOSDAQ,Healthcare,Medical Devices
950250,테라뷰,KOSDAQ,Technology,Electronic Components
222040,코스맥스엔비티,KOSDAQ,Consumer Defensive,Packaged Foods
069510,에스텍,KOSDAQ,,(분류 없음)
147830,제룡산업,KOSDAQ,Industrials,Electrical Equipment & Parts
417500,제이아이테크,KOSDAQ,Technology,Semiconductor Equipment & Materials
351320,넥사다이내믹스,KOSDAQ,Financial Services,Shell Companies
469610,이노테크,KOSDAQ,Consumer Cyclical,Auto Parts
048870,시너지이노베이션,KOSDAQ,Healthcare,Biotechnology
005990,매일홀딩스,KOSDAQ,Consumer Defensive,Packaged Foods
156100,엘앤케이바이오,KOSDAQ,Healthcare,Medical Devices
146320,비씨엔씨,KOSDAQ,Technology,Semiconductor Equipment & Materials
115310,인포바인,KOSDAQ,Communication Services,Entertainment
053260,금강철강,KOSDAQ,Basic Materials,Steel
059120,아진엑스텍,KOSDAQ,,(분류 없음)
101970,우양에이치씨,KOSDAQ,Industrials,Metal Fabrication
089600,KT나스미디어,KOSDAQ,Communication Services,Advertising Agencies
211270,AP위성,KOSDAQ,Technology,Communication Equipment
212560,네오오토,KOSDAQ,Consumer Cyclical,Auto Parts
052860,아이앤씨,KOSDAQ,,(분류 없음)
142210,유니트론텍,KOSDAQ,,(분류 없음)
451760,컨텍,KOSDAQ,Technology,Software - Infrastructure
114840,아이패밀리에스씨,KOSDAQ,,(분류 없음)
256940,킵스파마,KOSDAQ,Consumer Defensive,Household & Personal Products
038290,마크로젠,KOSDAQ,,(분류 없음)
035610,솔본,KOSDAQ,Industrials,Conglomerates
003100,선광,KOSDAQ,,(분류 없음)
140670,알에스오토메이션,KOSDAQ,Industrials,Electrical Equipment & Parts
138360,앤로보틱스,KOSDAQ,Basic Materials,Chemicals
060150,인선이엔티,KOSDAQ,,(분류 없음)
265740,엔에프씨,KOSDAQ,Consumer Defensive,Household & Personal Products
047770,코데즈컴바인,KOSDAQ,,(분류 없음)
126640,화신정공,KOSDAQ,,(분류 없음)
054920,한컴위드,KOSDAQ,,(분류 없음)
402490,그린리소스,KOSDAQ,Basic Materials,Specialty Chemicals
322510,제이엘케이,KOSDAQ,Industrials,Conglomerates
071280,로체시스템즈,KOSDAQ,Technology,Semiconductor Equipment & Materials
0015N0,아로마티카,KOSDAQ,Consumer Defensive,Household & Personal Products
240550,동방메디컬,KOSDAQ,,(분류 없음)
297090,씨에스베어링,KOSDAQ,Industrials,Specialty Industrial Machinery
037070,파세코,KOSDAQ,Technology,Consumer Electronics
094840,슈프리마에이치큐,KOSDAQ,Technology,Scientific & Technical Instruments
338840,와이바이오로직스,KOSDAQ,Healthcare,Biotechnology
158430,아톤,KOSDAQ,Technology,Software - Application
136540,윈스테크넷,KOSDAQ,Technology,Information Technology Services
073010,케이에스피,KOSDAQ,,(분류 없음)
418420,라온텍,KOSDAQ,Technology,Semiconductors
049720,고려신용정보,KOSDAQ,Industrials,Specialty Business Services
001540,안국약품,KOSDAQ,Healthcare,Drug Manufacturers - Specialty & Generic
457550,우진엔텍,KOSDAQ,Utilities,Utilities - Regulated Electric
105330,케이엔더블유,KOSDAQ,,(분류 없음)
072950,빛샘전자,KOSDAQ,Industrials,Electrical Equipment & Parts
285490,노바텍,KOSDAQ,Technology,Electronic Components
035080,그래디언트,KOSDAQ,Consumer Cyclical,Internet Retail
115440,우리넷,KOSDAQ,Technology,Communication Equipment
039840,디오,KOSDAQ,Healthcare,Medical Instruments & Supplies
361390,제노코,KOSDAQ,Technology,Communication Equipment
095700,제넥신,KOSDAQ,Healthcare,Biotechnology
950190,고스트스튜디오,KOSDAQ,Communication Services,Electronic Gaming & Multimedia
141000,비아트론,KOSDAQ,,(분류 없음)
079960,동양이엔피,KOSDAQ,,(분류 없음)
282880,코윈로보틱스,KOSDAQ,Industrials,Specialty Industrial Machinery
036690,코맥스,KOSDAQ,,(분류 없음)
115500,케이씨에스,KOSDAQ,Technology,Information Technology Services
307750,국전,KOSDAQ,Healthcare,Drug Manufacturers - General
474170,루미르,KOSDAQ,Industrials,Aerospace & Defense
417010,나노팀,KOSDAQ,Technology,Electronic Components
080420,모다이노칩,KOSDAQ,Technology,Electronic Components
037350,성도이엔지,KOSDAQ,Industrials,Engineering & Construction
172670,에이엘티,KOSDAQ,,(분류 없음)
027710,팜스토리,KOSDAQ,,(분류 없음)
408920,메쎄이상,KOSDAQ,Industrials,Specialty Business Services
108230,톱텍,KOSDAQ,,(분류 없음)
056090,시지메드텍,KOSDAQ,Healthcare,Medical Devices
042510,라온시큐어,KOSDAQ,Technology,Software - Application
009780,엠에스씨,KOSDAQ,,(분류 없음)
021320,KCC건설,KOSDAQ,,(분류 없음)
095190,신화프리텍,KOSDAQ,,(분류 없음)
083500,에프엔에스테크,KOSDAQ,Technology,Semiconductor Equipment & Materials
259630,엠플러스,KOSDAQ,Industrials,Electrical Equipment & Parts
308080,바이젠셀,KOSDAQ,Healthcare,Biotechnology
008830,대동기어,KOSDAQ,Consumer Cyclical,Auto Parts
321370,센서뷰,KOSDAQ,Technology,Communication Equipment
333430,일승,KOSDAQ,Industrials,Pollution & Treatment Controls
293580,나우IB,KOSDAQ,Financial Services,Capital Markets
053080,케이엔솔,KOSDAQ,Industrials,Engineering & Construction
297890,HB솔루션,KOSDAQ,Technology,Scientific & Technical Instruments
166480,코아스템켐온,KOSDAQ,Healthcare,Biotechnology
474610,RF시스템즈,KOSDAQ,Industrials,Aerospace & Defense
041440,현대에버다임,KOSDAQ,Industrials,Farm & Heavy Construction Machinery
017510,세명전기,KOSDAQ,,(분류 없음)
054050,NH농우바이오,KOSDAQ,Basic Materials,Agricultural Inputs
047310,파워로직스,KOSDAQ,,(분류 없음)
336680,탑런토탈솔루션,KOSDAQ,Technology,Electronic Components
299030,하나기술,KOSDAQ,Industrials,Specialty Industrial Machinery
041590,플래스크,KOSDAQ,,(분류 없음)
290740,액트로,KOSDAQ,Technology,Electronic Components
051980,중앙첨단소재,KOSDAQ,Healthcare,Diagnostics & Research
122450,KX,KOSDAQ,Communication Services,Broadcasting
049520,유아이엘,KOSDAQ,,(분류 없음)
331920,셀레믹스,KOSDAQ,Healthcare,Medical Devices
109670,씨싸이트,KOSDAQ,Consumer Cyclical,Apparel Manufacturing
443670,에스피소프트,KOSDAQ,Technology,Information Technology Services
396470,워트,KOSDAQ,Technology,Electronic Components
338220,뷰노,KOSDAQ,Healthcare,Health Information Services
153890,져스텍,KOSDAQ,Industrials,Specialty Industrial Machinery
101170,우림피티에스,KOSDAQ,,(분류 없음)
458650,성우,KOSDAQ,Basic Materials,Specialty Chemicals
067990,도이치모터스,KOSDAQ,Consumer Cyclical,Auto & Truck Dealerships
063570,NICE인프라,KOSDAQ,,(분류 없음)
201490,미투온,KOSDAQ,Communication Services,Electronic Gaming & Multimedia
311320,지오엘리먼트,KOSDAQ,Technology,Electronic Components
018120,진로발효,KOSDAQ,,(분류 없음)
039560,다산네트웍스,KOSDAQ,Technology,Communication Equipment
290720,푸드나무,KOSDAQ,Consumer Defensive,Packaged Foods
079650,서산,KOSDAQ,,(분류 없음)
090850,현대이지웰,KOSDAQ,,(분류 없음)
242040,나무AX,KOSDAQ,Technology,Information Technology Services
051360,토비스,KOSDAQ,Technology,Electronic Components
131030,옵투스제약,KOSDAQ,Healthcare,Drug Manufacturers - Specialty & Generic
389020,자람테크놀로지,KOSDAQ,,(분류 없음)
473980,노머스,KOSDAQ,Industrials,Specialty Business Services
086980,쇼박스,KOSDAQ,,(분류 없음)
334970,프레스티지바이오로직스,KOSDAQ,,(분류 없음)
217820,원익피앤이,KOSDAQ,Industrials,Specialty Industrial Machinery
310200,애니플러스,KOSDAQ,Communication Services,Broadcasting
255440,야스,KOSDAQ,Technology,Semiconductor Equipment & Materials
217190,제너셈,KOSDAQ,Technology,Semiconductors
067900,와이엔텍,KOSDAQ,,(분류 없음)
036010,아비코전자,KOSDAQ,Technology,Electronic Components
040300,YTN,KOSDAQ,Communication Services,Internet Content & Information
217270,넵튠,KOSDAQ,Communication Services,Electronic Gaming & Multimedia
175250,아이큐어,KOSDAQ,Healthcare,Drug Manufacturers - Specialty & Generic
036630,세종텔레콤,KOSDAQ,,(분류 없음)
129920,대성하이텍,KOSDAQ,Industrials,Specialty Industrial Machinery
039340,한국경제TV,KOSDAQ,,(분류 없음)
120240,대정화금,KOSDAQ,,(분류 없음)
097800,윈팩,KOSDAQ,Technology,Semiconductors
339950,아이비김영,KOSDAQ,Financial Services,Shell Companies
246710,티앤알바이오팹,KOSDAQ,Healthcare,Medical Devices
317770,엑스페릭스,KOSDAQ,Industrials,Building Products & Equipment
106190,하이텍팜,KOSDAQ,Healthcare,Drug Manufacturers - Specialty & Generic
289930,웨이비스,KOSDAQ,Technology,Semiconductor Equipment & Materials
0011A0,액스비스,KOSDAQ,Industrials,Specialty Industrial Machinery
053350,이니텍,KOSDAQ,,(분류 없음)
073560,우리손에프앤지,KOSDAQ,Consumer Defensive,Farm Products
209640,와이제이링크,KOSDAQ,Technology,Semiconductors
419050,삼기에너지솔루션즈,KOSDAQ,,(분류 없음)
053700,삼보모터스,KOSDAQ,,(분류 없음)
130580,나이스디앤비,KOSDAQ,,(분류 없음)
475230,엔알비,KOSDAQ,Industrials,Engineering & Construction
235980,메드팩토,KOSDAQ,Healthcare,Biotechnology
261780,아리바이오랩,KOSDAQ,Healthcare,Biotechnology
038540,상상인,KOSDAQ,,(분류 없음)
125210,아모그린텍,KOSDAQ,Industrials,Electrical Equipment & Parts
109740,디에스케이,KOSDAQ,,(분류 없음)
123040,엠에스오토텍,KOSDAQ,Consumer Cyclical,Auto Parts
306620,지아이에스,KOSDAQ,Technology,Semiconductors
394420,리센스메디컬,KOSDAQ,Healthcare,Medical Devices
411080,샌즈랩,KOSDAQ,,(분류 없음)
006620,동구바이오제약,KOSDAQ,,(분류 없음)
453450,그리드위즈,KOSDAQ,Industrials,Conglomerates
091440,한울소재과학,KOSDAQ,,(분류 없음)
250060,모비스,KOSDAQ,Technology,Information Technology Services
366030,나인앤컴퍼니,KOSDAQ,Consumer Cyclical,Apparel Manufacturing
105740,디케이락,KOSDAQ,Industrials,Metal Fabrication
100700,세운메디칼,KOSDAQ,,(분류 없음)
475580,에이럭스,KOSDAQ,Technology,Computer Hardware
045970,코아시아,KOSDAQ,,(분류 없음)
189330,씨이랩,KOSDAQ,Technology,Information Technology Services
063170,서울옥션,KOSDAQ,,(분류 없음)
307930,컴퍼니케이,KOSDAQ,Financial Services,Asset Management
246720,아스타,KOSDAQ,Healthcare,Medical Instruments & Supplies
048550,SM C&C,KOSDAQ,,(분류 없음)
309960,LB인베스트먼트,KOSDAQ,,(분류 없음)
439580,블루엠텍,KOSDAQ,Healthcare,Pharmaceutical Retailers
323990,박셀바이오,KOSDAQ,Healthcare,Biotechnology
021080,에이티넘인베스트,KOSDAQ,Financial Services,Asset Management
059210,메타바이오메드,KOSDAQ,,(분류 없음)
352090,스톰테크,KOSDAQ,Industrials,Pollution & Treatment Controls
086960,MDS테크,KOSDAQ,,(분류 없음)
173130,오파스넷,KOSDAQ,Technology,Information Technology Services
049950,미래컴퍼니,KOSDAQ,,(분류 없음)
099750,이지케어텍,KOSDAQ,Healthcare,Health Information Services
412350,레이저쎌,KOSDAQ,,(분류 없음)
357880,SKAI,KOSDAQ,Technology,Software - Infrastructure
088130,동아엘텍,KOSDAQ,,(분류 없음)
066790,씨씨에스,KOSDAQ,Communication Services,Entertainment
493330,지에프아이,KOSDAQ,Industrials,Building Products & Equipment
182360,큐브엔터,KOSDAQ,Communication Services,Entertainment
068240,다원시스,KOSDAQ,Industrials,Railroads
187790,나노,KOSDAQ,Industrials,Pollution & Treatment Controls
298540,더네이쳐홀딩스,KOSDAQ,Consumer Cyclical,Apparel Manufacturing
205100,엑셈,KOSDAQ,Technology,Software - Application
348350,위드텍,KOSDAQ,Technology,Semiconductor Equipment & Materials
091120,이엠텍,KOSDAQ,,(분류 없음)
017650,대림제지,KOSDAQ,,(분류 없음)
330350,위더스제약,KOSDAQ,Healthcare,Drug Manufacturers - Specialty & Generic
002230,피에스텍,KOSDAQ,Consumer Cyclical,Auto Parts
380550,뉴로핏,KOSDAQ,Healthcare,Health Information Services
198440,강동씨앤엘,KOSDAQ,Basic Materials,Building Materials
037030,파워넷,KOSDAQ,Technology,Electronic Components
052900,KX하이텍,KOSDAQ,,(분류 없음)
052420,오성첨단소재,KOSDAQ,,(분류 없음)
074430,아미노로직스,KOSDAQ,,(분류 없음)
234030,싸이닉솔루션,KOSDAQ,Technology,Semiconductors
042500,링네트,KOSDAQ,Technology,Information Technology Services
322180,LS티라유텍,KOSDAQ,Technology,Software - Application
282720,금양그린파워,KOSDAQ,,(분류 없음)
109610,에스와이,KOSDAQ,Industrials,Building Products & Equipment
036220,오상헬스케어,KOSDAQ,Healthcare,Medical Devices
052460,아이크래프트,KOSDAQ,,(분류 없음)
005860,한일사료,KOSDAQ,Consumer Defensive,Packaged Foods
040420,정상제이엘에스,KOSDAQ,Consumer Defensive,Education & Training Services
357580,아모센스,KOSDAQ,Technology,Scientific & Technical Instruments
432470,케이엔에스,KOSDAQ,Industrials,Electrical Equipment & Parts
307870,비투엔,KOSDAQ,Financial Services,Shell Companies
023900,풍국주정,KOSDAQ,Consumer Defensive,Beverages - Brewers
053580,웹케시,KOSDAQ,,(분류 없음)
136150,원일티엔아이,KOSDAQ,Industrials,Specialty Industrial Machinery
303810,동국생명과학,KOSDAQ,Healthcare,Medical Instruments & Supplies
033560,블루콤,KOSDAQ,Technology,Communication Equipment
065450,빅텍,KOSDAQ,Industrials,Aerospace & Defense
009300,삼아제약,KOSDAQ,,(분류 없음)
054540,삼영엠텍,KOSDAQ,Basic Materials,Steel
048910,대원미디어,KOSDAQ,Communication Services,Entertainment
093920,서원인텍,KOSDAQ,,(분류 없음)
013310,아진산업,KOSDAQ,Consumer Cyclical,Auto Parts
457370,한켐,KOSDAQ,Technology,Electronic Components
066590,스모트로닉,KOSDAQ,Consumer Cyclical,Auto Parts
048530,인트론바이오,KOSDAQ,Healthcare,Biotechnology
234300,에스트래픽,KOSDAQ,Technology,Software - Application
047560,이스트소프트,KOSDAQ,,(분류 없음)
357230,에이치피오,KOSDAQ,,(분류 없음)
900260,로스웰,KOSDAQ,Consumer Cyclical,Auto Parts
478560,블랙야크아이앤씨,KOSDAQ,Consumer Cyclical,Footwear & Accessories
0017J0,세미티에스,KOSDAQ,Industrials,Specialty Industrial Machinery
014950,삼익제약,KOSDAQ,Healthcare,Biotechnology
162300,신스틸,KOSDAQ,Basic Materials,Steel
246960,SCL사이언스,KOSDAQ,Healthcare,Medical Devices
362320,청담글로벌,KOSDAQ,Consumer Defensive,Household & Personal Products
251120,바이오에프디엔씨,KOSDAQ,Healthcare,Biotechnology
192410,오늘이엔엠,KOSDAQ,Technology,Communication Equipment
100130,동국S&C,KOSDAQ,,(분류 없음)
096240,크레버스,KOSDAQ,,(분류 없음)
033290,로젠,KOSDAQ,Industrials,Integrated Freight & Logistics
140070,서플러스글로벌,KOSDAQ,Technology,Semiconductor Equipment & Materials
004650,창해에탄올,KOSDAQ,Consumer Defensive,Beverages - Wineries & Distilleries
044990,에이치엔에스하이텍,KOSDAQ,Technology,Electronic Components
062970,한국첨단소재,KOSDAQ,Technology,Communication Equipment
263720,디앤씨미디어,KOSDAQ,Communication Services,Publishing
226400,오스테오닉,KOSDAQ,Healthcare,Medical Devices
185490,아이진,KOSDAQ,Healthcare,Biotechnology
072020,중앙백신,KOSDAQ,Healthcare,Drug Manufacturers - Specialty & Generic
123010,MSDI,KOSDAQ,Technology,Semiconductor Equipment & Materials
078140,대봉엘에스,KOSDAQ,,(분류 없음)
365330,에스와이스틸텍,KOSDAQ,Basic Materials,Steel
067000,조이시티,KOSDAQ,Communication Services,Electronic Gaming & Multimedia
025950,동신건설,KOSDAQ,,(분류 없음)
049180,셀루메드,KOSDAQ,Healthcare,Medical Instruments & Supplies
066700,테라젠이텍스,KOSDAQ,,(분류 없음)
223250,드림씨아이에스,KOSDAQ,Healthcare,Medical Care Facilities
086710,선진뷰티사이언스,KOSDAQ,,(분류 없음)
183490,엔지켐생명과학,KOSDAQ,Healthcare,Drug Manufacturers - Specialty & Generic
215100,로보로보,KOSDAQ,Technology,Computer Hardware
330730,스톤브릿지벤처스,KOSDAQ,Financial Services,Asset Management
038110,에코플라스틱,KOSDAQ,,(분류 없음)
0007J0,인벤테라,KOSDAQ,Healthcare,Biotechnology
058820,CMG제약,KOSDAQ,Healthcare,Drug Manufacturers - Specialty & Generic
085670,뉴프렉스,KOSDAQ,,(분류 없음)
101330,모베이스,KOSDAQ,,(분류 없음)
078890,가온그룹,KOSDAQ,,(분류 없음)
100590,머큐리,KOSDAQ,Technology,Communication Equipment
063080,컴투스홀딩스,KOSDAQ,,(분류 없음)
029480,광무,KOSDAQ,Technology,Electronic Components
007820,엠엑스로보틱스,KOSDAQ,,(분류 없음)
049080,기가레인,KOSDAQ,Technology,Semiconductor Equipment & Materials
032300,한국파마,KOSDAQ,Healthcare,Drug Manufacturers - Specialty & Generic
037760,쎄니트,KOSDAQ,Basic Materials,Steel
389030,지니너스,KOSDAQ,Healthcare,Biotechnology
412540,제일엠앤에스,KOSDAQ,Industrials,Electrical Equipment & Parts
066980,한성크린텍,KOSDAQ,Industrials,Waste Management
294630,서남,KOSDAQ,Technology,Semiconductor Equipment & Materials
036640,HRS,KOSDAQ,,(분류 없음)
302550,리메드,KOSDAQ,Healthcare,Medical Devices
094860,네오리진,KOSDAQ,,(분류 없음)
142280,녹십자엠에스,KOSDAQ,Healthcare,Drug Manufacturers - Specialty & Generic
149980,하이로닉,KOSDAQ,Healthcare,Medical Devices
066430,아이로보틱스,KOSDAQ,Basic Materials,Specialty Chemicals
396270,넥스트칩,KOSDAQ,Technology,Semiconductors
418470,KT밀리의서재,KOSDAQ,Technology,Software - Application
381620,제닉스로보틱스,KOSDAQ,Technology,Semiconductor Equipment & Materials
147760,피엠티,KOSDAQ,,(분류 없음)
058400,KNN,KOSDAQ,Communication Services,Entertainment
032540,TJ미디어,KOSDAQ,,(분류 없음)
054670,대한뉴팜,KOSDAQ,Healthcare,Drug Manufacturers - Specialty & Generic
131370,알서포트,KOSDAQ,Technology,Software - Application
0015S0,페스카로,KOSDAQ,Technology,Software - Application
475430,키스트론,KOSDAQ,Industrials,Electrical Equipment & Parts
382840,원준,KOSDAQ,Industrials,Specialty Industrial Machinery
360070,탑머티리얼,KOSDAQ,Consumer Cyclical,Auto Parts
0117P0,피스피스스튜디오,KOSDAQ,Consumer Cyclical,Apparel Manufacturing
047820,초록뱀미디어,KOSDAQ,Communication Services,Entertainment
323350,다원넥스뷰,KOSDAQ,Industrials,Specialty Industrial Machinery
004590,한국가구,KOSDAQ,Consumer Cyclical,"Furnishings, Fixtures & Appliances"
225530,HC보광산업,KOSDAQ,Basic Materials,Specialty Chemicals
137950,제이씨케미칼,KOSDAQ,Basic Materials,Chemicals
024880,케이피에프,KOSDAQ,Industrials,Tools & Accessories
331380,포커스에이아이,KOSDAQ,Technology,Information Technology Services
388870,파로스아이바이오,KOSDAQ,,(분류 없음)
303360,프로티아,KOSDAQ,Healthcare,Diagnostics & Research
066310,큐에스아이,KOSDAQ,,(분류 없음)
389140,포바이포,KOSDAQ,,(분류 없음)
084730,팅크웨어,KOSDAQ,Technology,Scientific & Technical Instruments
088390,이녹스,KOSDAQ,,(분류 없음)
302430,이노메트리,KOSDAQ,Industrials,Specialty Industrial Machinery
079810,APS이노베이션,KOSDAQ,,(분류 없음)
000440,중앙에너비스,KOSDAQ,,(분류 없음)
073640,테라사이언스,KOSDAQ,,(분류 없음)
089230,THE E&M,KOSDAQ,,(분류 없음)
253840,수젠텍,KOSDAQ,Healthcare,Medical Devices
058630,엠게임,KOSDAQ,,(분류 없음)
012790,신일제약,KOSDAQ,Healthcare,Drug Manufacturers - Specialty & Generic
950130,엑세스바이오,KOSDAQ,Healthcare,Diagnostics & Research
124560,태웅로직스,KOSDAQ,Industrials,Integrated Freight & Logistics
011320,유니크,KOSDAQ,Consumer Cyclical,Auto Parts
030960,양지사,KOSDAQ,,(분류 없음)
102370,케이옥션,KOSDAQ,Industrials,Specialty Business Services
012700,리드코프,KOSDAQ,Energy,Oil & Gas Refining & Marketing
041930,SY동아,KOSDAQ,Consumer Cyclical,Auto Parts
040160,누리플렉스,KOSDAQ,Technology,Software - Application
011370,서한,KOSDAQ,Industrials,Engineering & Construction
065510,휴비츠,KOSDAQ,Healthcare,Medical Devices
010280,아이티센엔텍,KOSDAQ,Technology,Information Technology Services
451250,삐아,KOSDAQ,Consumer Defensive,Household & Personal Products
263800,데이타솔루션,KOSDAQ,Technology,Information Technology Services
104040,디에스엠,KOSDAQ,Consumer Cyclical,Auto Parts
040910,아이씨디,KOSDAQ,Technology,Electronic Components
168330,내츄럴엔도텍,KOSDAQ,Healthcare,Biotechnology
060590,씨티씨바이오,KOSDAQ,Healthcare,Biotechnology
170030,현대공업,KOSDAQ,Consumer Cyclical,Auto Parts
019550,SBI인베스트먼트,KOSDAQ,,(분류 없음)
371950,풍원정밀,KOSDAQ,Technology,Electronic Components
060570,드림어스컴퍼니,KOSDAQ,Communication Services,Entertainment
208140,정다운,KOSDAQ,Consumer Defensive,Packaged Foods
038680,에스넷,KOSDAQ,Technology,Communication Equipment
217330,싸이토젠,KOSDAQ,Healthcare,Diagnostics & Research
080010,이상네트웍스,KOSDAQ,,(분류 없음)
107600,새빗켐,KOSDAQ,Industrials,Waste Management
347890,엠엑스온,KOSDAQ,Technology,Computer Hardware
041910,폴라리스AI파마,KOSDAQ,,(분류 없음)
294140,레몬,KOSDAQ,Consumer Cyclical,Textile Manufacturing
017480,삼현철강,KOSDAQ,Basic Materials,Steel
024740,한일단조,KOSDAQ,,(분류 없음)
067170,오텍,KOSDAQ,Consumer Cyclical,Auto Manufacturers
053280,예스24,KOSDAQ,Consumer Cyclical,Internet Retail
451220,아이엠티,KOSDAQ,Industrials,Specialty Industrial Machinery
039980,폴라리스AI,KOSDAQ,Technology,Information Technology Services
277880,티에스아이,KOSDAQ,Industrials,Specialty Industrial Machinery
020710,시공테크,KOSDAQ,,(분류 없음)
487580,폴레드,KOSDAQ,Consumer Defensive,Household & Personal Products
234920,자이글,KOSDAQ,Consumer Defensive,Household & Personal Products
171120,라이온켐텍,KOSDAQ,Basic Materials,Specialty Chemicals
039010,현대에이치티,KOSDAQ,Technology,Communication Equipment
413390,엠오티,KOSDAQ,Consumer Cyclical,Auto Parts
090470,제이스로보틱스,KOSDAQ,,(분류 없음)
091590,남화토건,KOSDAQ,Industrials,Engineering & Construction
208370,셀바스헬스케어,KOSDAQ,Healthcare,Medical Devices
377480,마음AI,KOSDAQ,Technology,Software - Application
083790,CG인바이츠,KOSDAQ,,(분류 없음)
054040,한국컴퓨터,KOSDAQ,Technology,Electronic Components
038460,바이오스마트,KOSDAQ,,(분류 없음)
212710,아이에스티이,KOSDAQ,Industrials,Specialty Industrial Machinery
320000,한울반도체,KOSDAQ,Technology,Scientific & Technical Instruments
332370,아이디피,KOSDAQ,Technology,Computer Hardware
299660,셀리드,KOSDAQ,Healthcare,Biotechnology
347000,센코,KOSDAQ,Industrials,Building Products & Equipment
128660,피제이메탈,KOSDAQ,Basic Materials,Aluminum
460940,피앤에스로보틱스,KOSDAQ,Technology,Computer Hardware
104460,디와이피엔에프,KOSDAQ,,(분류 없음)
282620,기도산업,KOSDAQ,,
024830,세원물산,KOSDAQ,Consumer Cyclical,Auto Parts
045660,에이텍,KOSDAQ,,(분류 없음)
155650,와이엠씨,KOSDAQ,Technology,Electronic Components
032850,비트컴퓨터,KOSDAQ,Healthcare,Health Information Services
117670,알파칩스,KOSDAQ,Technology,Semiconductors
096350,대창솔루션,KOSDAQ,,(분류 없음)
092040,아미코젠,KOSDAQ,Healthcare,Drug Manufacturers - Specialty & Generic
026150,특수건설,KOSDAQ,,(분류 없음)
110790,크리스에프앤씨,KOSDAQ,Consumer Cyclical,Apparel Manufacturing
0004V0,엔비알모션,KOSDAQ,Basic Materials,Steel
048430,유라테크,KOSDAQ,Consumer Cyclical,Auto Parts
337930,젝시믹스,KOSDAQ,Consumer Cyclical,Apparel Manufacturing
214260,라파스,KOSDAQ,Healthcare,Biotechnology
228670,레이,KOSDAQ,Healthcare,Medical Devices
067570,엔브이에이치코리아,KOSDAQ,Consumer Cyclical,Auto Parts
950220,네오이뮨텍,KOSDAQ,Healthcare,Biotechnology
019540,일지테크,KOSDAQ,,(분류 없음)
417790,트루엔,KOSDAQ,Industrials,Building Products & Equipment
109860,동일금속,KOSDAQ,,(분류 없음)
347860,알체라,KOSDAQ,Technology,Software - Infrastructure
054620,APS,KOSDAQ,Technology,Semiconductors
067370,선바이오,KOSDAQ,Healthcare,Biotechnology
123420,위메이드플레이,KOSDAQ,Communication Services,Electronic Gaming & Multimedia
228340,동양파일,KOSDAQ,Basic Materials,Building Materials
002800,신신제약,KOSDAQ,Healthcare,Drug Manufacturers - Specialty & Generic
076610,해성옵틱스,KOSDAQ,Technology,Electronic Components
265560,영화테크,KOSDAQ,Consumer Cyclical,Auto Parts
456070,이엔셀,KOSDAQ,Healthcare,Biotechnology
049550,잉크테크,KOSDAQ,Basic Materials,Specialty Chemicals
262260,에이프로,KOSDAQ,Industrials,Industrial Distribution
0155E0,해치텍,KOSDAQ,,
089790,제이티,KOSDAQ,Technology,Semiconductor Equipment & Materials
291650,츌립앤사이언스,KOSDAQ,Healthcare,Biotechnology
487400,케이앤에스아이앤씨,KOSDAQ,,
153710,옵티팜,KOSDAQ,Healthcare,Diagnostics & Research
204840,지엘팜텍,KOSDAQ,Healthcare,Drug Manufacturers - Specialty & Generic
417970,모델솔루션,KOSDAQ,Industrials,Metal Fabrication
039610,화성밸브,KOSDAQ,,(분류 없음)
004780,대륙제관,KOSDAQ,Consumer Cyclical,Packaging & Containers
100030,인지소프트,KOSDAQ,Technology,Software - Application
241790,티이엠씨씨엔에스,KOSDAQ,Technology,Semiconductor Equipment & Materials
096250,와이즈넛,KOSDAQ,Technology,Software - Infrastructure
040350,크레오에스지,KOSDAQ,,(분류 없음)
006140,피제이전자,KOSDAQ,Technology,Electronic Components
126880,제이엔케이글로벌,KOSDAQ,,(분류 없음)
061040,알에프텍,KOSDAQ,Technology,Electronic Components
318160,셀바이오휴먼텍,KOSDAQ,Consumer Defensive,Household & Personal Products
111710,남화산업,KOSDAQ,Consumer Cyclical,Leisure
0218L0,네오뷰,KOSDAQ,Industrials,Electrical Equipment & Parts
222110,팬젠,KOSDAQ,Healthcare,Biotechnology
214680,디알텍,KOSDAQ,Healthcare,Medical Devices
014970,삼륭물산,KOSDAQ,Consumer Cyclical,Packaging & Containers
205470,휴마시스,KOSDAQ,Healthcare,Medical Devices
104540,코렌텍,KOSDAQ,Healthcare,Medical Devices
187420,HLB제넥스,KOSDAQ,Basic Materials,Specialty Chemicals
067920,이글루,KOSDAQ,Industrials,Security & Protection Services
095270,웨이브일렉트로,KOSDAQ,,(분류 없음)
214270,FSN,KOSDAQ,Communication Services,Advertising Agencies
049470,비트플래닛,KOSDAQ,,(분류 없음)
048770,TPC로보틱스,KOSDAQ,,(분류 없음)
137080,나래나노텍,KOSDAQ,Technology,Semiconductor Equipment & Materials
382480,지아이텍,KOSDAQ,Industrials,Specialty Industrial Machinery
331740,아우토크립트,KOSDAQ,Technology,Software - Application
424960,스마트레이더시스템,KOSDAQ,Technology,Scientific & Technical Instruments
122350,삼기,KOSDAQ,Consumer Cyclical,Auto Parts
127710,아시아경제,KOSDAQ,Communication Services,Internet Content & Information
315640,딥노이드,KOSDAQ,Healthcare,Health Information Services
089850,유비벨록스,KOSDAQ,Technology,Semiconductors
001840,이화공영,KOSDAQ,Industrials,Engineering & Construction
036000,예림당,KOSDAQ,Communication Services,Publishing
241690,유니테크노,KOSDAQ,Consumer Cyclical,Auto Parts
291230,컴투스엔,KOSDAQ,Communication Services,Advertising Agencies
041460,한국전자인증,KOSDAQ,Industrials,Security & Protection Services
043650,국순당,KOSDAQ,,(분류 없음)
081150,티플랙스,KOSDAQ,,(분류 없음)
294090,이오플로우,KOSDAQ,Healthcare,Medical Devices
033130,디지틀조선,KOSDAQ,,(분류 없음)
064240,홈캐스트,KOSDAQ,,(분류 없음)
0156T0,에이치엘지노믹스,KOSDAQ,Healthcare,Pharmaceutical Retailers
066670,디티씨,KOSDAQ,,(분류 없음)
483350,딜리셔스,KOSDAQ,,
059270,해성에어로보틱스,KOSDAQ,Industrials,Metal Fabrication
065530,와이어블,KOSDAQ,Communication Services,Telecom Services
014470,부방,KOSDAQ,,(분류 없음)
463020,뉴엔AI,KOSDAQ,Technology,Software - Application
043610,KT지니뮤직,KOSDAQ,Communication Services,Internet Content & Information
005670,푸드웰,KOSDAQ,Consumer Defensive,Packaged Foods
145170,노브랜드,KOSDAQ,Consumer Cyclical,Apparel Manufacturing
082210,옵트론텍,KOSDAQ,,(분류 없음)
352910,오비고,KOSDAQ,Technology,Software - Infrastructure
016250,SGC E&C,KOSDAQ,Industrials,Engineering & Construction
203400,에이비온,KOSDAQ,Healthcare,Biotechnology
010240,흥국,KOSDAQ,,(분류 없음)
460870,에스엠씨지,KOSDAQ,Consumer Cyclical,Packaging & Containers
221800,지구홀딩스,KOSDAQ,Healthcare,Diagnostics & Research
039420,케이엘넷,KOSDAQ,Technology,Information Technology Services
056360,코위버,KOSDAQ,Technology,Communication Equipment
054300,팬스타엔터프라이즈,KOSDAQ,Industrials,Specialty Industrial Machinery
008370,원풍,KOSDAQ,Consumer Cyclical,Textile Manufacturing
049480,오픈베이스,KOSDAQ,,(분류 없음)
900110,딥커머스,KOSDAQ,Consumer Cyclical,Apparel Manufacturing
216050,인크로스,KOSDAQ,Communication Services,Advertising Agencies
010470,오리콤,KOSDAQ,Communication Services,Advertising Agencies
448710,코츠테크놀로지,KOSDAQ,Technology,Computer Hardware
094850,참좋은여행,KOSDAQ,,(분류 없음)
950200,소마젠,KOSDAQ,Healthcare,Diagnostics & Research
033320,제이씨현시스템,KOSDAQ,Technology,Electronics & Computer Distribution
036090,위지트,KOSDAQ,Technology,Electronic Components
225190,LK삼양,KOSDAQ,Consumer Cyclical,Leisure
081180,쎄크,KOSDAQ,Industrials,Specialty Industrial Machinery
025550,한국선재,KOSDAQ,Basic Materials,Steel
039020,이건홀딩스,KOSDAQ,,(분류 없음)
251630,브이원텍,KOSDAQ,Technology,Scientific & Technical Instruments
065170,비엘팜텍,KOSDAQ,Consumer Defensive,Food Distribution
299170,더블유에스아이,KOSDAQ,Financial Services,Shell Companies
263690,디알젬,KOSDAQ,Healthcare,Medical Devices
424980,마이크로투나노,KOSDAQ,Technology,Electronic Components
003310,대주산업,KOSDAQ,Consumer Defensive,Packaged Foods
060310,3S,KOSDAQ,,(분류 없음)
099520,DGI,KOSDAQ,,(분류 없음)
050960,수산아이앤티,KOSDAQ,Industrials,Security & Protection Services
192250,케이사인,KOSDAQ,Technology,Software - Infrastructure
045340,토탈소프트,KOSDAQ,,(분류 없음)
273640,와이엠텍,KOSDAQ,Industrials,Electrical Equipment & Parts
464490,쿼드메디슨,KOSDAQ,Healthcare,Medical Instruments & Supplies
053620,태양,KOSDAQ,Basic Materials,Specialty Chemicals
033310,엠투엔,KOSDAQ,,(분류 없음)
191420,테고사이언스,KOSDAQ,,(분류 없음)
037440,희림,KOSDAQ,Industrials,Engineering & Construction
175140,아고스,KOSDAQ,Technology,Communication Equipment
348150,고바이오랩,KOSDAQ,Healthcare,Biotechnology
046210,HLB파나진,KOSDAQ,,(분류 없음)
360350,코셈,KOSDAQ,Technology,Scientific & Technical Instruments
215360,우리산업,KOSDAQ,Consumer Cyclical,Auto Parts
036120,서울평가정보,KOSDAQ,Financial Services,Financial Data & Stock Exchanges
053050,지에스이,KOSDAQ,Utilities,Utilities - Regulated Gas
033230,인성정보,KOSDAQ,Technology,Communication Equipment
317530,에피소드컴퍼니,KOSDAQ,Communication Services,Entertainment
333620,엔시스,KOSDAQ,Industrials,Electrical Equipment & Parts
007370,진양제약,KOSDAQ,Healthcare,Drug Manufacturers - Specialty & Generic
290660,다이나믹솔루션,KOSDAQ,Healthcare,Medical Devices
261520,이지스,KOSDAQ,Technology,Software - Application
340930,성원에너텍,KOSDAQ,Industrials,Specialty Industrial Machinery
365660,레몬헬스케어,KOSDAQ,Healthcare,Health Information Services
263600,덕우전자,KOSDAQ,Technology,Electronic Components
443250,레뷰코퍼레이션,KOSDAQ,Communication Services,Advertising Agencies
217480,에스디생명공학,KOSDAQ,,(분류 없음)
238090,앤디포스,KOSDAQ,Basic Materials,Specialty Chemicals
033170,시그네틱스,KOSDAQ,Technology,Semiconductor Equipment & Materials
419080,엔젯,KOSDAQ,Technology,Computer Hardware
391710,코닉오토메이션,KOSDAQ,Financial Services,Shell Companies
088280,쏘닉스,KOSDAQ,Technology,Semiconductors
288180,케이피항공산업,KOSDAQ,Industrials,Aerospace & Defense
061250,화일약품,KOSDAQ,Healthcare,Drug Manufacturers - Specialty & Generic
036670,삼양케이씨아이,KOSDAQ,,(분류 없음)
435570,에르코스,KOSDAQ,Consumer Defensive,Packaged Foods
459100,위츠,KOSDAQ,Technology,Electronic Components
420570,제이투케이바이오,KOSDAQ,Basic Materials,Specialty Chemicals
040610,SG&G,KOSDAQ,Industrials,Conglomerates
321820,아티스트컴퍼니,KOSDAQ,Communication Services,Advertising Agencies
024910,경창산업,KOSDAQ,Consumer Cyclical,Auto Parts
043710,코스리거글로벌,KOSDAQ,,(분류 없음)
053270,구영테크,KOSDAQ,,(분류 없음)
900300,오가닉티코스메틱,KOSDAQ,Consumer Defensive,Household & Personal Products
0013V0,삼진식품,KOSDAQ,Consumer Defensive,Packaged Foods
179530,애드바이오텍,KOSDAQ,Healthcare,Biotechnology
459550,알트,KOSDAQ,,(분류 없음)
393210,토마토시스템,KOSDAQ,,(분류 없음)
039240,경남스틸,KOSDAQ,,(분류 없음)
163280,에어레인,KOSDAQ,Industrials,Specialty Industrial Machinery
071670,에이테크솔루션,KOSDAQ,,(분류 없음)
170790,파이오링크,KOSDAQ,Technology,Software - Infrastructure
457600,벡트,KOSDAQ,Technology,Information Technology Services
370090,퓨런티어,KOSDAQ,Industrials,Specialty Industrial Machinery
054930,유신,KOSDAQ,Industrials,Engineering & Construction
278650,HLB바이오스텝,KOSDAQ,Healthcare,Biotechnology
053160,프리엠스,KOSDAQ,Technology,Electronic Components
104620,노랑풍선,KOSDAQ,Consumer Cyclical,Leisure
317850,대모,KOSDAQ,Industrials,Farm & Heavy Construction Machinery
109080,옵티시스,KOSDAQ,,(분류 없음)
024950,삼천리자전거,KOSDAQ,Consumer Cyclical,Leisure
064800,포니링크,KOSDAQ,Technology,Software - Application
092300,현우산업,KOSDAQ,Technology,Electronic Components
314140,알피바이오,KOSDAQ,Healthcare,Drug Manufacturers - Specialty & Generic
105760,포스뱅크,KOSDAQ,Technology,Computer Hardware
052790,액토즈소프트,KOSDAQ,Communication Services,Electronic Gaming & Multimedia
027050,코리아나,KOSDAQ,Consumer Defensive,Household & Personal Products
015710,코콤,KOSDAQ,,(분류 없음)
256630,포인트엔지니어링,KOSDAQ,Technology,Electronic Components
094940,푸른로보틱스,KOSDAQ,,(분류 없음)
317830,에스피시스템스,KOSDAQ,Industrials,Specialty Industrial Machinery
019990,에너토크,KOSDAQ,,(분류 없음)
393970,대진첨단소재,KOSDAQ,Basic Materials,Specialty Chemicals
246690,TS인베스트먼트,KOSDAQ,Financial Services,Asset Management
088910,동우팜투테이블,KOSDAQ,Consumer Defensive,Packaged Foods
217500,러셀,KOSDAQ,Technology,Semiconductor Equipment & Materials
355690,에이텀,KOSDAQ,Industrials,Electrical Equipment & Parts
408470,한패스,KOSDAQ,Financial Services,Credit Services
340810,시선AI,KOSDAQ,Technology,Software - Infrastructure
347740,피엔케이피부임상연구센타,KOSDAQ,Healthcare,Diagnostics & Research
376290,씨유테크,KOSDAQ,Technology,Electronic Components
219550,디와이디,KOSDAQ,Consumer Defensive,Household & Personal Products
063440,SM Life Design,KOSDAQ,,(분류 없음)
340360,다보링크,KOSDAQ,Technology,Communication Equipment
046940,우원개발,KOSDAQ,Industrials,Engineering & Construction
044340,위닉스,KOSDAQ,Technology,Consumer Electronics
189860,서전기전,KOSDAQ,Industrials,Electrical Equipment & Parts
382150,온코크로스,KOSDAQ,Technology,Software - Infrastructure
060560,HC홈센타,KOSDAQ,Basic Materials,Building Materials
053450,세코닉스,KOSDAQ,Technology,Electronic Components
321260,프로이천,KOSDAQ,,(분류 없음)
311690,CJ 바이오사이언스,KOSDAQ,Healthcare,Biotechnology
463480,모티브링크,KOSDAQ,Technology,Electronic Components
348080,큐라티스,KOSDAQ,Healthcare,Biotechnology
199550,레이저옵텍,KOSDAQ,Healthcare,Medical Devices
122310,제노레이,KOSDAQ,Healthcare,Diagnostics & Research
232830,아이티센피엔에스,KOSDAQ,Technology,Software - Infrastructure
452400,이닉스,KOSDAQ,Consumer Cyclical,Auto Parts
038010,제일테크노스,KOSDAQ,Basic Materials,Steel
476040,오가노이드사이언스,KOSDAQ,Healthcare,Biotechnology
418250,시큐레터,KOSDAQ,Technology,Software - Infrastructure
042110,에스씨디,KOSDAQ,,(분류 없음)
373160,데이원컴퍼니,KOSDAQ,Consumer Defensive,Education & Training Services
059100,아이컴포넌트,KOSDAQ,Technology,Electronic Components
014190,원익큐브,KOSDAQ,Basic Materials,Specialty Chemicals
440290,HB인베스트먼트,KOSDAQ,Financial Services,Asset Management
226340,본느,KOSDAQ,Consumer Defensive,Household & Personal Products
317690,퀀타매트릭스,KOSDAQ,Healthcare,Medical Devices
065130,탑엔지니어링,KOSDAQ,Technology,Semiconductor Equipment & Materials
023440,제이스코홀딩스,KOSDAQ,Basic Materials,Steel
453860,에이에스텍,KOSDAQ,Industrials,Aerospace & Defense
277070,린드먼아시아,KOSDAQ,,(분류 없음)
222420,쎄노텍,KOSDAQ,Basic Materials,Specialty Chemicals
032960,동일기연,KOSDAQ,Industrials,Electrical Equipment & Parts
179900,유티아이,KOSDAQ,Technology,Electronic Components
384470,코어라인소프트,KOSDAQ,Healthcare,Diagnostics & Research
073110,엘엠에스,KOSDAQ,,(분류 없음)
068330,일신바이오,KOSDAQ,,(분류 없음)
189980,흥국에프엔비,KOSDAQ,Consumer Defensive,Beverages - Non-Alcoholic
094970,제이엠티,KOSDAQ,,(분류 없음)
150900,파수AI,KOSDAQ,Technology,Software - Infrastructure
037950,엘컴텍,KOSDAQ,Technology,Communication Equipment
229000,젠큐릭스,KOSDAQ,Healthcare,Diagnostics & Research
361570,알비더블유,KOSDAQ,Communication Services,Entertainment
131400,이브이첨단소재,KOSDAQ,,(분류 없음)
471820,셀로맥스사이언스,KOSDAQ,Healthcare,Pharmaceutical Retailers
083550,케이엠,KOSDAQ,,(분류 없음)
263700,케어랩스,KOSDAQ,Healthcare,Health Information Services
072990,에이치시티,KOSDAQ,Technology,Semiconductors
053980,오상자이엘,KOSDAQ,Technology,Software - Application
198080,캐프,KOSDAQ,Technology,Communication Equipment
114450,그린생명과학,KOSDAQ,,(분류 없음)
0010V0,제이피아이헬스케어,KOSDAQ,Healthcare,Medical Devices
143540,영우디에스피,KOSDAQ,,(분류 없음)
466410,사이냅소프트,KOSDAQ,Technology,Software - Application
051390,YW,KOSDAQ,Technology,Communication Equipment
033340,좋은사람들,KOSDAQ,Consumer Cyclical,Apparel Manufacturing
260930,씨티케이,KOSDAQ,Industrials,Specialty Business Services
050120,ES큐브,KOSDAQ,,(분류 없음)
066130,하츠,KOSDAQ,Consumer Cyclical,"Furnishings, Fixtures & Appliances"
227950,엔투텍,KOSDAQ,,(분류 없음)
178780,일월지엠엘,KOSDAQ,Technology,Electronic Components
288330,파라택시스코리아,KOSDAQ,Financial Services,Capital Markets
072470,우리산업홀딩스,KOSDAQ,Consumer Cyclical,Auto Parts
900250,크리스탈신소재,KOSDAQ,Basic Materials,Chemicals
317870,엔바이오니아,KOSDAQ,Industrials,Waste Management
460470,아이빔테크놀로지,KOSDAQ,Healthcare,Medical Devices
373200,엑스플러스,KOSDAQ,Technology,Software - Application
099410,동방선기,KOSDAQ,,(분류 없음)
258610,케일럼,KOSDAQ,Industrials,Specialty Industrial Machinery
196300,HLB펩,KOSDAQ,Basic Materials,Chemicals
479960,위너스일렉,KOSDAQ,Industrials,Electrical Equipment & Parts
900340,윙입푸드,KOSDAQ,Consumer Defensive,Packaged Foods
022220,티케이지애강,KOSDAQ,Industrials,Building Products & Equipment
082850,우리바이오,KOSDAQ,,(분류 없음)
042040,케이피엠테크,KOSDAQ,,(분류 없음)
263020,디케이앤디,KOSDAQ,Consumer Cyclical,Textile Manufacturing
086060,진바이오텍,KOSDAQ,,(분류 없음)
129890,앱코,KOSDAQ,Technology,Computer Hardware
140520,대창스틸,KOSDAQ,Basic Materials,Steel
413640,비아이매트릭스,KOSDAQ,Technology,Software - Infrastructure
307280,원바이오젠,KOSDAQ,Healthcare,Medical Instruments & Supplies
256150,한독크린텍,KOSDAQ,Industrials,Pollution & Treatment Controls
461030,아이엠비디엑스,KOSDAQ,Healthcare,Diagnostics & Research
261200,덴티스,KOSDAQ,Healthcare,Medical Instruments & Supplies
159580,제로투세븐,KOSDAQ,Consumer Cyclical,Apparel Manufacturing
290670,대보마그네틱,KOSDAQ,Industrials,Metal Fabrication
190650,코리아에셋투자증권,KOSDAQ,Financial Services,Capital Markets
002290,삼일기업공사,KOSDAQ,,(분류 없음)
007680,대원,KOSDAQ,Industrials,Conglomerates
263810,상신전자,KOSDAQ,Technology,Electronic Components
084650,랩지노믹스,KOSDAQ,,(분류 없음)
056700,신화인터텍,KOSDAQ,Basic Materials,Specialty Chemicals
286750,나노실리칸첨단소재,KOSDAQ,Technology,Electronic Components
100660,서암기계공업,KOSDAQ,Industrials,Tools & Accessories
136410,아셈스,KOSDAQ,Basic Materials,Specialty Chemicals
189690,포시에스,KOSDAQ,Technology,Software - Application
238120,얼라인드,KOSDAQ,Healthcare,Medical Devices
224110,에이텍모빌리티,KOSDAQ,Technology,Communication Equipment
199480,뱅크웨어글로벌,KOSDAQ,Technology,Software - Application
263770,유에스티,KOSDAQ,Basic Materials,Steel
452200,민테크,KOSDAQ,Industrials,Electrical Equipment & Parts
465480,인스피언,KOSDAQ,Technology,Software - Infrastructure
203450,유니온바이오메트릭스,KOSDAQ,,(분류 없음)
064090,인크레더블버즈,KOSDAQ,Consumer Defensive,Household & Personal Products
066900,디에이피,KOSDAQ,,(분류 없음)
037230,한국팩키지,KOSDAQ,Consumer Cyclical,Packaging & Containers
053950,경남제약,KOSDAQ,,(분류 없음)
049830,승일,KOSDAQ,Consumer Cyclical,Packaging & Containers
044960,이글벳,KOSDAQ,,(분류 없음)
025880,케이씨피드,KOSDAQ,,(분류 없음)
184230,SGA솔루션즈,KOSDAQ,Technology,Software - Application
218150,미래생명자원,KOSDAQ,Consumer Defensive,Farm Products
221980,케이디켐,KOSDAQ,Basic Materials,Specialty Chemicals
352700,씨앤투스,KOSDAQ,Consumer Cyclical,Textile Manufacturing
052220,iMBC,KOSDAQ,,(분류 없음)
065440,이루온,KOSDAQ,,(분류 없음)
045510,정원엔시스,KOSDAQ,Technology,Electronics & Computer Distribution
007530,와이엠,KOSDAQ,,(분류 없음)
450330,하스,KOSDAQ,Healthcare,Medical Instruments & Supplies
081580,성우전자,KOSDAQ,,(분류 없음)
050860,아세아텍,KOSDAQ,,(분류 없음)
019770,서연탑메탈,KOSDAQ,Consumer Cyclical,Auto Parts
046310,백금T&A,KOSDAQ,,(분류 없음)
221840,하이즈항공,KOSDAQ,Industrials,Aerospace & Defense
273060,와이즈버즈,KOSDAQ,Communication Services,Advertising Agencies
215380,콜마바이오텍,KOSDAQ,Healthcare,Biotechnology
446840,지슨,KOSDAQ,,(분류 없음)
054780,키이스트,KOSDAQ,,(분류 없음)
219420,링크제니시스,KOSDAQ,Technology,Semiconductors
097870,효성오앤비,KOSDAQ,,(분류 없음)
101240,씨큐브,KOSDAQ,Basic Materials,Chemicals
250000,보라티알,KOSDAQ,Consumer Defensive,Grocery Stores
234100,폴라리스세원,KOSDAQ,Consumer Cyclical,Auto Parts
171010,램테크놀러지,KOSDAQ,Technology,Semiconductor Equipment & Materials
208710,포톤,KOSDAQ,Technology,Electronic Components
122690,서진오토모티브,KOSDAQ,,(분류 없음)
038070,서린바이오,KOSDAQ,Healthcare,Biotechnology
258790,소프트캠프,KOSDAQ,,(분류 없음)
065500,오리엔트정공,KOSDAQ,Consumer Cyclical,Auto Parts
039290,인포뱅크,KOSDAQ,,(분류 없음)
037370,EG,KOSDAQ,Basic Materials,Chemicals
121890,에스디시스템,KOSDAQ,Industrials,Specialty Industrial Machinery
042940,상지건설,KOSDAQ,Industrials,Engineering & Construction
035460,기산텔레콤,KOSDAQ,Technology,Communication Equipment
239890,피엔에이치테크,KOSDAQ,Basic Materials,Specialty Chemicals
086040,바이오톡스텍,KOSDAQ,,(분류 없음)
406820,뷰티스킨,KOSDAQ,Consumer Defensive,Household & Personal Products
043910,자연과환경,KOSDAQ,,(분류 없음)
284620,카이노스메드,KOSDAQ,Healthcare,Biotechnology
123570,이엠넷,KOSDAQ,,(분류 없음)
057540,옴니시스템,KOSDAQ,,(분류 없음)
068940,셀피글로벌,KOSDAQ,,(분류 없음)
363250,진시스템,KOSDAQ,Healthcare,Diagnostics & Research
026040,제이에스티나,KOSDAQ,Consumer Cyclical,Luxury Goods
014570,고려제약,KOSDAQ,Healthcare,Drug Manufacturers - General
060850,영림원소프트랩,KOSDAQ,Technology,Software - Application
318410,비비씨,KOSDAQ,Industrials,Tools & Accessories
046390,삼화네트웍스,KOSDAQ,,(분류 없음)
196450,코아시아씨엠,KOSDAQ,Technology,Electronic Components
045060,오공,KOSDAQ,Basic Materials,Specialty Chemicals
387570,파인메딕스,KOSDAQ,Healthcare,Medical Devices
263050,유틸렉스,KOSDAQ,Healthcare,Biotechnology
177900,쓰리에이로직스,KOSDAQ,Technology,Electronic Components
332290,누보,KOSDAQ,Basic Materials,Specialty Chemicals
066360,체리부로,KOSDAQ,Consumer Defensive,Packaged Foods
051490,나라엠앤디,KOSDAQ,Industrials,Metal Fabrication
024120,KB오토시스,KOSDAQ,Consumer Cyclical,Auto Parts
027830,대성창투,KOSDAQ,,(분류 없음)
452300,캡스톤파트너스,KOSDAQ,Financial Services,Asset Management
060540,에스에이티,KOSDAQ,,(분류 없음)
0010F0,보원케미칼,KOSDAQ,Basic Materials,Specialty Chemicals
204020,그리티,KOSDAQ,Consumer Cyclical,Apparel Retail
260660,알리코제약,KOSDAQ,Healthcare,Drug Manufacturers - Specialty & Generic
207760,미스터블루,KOSDAQ,Communication Services,Publishing
417860,오브젠,KOSDAQ,Technology,Software - Application
153460,네이블,KOSDAQ,,(분류 없음)
434480,모니터랩,KOSDAQ,,(분류 없음)
186230,그린플러스,KOSDAQ,Basic Materials,Aluminum
206400,베노티앤알,KOSDAQ,Communication Services,Electronic Gaming & Multimedia
397810,애드포러스,KOSDAQ,Communication Services,Advertising Agencies
075130,플랜티넷,KOSDAQ,Technology,Software - Infrastructure
057030,YBM넷,KOSDAQ,,(분류 없음)
469750,아이비젼웍스,KOSDAQ,Industrials,Specialty Industrial Machinery
431190,케이쓰리아이,KOSDAQ,Technology,Software - Infrastructure
290090,트윔,KOSDAQ,Technology,Software - Application
432430,와이랩,KOSDAQ,Communication Services,Entertainment
290120,DH오토리드,KOSDAQ,Consumer Cyclical,Auto Parts
106240,파인테크닉스,KOSDAQ,,(분류 없음)
270520,앱튼,KOSDAQ,Utilities,Utilities - Renewable
310870,디와이씨,KOSDAQ,Consumer Cyclical,Auto Parts
104200,NHN벅스,KOSDAQ,Communication Services,Internet Content & Information
052600,한네트,KOSDAQ,Industrials,Specialty Business Services
131090,시큐브,KOSDAQ,Technology,Software - Infrastructure
099220,SDN,KOSDAQ,,(분류 없음)
064520,테크엘,KOSDAQ,,(분류 없음)
038060,루멘스바이오스,KOSDAQ,,(분류 없음)
335810,프리시젼바이오,KOSDAQ,Healthcare,Medical Devices
208860,다산디엠씨,KOSDAQ,Consumer Cyclical,Auto Parts
476080,M83,KOSDAQ,Communication Services,Entertainment
408900,스튜디오미르,KOSDAQ,Communication Services,Entertainment
220180,폴라리스AI핸디,KOSDAQ,Technology,Software - Infrastructure
006920,모헨즈,KOSDAQ,Basic Materials,Building Materials
215090,솔디펜스,KOSDAQ,Technology,Scientific & Technical Instruments
089140,넥스턴앤롤코리아,KOSDAQ,,(분류 없음)
133750,메가엠디,KOSDAQ,Consumer Defensive,Education & Training Services
200780,비씨월드제약,KOSDAQ,Healthcare,Drug Manufacturers - General
068050,팬엔터테인먼트,KOSDAQ,,(분류 없음)
032790,엠젠솔루션,KOSDAQ,Healthcare,Biotechnology
270870,뉴트리,KOSDAQ,Consumer Defensive,Packaged Foods
033830,티비씨,KOSDAQ,Communication Services,Entertainment
318020,포인트모바일,KOSDAQ,Technology,Communication Equipment
021650,한국큐빅,KOSDAQ,Industrials,Specialty Business Services
065950,웰크론,KOSDAQ,Consumer Cyclical,Textile Manufacturing
169330,엠브레인,KOSDAQ,Communication Services,Advertising Agencies
271830,팸텍,KOSDAQ,,(분류 없음)
462510,라메디텍,KOSDAQ,Healthcare,Medical Devices
900270,헝셩그룹,KOSDAQ,Consumer Cyclical,Leisure
311390,네오크레마,KOSDAQ,Basic Materials,Specialty Chemicals
025440,DH오토웨어,KOSDAQ,Consumer Cyclical,Auto Parts
226330,신테카바이오,KOSDAQ,Healthcare,Health Information Services
031510,오스템,KOSDAQ,Consumer Cyclical,Auto Parts
430690,한싹,KOSDAQ,Technology,Software - Infrastructure
050110,캠시스,KOSDAQ,,(분류 없음)
419120,산돌,KOSDAQ,Technology,Software - Infrastructure
296640,이노에이엑스,KOSDAQ,Technology,Software - Application
148930,에이치와이티씨,KOSDAQ,Technology,Electronic Components
127980,화인써키트,KOSDAQ,Technology,Electronic Components
080520,오디텍,KOSDAQ,,(분류 없음)
012620,원일특강,KOSDAQ,Basic Materials,Steel
087600,픽셀플러스,KOSDAQ,Technology,Semiconductors
016600,큐캐피탈,KOSDAQ,,(분류 없음)
258830,세종메디칼,KOSDAQ,,(분류 없음)
109820,진매트릭스,KOSDAQ,Healthcare,Diagnostics & Research
090410,덕신이피씨,KOSDAQ,Industrials,Industrial Distribution
091340,S&K폴리텍,KOSDAQ,,(분류 없음)
263920,휴엠앤씨,KOSDAQ,Consumer Defensive,Household & Personal Products
038620,위즈코프,KOSDAQ,Technology,Information Technology Services
093380,풍강,KOSDAQ,,(분류 없음)
376980,원티드랩,KOSDAQ,Communication Services,Internet Content & Information
444530,심플랫폼,KOSDAQ,Technology,Software - Application
153490,우리이앤엘하루틴,KOSDAQ,Industrials,Electrical Equipment & Parts
173940,에프엔씨엔터,KOSDAQ,Communication Services,Entertainment
462310,뉴키즈온,KOSDAQ,Consumer Cyclical,Apparel Manufacturing
464580,닷밀,KOSDAQ,Communication Services,Entertainment
197140,디지캡,KOSDAQ,Technology,Software - Application
049120,파인디앤씨,KOSDAQ,Technology,Electronic Components
064480,브리지텍,KOSDAQ,Technology,Information Technology Services
364950,에이아이코리아,KOSDAQ,Technology,Semiconductors
237820,플레이디,KOSDAQ,Communication Services,Advertising Agencies
159910,에코글로우,KOSDAQ,Consumer Defensive,Household & Personal Products
462980,아이지넷,KOSDAQ,Technology,Software - Application
075970,동국알앤에스,KOSDAQ,Industrials,Building Products & Equipment
246250,에스엘에스바이오,KOSDAQ,Healthcare,Diagnostics & Research
037330,인지디스플레,KOSDAQ,,(분류 없음)
356890,싸이버원,KOSDAQ,Technology,Software - Infrastructure
071850,캐스텍코리아,KOSDAQ,Consumer Cyclical,Auto Parts
262840,아이퀘스트,KOSDAQ,Technology,Software - Application
099390,브레인즈컴퍼니,KOSDAQ,,(분류 없음)
369370,블리츠웨이엔터테인먼트,KOSDAQ,Consumer Cyclical,Leisure
336060,웨이버스,KOSDAQ,Technology,Software - Application
038870,에코심플렉스,KOSDAQ,,(분류 없음)
038950,파인디지털,KOSDAQ,Technology,Communication Equipment
020180,대신정보통신,KOSDAQ,,(분류 없음)
070590,인티큐브,KOSDAQ,,(분류 없음)
073570,리튬포어스,KOSDAQ,Technology,Semiconductors
388610,지에프씨생명과학,KOSDAQ,Healthcare,Biotechnology
300120,라온피플,KOSDAQ,Technology,Computer Hardware
464280,티디에스팜,KOSDAQ,Healthcare,Drug Manufacturers - General
097780,에코볼트,KOSDAQ,,(분류 없음)
200350,아티스트스튜디오,KOSDAQ,Communication Services,Entertainment
452160,제이엔비,KOSDAQ,Technology,Semiconductor Equipment & Materials
045300,성우테크론,KOSDAQ,Technology,Semiconductor Equipment & Materials
188260,세니젠,KOSDAQ,Healthcare,Biotechnology
073540,에프알텍,KOSDAQ,,(분류 없음)
128540,에코캡,KOSDAQ,Consumer Cyclical,Auto Parts
109960,앱토크롬,KOSDAQ,,(분류 없음)
317240,TS트릴리온,KOSDAQ,Consumer Defensive,Household & Personal Products
031310,아이즈비전,KOSDAQ,,(분류 없음)
187270,신화콘텍,KOSDAQ,Technology,Electronic Components
377030,비트맥스,KOSDAQ,Technology,Software - Infrastructure
079170,한창산업,KOSDAQ,,(분류 없음)
290560,파라택시스이더리움,KOSDAQ,Technology,Software - Infrastructure
407400,꿈비,KOSDAQ,,(분류 없음)
043220,티에스넥스젠,KOSDAQ,,(분류 없음)
333050,이노테나,KOSDAQ,Technology,Software - Infrastructure
088340,유라클,KOSDAQ,Technology,Software - Application
160550,NEW,KOSDAQ,Communication Services,Entertainment
367000,플래티어,KOSDAQ,,(분류 없음)
239610,에이치엘사이언스,KOSDAQ,Healthcare,Drug Manufacturers - Specialty & Generic
033540,파라텍,KOSDAQ,,(분류 없음)
254120,자비스,KOSDAQ,Industrials,Specialty Industrial Machinery
019570,GMI벤처,KOSDAQ,,(분류 없음)
900070,글로벌에스엠,KOSDAQ,Industrials,Tools & Accessories
119500,포메탈,KOSDAQ,Industrials,Metal Fabrication
043340,에쎈테크,KOSDAQ,Industrials,Metal Fabrication
068100,케이웨더,KOSDAQ,Technology,Scientific & Technical Instruments
130500,GH신소재,KOSDAQ,Consumer Cyclical,Footwear & Accessories
225220,제놀루션,KOSDAQ,Healthcare,Biotechnology
115480,씨유메디칼,KOSDAQ,,(분류 없음)
008470,부스타,KOSDAQ,Industrials,Specialty Industrial Machinery
089150,케이씨티,KOSDAQ,,(분류 없음)
373170,엠아이큐브솔루션,KOSDAQ,Technology,Software - Infrastructure
148250,알엔투테크놀로지,KOSDAQ,Technology,Semiconductors
351330,이삭엔지니어링,KOSDAQ,,(분류 없음)
198940,한주라이트메탈,KOSDAQ,Consumer Cyclical,Auto Parts
114630,폴라리스우노,KOSDAQ,Basic Materials,Specialty Chemicals
318010,팜스빌,KOSDAQ,Healthcare,Drug Manufacturers - Specialty & Generic
236810,엔비티,KOSDAQ,Technology,Software - Application
368970,오에스피,KOSDAQ,,(분류 없음)
067010,이씨에스,KOSDAQ,,(분류 없음)
016670,디모아,KOSDAQ,,(분류 없음)
048470,대동스틸,KOSDAQ,,(분류 없음)
376180,피코그램,KOSDAQ,Consumer Cyclical,"Furnishings, Fixtures & Appliances"
007770,한일화학,KOSDAQ,Basic Materials,Specialty Chemicals
072770,멤레이비티,KOSDAQ,,(분류 없음)
195500,마니커에프앤지,KOSDAQ,Consumer Defensive,Packaged Foods
057680,티사이언티픽,KOSDAQ,,(분류 없음)
450520,인스웨이브,KOSDAQ,Technology,Information Technology Services
101670,하이드로리튬,KOSDAQ,,(분류 없음)
290270,휴네시온,KOSDAQ,Technology,Software - Application
080530,코디,KOSDAQ,Consumer Defensive,Household & Personal Products
066910,손오공,KOSDAQ,,(분류 없음)
017000,신원종합개발,KOSDAQ,,(분류 없음)
060230,제이케이시냅스,KOSDAQ,,(분류 없음)
900310,컬러레이,KOSDAQ,Industrials,Consulting Services
016920,카스,KOSDAQ,,(분류 없음)
078590,휴림에이텍,KOSDAQ,,(분류 없음)
091970,LSK아이로봇,KOSDAQ,Basic Materials,Specialty Chemicals
288620,에스프리즘,KOSDAQ,Industrials,Electrical Equipment & Parts
013720,청보,KOSDAQ,,(분류 없음)
297570,아틀라스링크,KOSDAQ,Technology,Computer Hardware
139670,키네마스터,KOSDAQ,Technology,Software - Application
032750,삼진,KOSDAQ,Technology,Electronic Components
140430,카티스,KOSDAQ,Industrials,Building Products & Equipment
383930,디티앤씨알오,KOSDAQ,Healthcare,Biotechnology
131220,대한과학,KOSDAQ,Technology,Scientific & Technical Instruments
096630,에스코넥,KOSDAQ,,(분류 없음)
359090,씨엔알리서치,KOSDAQ,Healthcare,Health Information Services
123840,뉴온,KOSDAQ,Industrials,Specialty Industrial Machinery
069410,엔텔스,KOSDAQ,Technology,Software - Infrastructure
328380,솔트웨어,KOSDAQ,Technology,Software - Infrastructure
047080,한빛소프트,KOSDAQ,Communication Services,Electronic Gaming & Multimedia
060380,동양에스텍,KOSDAQ,,(분류 없음)
363260,모비데이즈,KOSDAQ,Communication Services,Advertising Agencies
079000,와토스코리아,KOSDAQ,,(분류 없음)
398120,에스지헬스케어,KOSDAQ,Healthcare,Medical Devices
069140,누리플랜,KOSDAQ,Industrials,Engineering & Construction
052300,오션인더블유,KOSDAQ,,(분류 없음)
215790,이노인스트루먼트,KOSDAQ,Technology,Communication Equipment
053290,NE능률,KOSDAQ,,(분류 없음)
103840,우양,KOSDAQ,Consumer Defensive,Packaged Foods
429270,시지트로닉스,KOSDAQ,Technology,Semiconductors
193250,링크드,KOSDAQ,Technology,Electronic Components
033050,제이엠아이,KOSDAQ,Technology,Computer Hardware
191410,육일씨엔에쓰,KOSDAQ,Technology,Electronic Components
290520,신도기연,KOSDAQ,Industrials,Specialty Industrial Machinery
348030,모비릭스,KOSDAQ,Communication Services,Electronic Gaming & Multimedia
079190,케스피온,KOSDAQ,,(분류 없음)
096690,에이루트,KOSDAQ,Technology,Computer Hardware
134060,이퓨쳐,KOSDAQ,Communication Services,Publishing
146060,율촌,KOSDAQ,Basic Materials,Steel
069920,엑시온그룹,KOSDAQ,,(분류 없음)
043200,파루,KOSDAQ,Industrials,Electrical Equipment & Parts
458350,에스팀,KOSDAQ,Communication Services,Entertainment
090150,아이윈,KOSDAQ,,(분류 없음)
002680,한탑,KOSDAQ,Consumer Defensive,Farm Products
238490,힘스,KOSDAQ,Technology,Semiconductor Equipment & Materials
001810,무림SP,KOSDAQ,Basic Materials,Paper & Paper Products
138070,신진에스엠,KOSDAQ,Industrials,Tools & Accessories
038880,아이에이,KOSDAQ,,(분류 없음)
054090,삼진엘앤디,KOSDAQ,,(분류 없음)
101400,엔시트론,KOSDAQ,Technology,Semiconductors
322780,코퍼스코리아,KOSDAQ,Communication Services,Entertainment
351870,차이커뮤니케이션,KOSDAQ,Communication Services,Advertising Agencies
105550,엣지파운드리,KOSDAQ,Consumer Cyclical,Auto Parts
027040,서울전자통신,KOSDAQ,Technology,Electronic Components
389680,유디엠텍,KOSDAQ,Technology,Information Technology Services
368600,아이씨에이치,KOSDAQ,Technology,Electronic Components
044780,에이치케이,KOSDAQ,Industrials,Specialty Industrial Machinery
083660,CSA 코스믹,KOSDAQ,,(분류 없음)
021880,메이슨캐피탈,KOSDAQ,,(분류 없음)
131180,딜리,KOSDAQ,,(분류 없음)
123750,알톤,KOSDAQ,Consumer Cyclical,Leisure
148780,비큐AI,KOSDAQ,Technology,Software - Application
101680,한국정밀기계,KOSDAQ,,(분류 없음)
257370,피엔티엠에스,KOSDAQ,Industrials,Specialty Industrial Machinery
415380,스튜디오삼익,KOSDAQ,Consumer Cyclical,"Furnishings, Fixtures & Appliances"
115530,씨엔플러스,KOSDAQ,Technology,Electronic Components
016100,리더스코스메틱,KOSDAQ,Consumer Defensive,Household & Personal Products
035200,프럼파스트,KOSDAQ,,(분류 없음)
020400,대동금속,KOSDAQ,Industrials,Metal Fabrication
115160,휴맥스,KOSDAQ,Technology,Communication Equipment
058110,멕아이씨에스,KOSDAQ,,(분류 없음)
083640,인콘,KOSDAQ,,(분류 없음)
039740,한국정보공학,KOSDAQ,,(분류 없음)
267790,배럴,KOSDAQ,Consumer Cyclical,Apparel Manufacturing
365590,하이딥,KOSDAQ,Technology,Semiconductor Equipment & Materials
378800,샤페론,KOSDAQ,Healthcare,Biotechnology
177830,파버나인,KOSDAQ,Technology,Electronic Components
206560,덱스터,KOSDAQ,Communication Services,Entertainment
033200,모아텍,KOSDAQ,Technology,Electronic Components
405920,나라셀라,KOSDAQ,,(분류 없음)
318000,KBG,KOSDAQ,Basic Materials,Specialty Chemicals
188040,바이오포트,KOSDAQ,Consumer Defensive,Packaged Foods
475660,에스켐,KOSDAQ,Technology,Electronic Components
215480,토박스코리아,KOSDAQ,Consumer Cyclical,Apparel Retail
032680,소프트센,KOSDAQ,,(분류 없음)
222980,한국맥널티,KOSDAQ,Consumer Defensive,Farm Products
208350,지란지교시큐리티,KOSDAQ,Technology,Software - Application
051380,피씨디렉트,KOSDAQ,Technology,Electronics & Computer Distribution
076080,웰크론한텍,KOSDAQ,,(분류 없음)
355390,크라우드웍스,KOSDAQ,Technology,Software - Infrastructure
054940,엑사이엔씨,KOSDAQ,,(분류 없음)
298060,풍전약품,KOSDAQ,Healthcare,Biotechnology
464500,아이언디바이스,KOSDAQ,Technology,Semiconductors
023770,플레이위드,KOSDAQ,,(분류 없음)
018680,서울제약,KOSDAQ,Healthcare,Drug Manufacturers - Specialty & Generic
027580,상보,KOSDAQ,,(분류 없음)
043590,웰킵스하이텍,KOSDAQ,,(분류 없음)
065690,파커스,KOSDAQ,Industrials,Specialty Industrial Machinery
036480,대성미생물,KOSDAQ,Healthcare,Biotechnology
013810,스페코,KOSDAQ,Basic Materials,Building Materials
377330,이지트로닉스,KOSDAQ,Technology,Electronic Components
224060,더코디,KOSDAQ,Technology,Semiconductor Equipment & Materials
032800,판타지오,KOSDAQ,Communication Services,Entertainment
115570,스타플렉스,KOSDAQ,Industrials,Specialty Business Services
223310,사토시홀딩스,KOSDAQ,Technology,Software - Application
187220,디티앤씨,KOSDAQ,Technology,Information Technology Services
017250,인터엠,KOSDAQ,Technology,Electronics & Computer Distribution
007720,소노스퀘어,KOSDAQ,Industrials,Conglomerates
417180,핑거스토리,KOSDAQ,,(분류 없음)
303530,이노뎁,KOSDAQ,Technology,Information Technology Services
219750,한국비티비,KOSDAQ,Healthcare,Medical Instruments & Supplies
237750,피앤씨테크,KOSDAQ,Industrials,Electrical Equipment & Parts
352940,인바이오,KOSDAQ,Basic Materials,Agricultural Inputs
432980,엠에프씨,KOSDAQ,,(분류 없음)
238200,비피도,KOSDAQ,Consumer Defensive,Packaged Foods
065370,위세아이텍,KOSDAQ,Technology,Information Technology Services
032080,아즈텍WB,KOSDAQ,,(분류 없음)
032860,더라미,KOSDAQ,Industrials,Waste Management
317120,라닉스,KOSDAQ,Technology,Semiconductors
018700,졸스,KOSDAQ,Communication Services,Entertainment
200230,텔콘RF제약,KOSDAQ,Healthcare,Drug Manufacturers - Specialty & Generic
192390,윈하이텍,KOSDAQ,Industrials,Metal Fabrication
340440,세림B&G,KOSDAQ,Consumer Cyclical,Packaging & Containers
039310,세중,KOSDAQ,Consumer Cyclical,Travel Services
045520,크린앤사이언스,KOSDAQ,Industrials,Specialty Industrial Machinery
331520,밸로프,KOSDAQ,,(분류 없음)
032280,삼일,KOSDAQ,Industrials,Trucking
277410,인산가,KOSDAQ,Consumer Defensive,Packaged Foods
023790,동일스틸럭스,KOSDAQ,,(분류 없음)
424760,벨로크,KOSDAQ,,(분류 없음)
053060,세동,KOSDAQ,,(분류 없음)
067730,로지시스,KOSDAQ,Industrials,Specialty Business Services
054220,비츠로시스,KOSDAQ,Industrials,Electrical Equipment & Parts
361670,삼영에스앤씨,KOSDAQ,Technology,Electronic Components
044480,빌리언스,KOSDAQ,Communication Services,Entertainment
241840,에이스토리,KOSDAQ,Communication Services,Entertainment
247660,나노씨엠에스,KOSDAQ,Basic Materials,Chemicals
130740,티피씨글로벌,KOSDAQ,Consumer Cyclical,Auto Parts
440320,오픈놀,KOSDAQ,Technology,Software - Application
372800,아이티아이즈,KOSDAQ,,(분류 없음)
353190,휴럼,KOSDAQ,Consumer Defensive,Packaged Foods
344860,이노진,KOSDAQ,,(분류 없음)
024940,PN풍년,KOSDAQ,Consumer Cyclical,"Furnishings, Fixtures & Appliances"
085810,알티캐스트,KOSDAQ,,(분류 없음)
289220,자이언트스텝,KOSDAQ,Communication Services,Entertainment
070300,퀀텀레일,KOSDAQ,Technology,Communication Equipment
362990,드림인사이트,KOSDAQ,Communication Services,Advertising Agencies
019660,글로본,KOSDAQ,,(분류 없음)
438700,버넥트,KOSDAQ,,(분류 없음)
301300,바이브컴퍼니,KOSDAQ,Technology,Software - Application
048830,엔피케이,KOSDAQ,,(분류 없음)
096870,엘디티,KOSDAQ,Technology,Semiconductors
038530,케이바이오랩스,KOSDAQ,,(분류 없음)
098660,에스티오,KOSDAQ,,(분류 없음)
095910,에스에너지,KOSDAQ,,(분류 없음)
009620,삼보산업,KOSDAQ,Basic Materials,Aluminum
043360,디지아이,KOSDAQ,,(분류 없음)
021040,대호특수강,KOSDAQ,,(분류 없음)
063760,이엘피,KOSDAQ,Technology,Scientific & Technical Instruments
080470,성창오토텍,KOSDAQ,,(분류 없음)
274400,이노시뮬레이션,KOSDAQ,Technology,Software - Infrastructure
073190,듀오백,KOSDAQ,Industrials,Business Equipment & Supplies
276730,한울앤제주,KOSDAQ,Consumer Defensive,Beverages - Brewers
405000,플라즈맵,KOSDAQ,Healthcare,Medical Devices
069330,유아이디,KOSDAQ,Technology,Electronic Components
079950,인베니아,KOSDAQ,,(분류 없음)
214610,롤링스톤,KOSDAQ,,(분류 없음)
353590,오토앤,KOSDAQ,Consumer Cyclical,Auto Parts
113810,디젠스,KOSDAQ,Consumer Cyclical,Auto Parts
275630,에스에스알,KOSDAQ,Technology,Information Technology Services
227610,아우딘퓨쳐스,KOSDAQ,Consumer Defensive,Household & Personal Products
088290,이원컴포텍,KOSDAQ,Consumer Cyclical,Auto Parts
342870,오아,KOSDAQ,Technology,Consumer Electronics
050760,에스폴리텍,KOSDAQ,,(분류 없음)
110020,전진바이오팜,KOSDAQ,Basic Materials,Specialty Chemicals
115610,이미지스,KOSDAQ,,(분류 없음)
154040,다산솔루에타,KOSDAQ,Technology,Electronic Components
083470,이엠앤아이,KOSDAQ,,(분류 없음)
018620,우진비앤지,KOSDAQ,,(분류 없음)
031860,디에이치엑스컴퍼니,KOSDAQ,Healthcare,Diagnostics & Research
065150,대산F&B,KOSDAQ,,(분류 없음)
154030,아시아종묘,KOSDAQ,Basic Materials,Agricultural Inputs
252500,세화피앤씨,KOSDAQ,Consumer Defensive,Household & Personal Products
084440,유비온,KOSDAQ,Industrials,Electrical Equipment & Parts
131100,티엔엔터테인먼트,KOSDAQ,Basic Materials,Chemicals
065060,지엔코,KOSDAQ,,(분류 없음)
195990,루트K,KOSDAQ,Industrials,Specialty Industrial Machinery
347770,핌스,KOSDAQ,Technology,Electronic Components
403490,우듬지팜,KOSDAQ,Consumer Defensive,Farm Products
078860,아이오케이이엔엠,KOSDAQ,,(분류 없음)
455180,케이지에이,KOSDAQ,Industrials,Specialty Industrial Machinery
279600,미디어젠,KOSDAQ,Technology,Software - Application
014100,메디앙스,KOSDAQ,Consumer Defensive,Household & Personal Products
196700,웹스,KOSDAQ,Basic Materials,Specialty Chemicals
365900,브이씨,KOSDAQ,,(분류 없음)
419540,비스토스,KOSDAQ,,(분류 없음)
056730,CNT85,KOSDAQ,Technology,Communication Equipment
037400,우리엔터프라이즈,KOSDAQ,Consumer Cyclical,"Furnishings, Fixtures & Appliances"
051780,큐로홀딩스,KOSDAQ,,(분류 없음)
900120,씨엑스아이,KOSDAQ,Healthcare,Drug Manufacturers - Specialty & Generic
137940,넥스트아이,KOSDAQ,,(분류 없음)
0197V0,엔에이치스팩34호,KOSDAQ,,
373110,엑셀세라퓨틱스,KOSDAQ,Healthcare,Biotechnology
482680,미래에셋비전스팩7호,KOSDAQ,Financial Services,Shell Companies
477380,미래에셋비전스팩4호,KOSDAQ,Financial Services,Shell Companies
241820,피씨엘,KOSDAQ,Healthcare,Medical Devices
0200G0,한국제17호스팩,KOSDAQ,,
210120,캔버스엔,KOSDAQ,Communication Services,Entertainment
054410,케이피티유,KOSDAQ,Industrials,Specialty Industrial Machinery
009730,이렘,KOSDAQ,,(분류 없음)
034940,조아제약,KOSDAQ,Healthcare,Drug Manufacturers - Specialty & Generic
309930,조이웍스앤코,KOSDAQ,Consumer Cyclical,"Furnishings, Fixtures & Appliances"
285800,진영,KOSDAQ,Consumer Cyclical,"Furnishings, Fixtures & Appliances"
0072Z0,KB제33호스팩,KOSDAQ,Financial Services,Shell Companies
477340,에이치엠씨제7호스팩,KOSDAQ,Financial Services,Shell Companies
0101C0,하나36호스팩,KOSDAQ,Financial Services,Shell Companies
0130H0,엔에이치스팩33호,KOSDAQ,Financial Services,Shell Companies
376930,노을,KOSDAQ,Healthcare,Diagnostics & Research
026910,광진실업,KOSDAQ,Basic Materials,Steel
030350,드래곤플라이,KOSDAQ,,(분류 없음)
050090,비케이홀딩스,KOSDAQ,,(분류 없음)
0044K0,삼성스팩10호,KOSDAQ,Financial Services,Shell Companies
473050,유안타제15호스팩,KOSDAQ,Financial Services,Shell Companies
065650,하이퍼코퍼레이션,KOSDAQ,Healthcare,Biotechnology
225590,패션플랫폼,KOSDAQ,Financial Services,Asset Management
475460,미트박스,KOSDAQ,Consumer Cyclical,Internet Retail
0115H0,삼성스팩13호,KOSDAQ,Financial Services,Shell Companies
489480,키움제11호스팩,KOSDAQ,Financial Services,Shell Companies
478440,미래에셋비전스팩6호,KOSDAQ,Financial Services,Shell Companies
479880,한국제15호스팩,KOSDAQ,Financial Services,Shell Companies
101000,KS인더스트리,KOSDAQ,,(분류 없음)
335870,윙스풋,KOSDAQ,Consumer Cyclical,Footwear & Accessories
0165X0,메리츠제2호스팩,KOSDAQ,Financial Services,Shell Companies
0099W0,미래에셋비전스팩11호,KOSDAQ,Financial Services,Shell Companies
239340,이스트에이드,KOSDAQ,Communication Services,Internet Content & Information
0209J0,KB제34호스팩,KOSDAQ,,
304840,피플바이오,KOSDAQ,,(분류 없음)
352770,셀레스트라,KOSDAQ,Healthcare,Biotechnology
306040,에스제이그룹,KOSDAQ,Consumer Cyclical,Apparel Manufacturing
035620,바른손이앤에이,KOSDAQ,Communication Services,Electronic Gaming & Multimedia
177350,베셀,KOSDAQ,Technology,Semiconductors
244460,올리패스,KOSDAQ,Healthcare,Biotechnology
0134X0,대신밸런스제20호스팩,KOSDAQ,Financial Services,Shell Companies
092600,앤씨앤,KOSDAQ,,(분류 없음)
498390,한화플러스제5호스팩,KOSDAQ,Financial Services,Shell Companies
481890,엔에이치스팩31호,KOSDAQ,Financial Services,Shell Companies
0099X0,IBKS제25호스팩,KOSDAQ,Financial Services,Shell Companies
0164H0,한국제16호스팩,KOSDAQ,Financial Services,Shell Companies
354200,엔젠바이오,KOSDAQ,Healthcare,Biotechnology
0096B0,삼성스팩12호,KOSDAQ,Financial Services,Shell Companies
469480,IBKS제24호스팩,KOSDAQ,Financial Services,Shell Companies
489730,디비금융제13호스팩,KOSDAQ,Financial Services,Shell Companies
0097F0,미래에셋비전스팩10호,KOSDAQ,Financial Services,Shell Companies
478390,KB제29호스팩,KOSDAQ,Financial Services,Shell Companies
054180,메디콕스,KOSDAQ,Industrials,Aerospace & Defense
0093G0,미래에셋비전스팩8호,KOSDAQ,Financial Services,Shell Companies
492220,KB제31호스팩,KOSDAQ,Financial Services,Shell Companies
060480,국일신동,KOSDAQ,Basic Materials,Other Industrial Metals & Mining
0037T0,KB제32호스팩,KOSDAQ,Financial Services,Shell Companies
482520,교보16호스팩,KOSDAQ,Financial Services,Shell Companies
028080,휴맥스홀딩스,KOSDAQ,Technology,Communication Equipment
0054V0,엔에이치스팩32호,KOSDAQ,Financial Services,Shell Companies
0131D0,키움히어로제2호스팩,KOSDAQ,Financial Services,Shell Companies
0091W0,신영스팩11호,KOSDAQ,Financial Services,Shell Companies
065570,삼영이엔씨,KOSDAQ,,(분류 없음)
477760,DB금융스팩12호,KOSDAQ,Financial Services,Shell Companies
0041L0,하나35호스팩,KOSDAQ,Financial Services,Shell Companies
0088D0,메리츠제1호스팩,KOSDAQ,Financial Services,Shell Companies
0132G0,교보20호스팩,KOSDAQ,Financial Services,Shell Companies
060900,에이전트AI,KOSDAQ,Utilities,Utilities - Renewable
469900,하나31호스팩,KOSDAQ,Financial Services,Shell Companies
418620,E8,KOSDAQ,Technology,Software - Application
482690,대신밸런스제19호스팩,KOSDAQ,Financial Services,Shell Companies
377220,프롬바이오,KOSDAQ,Consumer Defensive,Packaged Foods
474660,신한제12호스팩,KOSDAQ,Financial Services,Shell Companies
474490,유안타제16호스팩,KOSDAQ,Financial Services,Shell Companies
0071M0,삼성스팩11호,KOSDAQ,Financial Services,Shell Companies
487360,신한제14호스팩,KOSDAQ,Financial Services,Shell Companies
477470,미래에셋비전스팩5호,KOSDAQ,Financial Services,Shell Companies
0105P0,유진스팩12호,KOSDAQ,Financial Services,Shell Companies
496070,신한제16호스팩,KOSDAQ,Financial Services,Shell Companies
0129K0,신한제18호스팩,KOSDAQ,Financial Services,Shell Companies
0096D0,미래에셋비전스팩9호,KOSDAQ,Financial Services,Shell Companies
486630,KB제30호스팩,KOSDAQ,Financial Services,Shell Companies
208640,썸에이지,KOSDAQ,Communication Services,Electronic Gaming & Multimedia
0098T0,교보19호스팩,KOSDAQ,Financial Services,Shell Companies
060260,뉴보텍,KOSDAQ,Industrials,Building Products & Equipment
493790,유안타제17호스팩,KOSDAQ,Financial Services,Shell Companies
489210,교보17호스팩,KOSDAQ,Financial Services,Shell Companies
0004Y0,디비금융제14호스팩,KOSDAQ,Financial Services,Shell Companies
289010,아이스크림에듀,KOSDAQ,Consumer Defensive,Education & Training Services
0130D0,신한제17호스팩,KOSDAQ,Financial Services,Shell Companies
043100,알파AI,KOSDAQ,,(분류 없음)
478110,이베스트스팩6호,KOSDAQ,Financial Services,Shell Companies
466690,키움히어로제1호스팩,KOSDAQ,Financial Services,Shell Companies
305090,마이크로디지탈,KOSDAQ,Healthcare,Medical Devices
0041B0,교보18호스팩,KOSDAQ,Financial Services,Shell Companies
131760,파인텍,KOSDAQ,Technology,Electronic Components
142760,모아라이프플러스,KOSDAQ,Healthcare,Biotechnology
006050,국영지앤엠,KOSDAQ,,(분류 없음)
103230,에스앤더블류,KOSDAQ,,(분류 없음)
488060,유진스팩11호,KOSDAQ,Financial Services,Shell Companies
106080,케이이엠텍,KOSDAQ,Technology,Electronic Components
484130,하나34호스팩,KOSDAQ,Financial Services,Shell Companies
303030,지니틱스,KOSDAQ,Technology,Semiconductors
473950,에스케이증권제13호스팩,KOSDAQ,Financial Services,Shell Companies
487830,신한제15호스팩,KOSDAQ,Financial Services,Shell Companies
468760,유진스팩10호,KOSDAQ,Financial Services,Shell Companies
472230,에스케이증권제11호스팩,KOSDAQ,Financial Services,Shell Companies
487720,키움제10호스팩,KOSDAQ,Financial Services,Shell Companies
065770,CS,KOSDAQ,,(분류 없음)
0068Y0,비엔케이제3호스팩,KOSDAQ,Financial Services,Shell Companies
012340,뉴인텍,KOSDAQ,,(분류 없음)
0041J0,엘에스스팩1호,KOSDAQ,Financial Services,Shell Companies
001000,신라섬유,KOSDAQ,Consumer Cyclical,Textile Manufacturing
03481K,해성산업1우,KOSDAQ,Real Estate,Real Estate Services
087260,모바일어플라이언스,KOSDAQ,Technology,Scientific & Technical Instruments
288980,모아데이타,KOSDAQ,Technology,Software - Infrastructure
240600,유진테크놀로지,KOSDAQ,Industrials,Specialty Industrial Machinery
475250,하나33호스팩,KOSDAQ,Financial Services,Shell Companies
079970,투비소프트,KOSDAQ,,(분류 없음)
474930,신한제13호스팩,KOSDAQ,Financial Services,Shell Companies
065420,에스아이리소스,KOSDAQ,,(분류 없음)
067770,세진티에스,KOSDAQ,,(분류 없음)
276040,스코넥,KOSDAQ,Communication Services,Electronic Gaming & Multimedia
473000,에스케이증권제12호스팩,KOSDAQ,Financial Services,Shell Companies
475240,하나32호스팩,KOSDAQ,Financial Services,Shell Companies
308100,형지글로벌,KOSDAQ,Consumer Cyclical,Apparel Retail
900100,파이온엑스,KOSDAQ,,(분류 없음)
291810,핀텔,KOSDAQ,Industrials,Security & Protection Services
044180,KD,KOSDAQ,Real Estate,Real Estate - Development
313760,캐리,KOSDAQ,Industrials,Specialty Industrial Machinery
052770,아이톡시,KOSDAQ,Communication Services,Electronic Gaming & Multimedia
225430,케이엠제약,KOSDAQ,Financial Services,Asset Management
025870,신라에스지,KOSDAQ,Consumer Defensive,Packaged Foods
250930,예선테크,KOSDAQ,Basic Materials,Specialty Chemicals
199730,바이오인프라,KOSDAQ,Healthcare,Biotechnology
058450,한주에이알티,KOSDAQ,Technology,Electronic Components
011080,형지I&C,KOSDAQ,,(분류 없음)
035290,골드앤에스,KOSDAQ,Communication Services,Publishing
021045,대호특수강우,KOSDAQ,,(분류 없음)
196490,디에이테크놀로지,KOSDAQ,,(분류 없음)
312610,에이에프더블류,KOSDAQ,Consumer Cyclical,Auto Parts
032685,소프트센우,KOSDAQ,,(분류 없음)
