date,ticker,name,market,close,volume,ma50,ma150,ma200,low_52w,high_52w,pct_above_low,pct_below_high,rs_rating,rs_line_up,cond1,cond2,cond3,cond4,cond5,cond6,cond7,cond8,pass_count,pass_all,data_warning,base_label
20261002,000500,가온전선,KOSPI,327500,194747,210954.0,166418.0,136857.0,29229.0,352860.0,1020.5,7.2,99.0,True,True,True,True,True,True,True,True,True,8,True,False,베이스 없음
20261002,032580,피델릭스,KOSDAQ,7550,840595,4906.0,3681.0,3037.0,850.0,9790.0,788.2,22.9,99.0,True,True,True,True,True,True,True,True,True,8,True,False,1a차
20261002,036930,주성엔지니어링,KOSDAQ,239500,1363805,176510.0,149335.0,120940.0,26350.0,283000.0,808.9,15.4,99.0,True,True,True,True,True,True,True,True,True,8,True,False,2c차
20261002,131290,티에스이,KOSDAQ,292500,118743,241184.0,199033.0,166644.0,44500.0,318500.0,557.3,8.2,99.0,True,True,True,True,True,True,True,True,True,8,True,False,3c차
20261002,159010,아스플로,KOSDAQ,32100,87286,21313.0,15271.0,12697.0,3700.0,32550.0,767.6,1.4,99.0,True,True,True,True,True,True,True,True,True,8,True,False,3b차
20261002,327260,RF머트리얼즈,KOSDAQ,53200,2030522,36541.0,36221.0,30669.0,5972.0,63420.0,790.8,16.1,99.0,True,True,True,True,True,True,True,True,True,8,True,False,베이스 없음
20261002,351320,넥사다이내믹스,KOSDAQ,4805,656428,2378.0,1628.0,1528.0,771.0,5690.0,523.2,15.6,99.0,True,True,True,True,True,True,True,True,True,8,True,False,1 형성중
20261002,001820,삼화콘덴서,KOSPI,157800,607042,108318.0,92976.0,77822.0,27750.0,196800.0,468.6,19.8,98.0,True,True,True,True,True,True,True,True,True,8,True,False,1b차
20261002,020120,키다리스튜디오,KOSPI,8230,270776,5807.0,4258.0,4045.0,2800.0,9450.0,193.9,12.9,98.0,True,True,True,True,True,True,True,True,True,8,True,False,베이스 없음
20261002,031980,피에스케이홀딩스,KOSDAQ,193600,203642,130472.0,122064.0,106252.0,39550.0,195500.0,389.5,1.0,98.0,True,True,True,True,True,True,True,True,True,8,True,False,3d차
20261002,064290,인텍플러스,KOSDAQ,59100,467796,38331.0,32947.0,28490.0,10960.0,62600.0,439.2,5.6,98.0,True,True,True,True,True,True,True,True,True,8,True,False,베이스 없음
20261002,095610,테스,KOSDAQ,178400,233922,142716.0,123123.0,105713.0,35450.0,236500.0,403.2,24.6,98.0,True,True,True,True,True,True,True,True,True,8,True,False,4 형성중
20261002,098120,마이크로컨텍솔,KOSDAQ,60600,175146,39359.0,32803.0,29466.0,15500.0,61900.0,291.0,2.1,98.0,True,True,True,True,True,True,True,True,True,8,True,False,베이스 없음
20261002,219130,타이거일렉,KOSDAQ,92300,30599,70768.0,56766.0,49531.0,15300.0,96600.0,503.3,4.5,98.0,True,True,True,True,True,True,True,True,True,8,True,False,3c차
20261002,222800,심텍,KOSDAQ,170200,1104881,116712.0,99807.0,87794.0,32000.0,171000.0,431.9,0.5,98.0,True,True,True,True,True,True,True,True,True,8,True,False,1a차
20261002,317400,자이에스앤디,KOSPI,9990,540732,9404.0,5995.0,5583.0,3050.0,11920.0,227.5,16.2,98.0,False,True,True,True,True,True,True,True,True,8,True,False,3 형성중
20261002,417840,저스템,KOSDAQ,18650,978254,13198.0,12035.0,10420.0,3009.0,22250.0,519.8,16.2,98.0,True,True,True,True,True,True,True,True,True,8,True,False,1a차
20261002,446540,메가터치,KOSDAQ,10890,518787,7780.0,6512.0,5850.0,3245.0,11710.0,235.6,7.0,98.0,True,True,True,True,True,True,True,True,True,8,True,False,1a차
20261002,052460,아이크래프트,KOSDAQ,6510,159501,5726.0,4122.0,3856.0,2250.0,8610.0,189.3,24.4,97.0,False,True,True,True,True,True,True,True,True,8,True,False,1 형성중
20261002,052860,아이앤씨,KOSDAQ,7630,29173,5707.0,5157.0,4548.0,2135.0,8220.0,257.4,7.2,97.0,True,True,True,True,True,True,True,True,True,8,True,False,베이스 없음
20261002,144960,뉴파워프라즈마,KOSDAQ,13230,867323,10263.0,8347.0,7684.0,4710.0,13400.0,180.9,1.3,97.0,True,True,True,True,True,True,True,True,True,8,True,False,1b차
20261002,252990,샘씨엔에스,KOSDAQ,19920,647498,14609.0,12944.0,11763.0,5680.0,20750.0,250.7,4.0,97.0,True,True,True,True,True,True,True,True,True,8,True,False,3c차
20261002,396300,HT로보틱스,KOSDAQ,6170,5353460,4630.0,4446.0,4156.0,2270.0,7340.0,171.8,15.9,97.0,True,True,True,True,True,True,True,True,True,8,True,False,1b차
20260422,466910,,KOSDAQ,5640,574725,4111.0,3447.0,3323.0,2882.0,5740.0,95.7,1.7,97.0,True,True,True,True,True,True,True,True,True,8,True,False,베이스 없음
20261002,005935,삼성전자우,KOSPI,201500,2537796,189114.0,176609.0,158362.0,63100.0,243500.0,219.3,17.2,96.0,True,True,True,True,True,True,True,True,True,8,True,False,3 형성중
20261002,010950,S-Oil,KOSPI,164900,466323,145632.0,125793.0,117342.0,57600.0,177100.0,186.3,6.9,96.0,True,True,True,True,True,True,True,True,True,8,True,False,1a차
20261002,010955,S-Oil우,KOSPI,87700,32493,70564.0,61350.0,58790.0,37500.0,89500.0,133.9,2.0,96.0,True,True,True,True,True,True,True,True,True,8,True,False,1d차
20261002,071200,인피니트헬스케어,KOSDAQ,11720,21060,9975.0,8019.0,7566.0,5250.0,14080.0,123.2,16.8,96.0,True,True,True,True,True,True,True,True,True,8,True,False,1b차
20261002,083450,GST,KOSDAQ,53900,224719,45753.0,44737.0,40432.0,21600.0,70800.0,149.5,23.9,96.0,True,True,True,True,True,True,True,True,True,8,True,False,4 형성중
20261002,119850,지엔씨에너지,KOSDAQ,53400,563539,48126.0,36338.0,35928.0,18350.0,59000.0,191.0,9.5,96.0,False,True,True,True,True,True,True,True,True,8,True,False,2 형성중
20261002,003350,한국화장품제조,KOSPI,15470,936723,12074.0,10008.0,10000.0,6750.0,17910.0,129.2,13.6,95.0,True,True,True,True,True,True,True,True,True,8,True,False,1a차
20261002,036710,심텍홀딩스,KOSDAQ,5010,591446,3904.0,3774.0,3482.0,2030.0,6500.0,146.8,22.9,95.0,True,True,True,True,True,True,True,True,True,8,True,False,1a차
20261002,036800,나이스정보통신,KOSDAQ,8480,446933,6868.0,5978.0,5717.0,4190.0,8750.0,102.4,3.1,95.0,True,True,True,True,True,True,True,True,True,8,True,False,1d차
20261002,051160,지어소프트,KOSDAQ,12690,213759,9956.0,8304.0,8145.0,6270.0,13400.0,102.4,5.3,95.0,True,True,True,True,True,True,True,True,True,8,True,False,1a차
20261002,089860,롯데렌탈,KOSPI,51400,111763,45792.0,36503.0,35243.0,26650.0,53100.0,92.9,3.2,95.0,True,True,True,True,True,True,True,True,True,8,True,False,베이스 없음
20261002,161890,한국콜마,KOSPI,137100,689017,131476.0,101505.0,92675.0,60600.0,165900.0,126.2,17.4,95.0,True,True,True,True,True,True,True,True,True,8,True,False,3 형성중
20261002,033560,블루콤,KOSDAQ,5350,15656,4752.0,3894.0,3667.0,2685.0,5490.0,99.3,2.6,94.0,True,True,True,True,True,True,True,True,True,8,True,False,2 형성중
20261002,041520,이엘씨,KOSDAQ,13020,19492,11215.0,10085.0,9347.0,6130.0,13620.0,112.4,4.4,94.0,True,True,True,True,True,True,True,True,True,8,True,False,1 형성중
20261002,053260,금강철강,KOSDAQ,7250,485608,6001.0,5421.0,5066.0,3720.0,9460.0,94.9,23.4,94.0,True,True,True,True,True,True,True,True,True,8,True,False,1a차
20261002,065690,파커스,KOSDAQ,1885,14441,1677.0,1440.0,1420.0,696.0,1955.0,170.8,3.6,94.0,True,True,True,True,True,True,True,True,True,8,True,False,베이스 없음
20261002,077500,유니퀘스트,KOSPI,10450,298998,7045.0,6786.0,6692.0,4075.0,10850.0,156.4,3.7,94.0,True,True,True,True,True,True,True,True,True,8,True,False,베이스 없음
20261002,094840,슈프리마에이치큐,KOSDAQ,13300,12524,13068.0,10915.0,9892.0,5860.0,15600.0,127.0,14.7,94.0,False,True,True,True,True,True,True,True,True,8,True,False,3 형성중
20261002,121890,에스디시스템,KOSDAQ,2880,125494,2422.0,2050.0,1951.0,1312.0,3010.0,119.5,4.3,94.0,True,True,True,True,True,True,True,True,True,8,True,False,2b차
20261002,001450,현대해상,KOSPI,47650,296392,46176.0,37768.0,35790.0,26100.0,54700.0,82.6,12.9,93.0,False,True,True,True,True,True,True,True,True,8,True,False,3 형성중
20261002,029460,케이씨,KOSPI,44100,33974,36249.0,34114.0,32736.0,23600.0,46900.0,86.9,6.0,93.0,True,True,True,True,True,True,True,True,True,8,True,False,베이스 없음
20261002,044820,코스맥스비티아이,KOSPI,25000,33487,23537.0,19478.0,17941.0,11810.0,29150.0,111.7,14.2,93.0,True,True,True,True,True,True,True,True,True,8,True,False,2 형성중
20261002,059090,미코,KOSDAQ,23950,608743,18324.0,18159.0,17286.0,11300.0,29250.0,111.9,18.1,93.0,True,True,True,True,True,True,True,True,True,8,True,False,1a차
20261002,192820,코스맥스,KOSPI,271000,127719,247904.0,204876.0,199133.0,141000.0,306500.0,92.2,11.6,93.0,True,True,True,True,True,True,True,True,True,8,True,False,1 형성중
20261002,217190,제너셈,KOSDAQ,8270,203068,6173.0,6144.0,5939.0,3965.0,9670.0,108.6,14.5,93.0,True,True,True,True,True,True,True,True,True,8,True,False,베이스 없음
20261002,241770,메카로,KOSDAQ,40650,28217,37827.0,37390.0,33899.0,15210.0,48000.0,167.3,15.3,93.0,True,True,True,True,True,True,True,True,True,8,True,False,4 형성중
20261002,017890,한국알콜,KOSDAQ,15790,91008,14171.0,12831.0,12367.0,8840.0,16420.0,78.6,3.8,92.0,True,True,True,True,True,True,True,True,True,8,True,False,1d차
20261002,025890,한국주강,KOSPI,2730,5143,2505.0,2151.0,2062.0,1494.0,2790.0,82.7,2.2,92.0,True,True,True,True,True,True,True,True,True,8,True,False,1a차
20261002,093520,매커스,KOSDAQ,29750,13846,25292.0,23703.0,23365.0,16000.0,33850.0,85.9,12.1,92.0,True,True,True,True,True,True,True,True,True,8,True,False,베이스 없음
20261002,094800,맵스리얼티,KOSPI,7870,30705,7007.0,6570.0,6291.0,4850.0,8190.0,62.3,3.9,92.0,True,True,True,True,True,True,True,True,True,8,True,False,1a차
20261002,096530,씨젠,KOSDAQ,36750,243828,31204.0,27978.0,27325.0,21700.0,37650.0,69.4,2.4,92.0,True,True,True,True,True,True,True,True,True,8,True,False,1b차
20261002,096770,SK이노베이션,KOSPI,151300,1199550,129744.0,121238.0,118297.0,87700.0,164700.0,72.5,8.1,92.0,True,True,True,True,True,True,True,True,True,8,True,False,1a차
20261002,122640,예스티,KOSDAQ,33850,315857,27260.0,27155.0,25221.0,15200.0,44000.0,122.7,23.1,92.0,True,True,True,True,True,True,True,True,True,8,True,False,1a차
20261002,228850,레이언스,KOSDAQ,8570,59367,6964.0,6474.0,6129.0,4835.0,8750.0,77.2,2.1,92.0,True,True,True,True,True,True,True,True,True,8,True,False,1b차
20260625,012510,,KOSPI,120000,50926,119796.0,106935.0,102116.0,60200.0,156000.0,99.3,23.1,91.0,False,True,True,True,True,True,True,True,True,8,True,False,1d차
20261002,028670,팬오션,KOSPI,6250,4854631,5728.0,5445.0,5174.0,3485.0,6600.0,79.3,5.3,91.0,True,True,True,True,True,True,True,True,True,8,True,False,베이스 없음
20261002,049430,코메론,KOSDAQ,22300,52606,21122.0,19816.0,18404.0,10180.0,23650.0,119.1,5.7,91.0,True,True,True,True,True,True,True,True,True,8,True,False,2a차
20260625,057050,,KOSPI,87300,92478,82242.0,70847.0,66718.0,50000.0,96300.0,74.6,9.3,91.0,False,True,True,True,True,True,True,True,True,8,True,False,1b차
20261002,236200,슈프리마,KOSDAQ,55600,18901,53935.0,49347.0,47153.0,30200.0,65000.0,84.1,14.5,91.0,False,True,True,True,True,True,True,True,True,8,True,False,1 형성중
20260515,451700,,KOSDAQ,3440,1176369,2722.0,2613.0,2600.0,2095.0,4020.0,64.2,14.4,91.0,False,True,True,True,True,True,True,True,True,8,True,False,1 형성중
20261002,005430,한국공항,KOSPI,97700,5764,83980.0,74045.0,71986.0,54200.0,102600.0,80.3,4.8,90.0,True,True,True,True,True,True,True,True,True,8,True,False,1b차
20261002,011560,세보엠이씨,KOSDAQ,24650,108770,23069.0,21752.0,19962.0,12430.0,29300.0,98.3,15.9,90.0,True,True,True,True,True,True,True,True,True,8,True,False,4 형성중
20260917,017650,대림제지,KOSDAQ,10840,19486,10010.0,9431.0,9040.0,7070.0,10990.0,53.3,1.4,90.0,True,True,True,True,True,True,True,True,True,8,True,False,1b차
20261002,059100,아이컴포넌트,KOSDAQ,6740,12083,6097.0,5578.0,5488.0,4285.0,8060.0,57.3,16.4,90.0,True,True,True,True,True,True,True,True,True,8,True,False,1a차
20261002,084870,TBH글로벌,KOSPI,2235,7036,2166.0,2049.0,1850.0,1073.0,2460.0,108.3,9.1,90.0,False,True,True,True,True,True,True,True,True,8,True,False,2 형성중
20261002,086670,비엠티,KOSDAQ,18890,32209,16682.0,15683.0,14879.0,10610.0,22200.0,78.0,14.9,90.0,True,True,True,True,True,True,True,True,True,8,True,False,2b차
20261002,121440,골프존홀딩스,KOSDAQ,7670,16613,7371.0,5873.0,5640.0,4090.0,8440.0,87.5,9.1,90.0,False,True,True,True,True,True,True,True,True,8,True,False,1 형성중
20261002,137080,나래나노텍,KOSDAQ,6150,5143,6017.0,5441.0,5109.0,2860.0,7300.0,115.0,15.8,90.0,False,True,True,True,True,True,True,True,True,8,True,False,2 형성중
20260610,230360,,KOSDAQ,16000,102181,15993.0,14511.0,14233.0,8090.0,16300.0,97.8,1.8,90.0,False,True,True,True,True,True,True,True,True,8,True,False,1a차
20261002,005830,DB손해보험,KOSPI,182500,94314,178190.0,167838.0,160458.0,118100.0,214000.0,54.5,14.7,89.0,False,True,True,True,True,True,True,True,True,8,True,False,베이스 없음
20261002,041960,코미팜,KOSDAQ,9890,89691,8893.0,8507.0,8258.0,5650.0,10790.0,75.0,8.3,89.0,True,True,True,True,True,True,True,True,True,8,True,False,베이스 없음
20261002,265740,엔에프씨,KOSDAQ,7420,219085,6661.0,6647.0,6248.0,4020.0,9850.0,84.6,24.7,89.0,True,True,True,True,True,True,True,True,True,8,True,False,2 형성중
20261002,417310,코람코더원리츠,KOSPI,2385,68834,2316.0,2150.0,2065.0,1298.0,2470.0,83.7,3.4,89.0,True,True,True,True,True,True,True,True,True,8,True,False,베이스 없음
20261002,900260,로스웰,KOSDAQ,1937,3684,1752.0,1676.0,1639.0,857.0,2145.0,126.0,9.7,89.0,True,True,True,True,True,True,True,True,True,8,True,False,2a차
20261002,022220,티케이지애강,KOSDAQ,820,4452,723.0,711.0,705.0,500.0,975.0,64.0,15.9,88.0,True,True,True,True,True,True,True,True,True,8,True,False,베이스 없음
20261002,092230,KPX홀딩스,KOSPI,96900,1053,93616.0,86859.0,83916.0,64600.0,105400.0,50.0,8.1,88.0,False,True,True,True,True,True,True,True,True,8,True,False,2 형성중
20261002,092730,네오팜,KOSDAQ,23350,60302,22312.0,19569.0,19443.0,15590.0,26000.0,49.8,10.2,88.0,False,True,True,True,True,True,True,True,True,8,True,False,1 형성중
20261002,101160,월덱스,KOSDAQ,33100,48409,29572.0,29520.0,28023.0,20700.0,35400.0,59.9,6.5,87.0,True,True,True,True,True,True,True,True,True,8,True,False,1a차
20261002,003490,대한항공,KOSPI,30850,1868125,27957.0,26530.0,25722.0,21000.0,32500.0,46.9,5.1,86.0,True,True,True,True,True,True,True,True,True,8,True,False,1a차
20261002,013990,아가방컴퍼니,KOSDAQ,5120,228566,4616.0,4551.0,4538.0,3115.0,5670.0,64.4,9.7,86.0,True,True,True,True,True,True,True,True,True,8,True,False,베이스 없음
20261002,037760,쎄니트,KOSDAQ,2490,152110,2394.0,2308.0,2174.0,1601.0,2555.0,55.5,2.5,86.0,False,True,True,True,True,True,True,True,True,8,True,False,1a차
20261002,068930,디지털대성,KOSDAQ,9340,59268,8443.0,8198.0,8151.0,6760.0,10000.0,38.2,6.6,86.0,True,True,True,True,True,True,True,True,True,8,True,False,베이스 없음
20261002,134060,이퓨쳐,KOSDAQ,5440,3763,5276.0,4605.0,4491.0,3530.0,5790.0,54.1,6.0,86.0,False,True,True,True,True,True,True,True,True,8,True,False,베이스 없음
20251029,234920,자이글,KOSDAQ,5310,131836,5302.0,4709.0,4460.0,2965.0,6880.0,79.1,22.8,86.0,False,True,True,True,True,True,True,True,True,8,True,False,2 형성중
20261002,050120,ES큐브,KOSDAQ,3260,770,3208.0,2902.0,2891.0,2225.0,3750.0,46.5,13.1,85.0,False,True,True,True,True,True,True,True,True,8,True,False,1a차
20261002,051360,토비스,KOSDAQ,11920,6535,11422.0,10687.0,10456.0,8210.0,13500.0,45.2,11.7,85.0,True,True,True,True,True,True,True,True,True,8,True,False,1 형성중
20261002,451800,한화리츠,KOSPI,5370,72077,5260.0,5184.0,4984.0,3890.0,6980.0,38.0,23.1,84.0,False,True,True,True,True,True,True,True,True,8,True,False,베이스 없음
20261002,096760,JW홀딩스,KOSPI,4395,45788,4084.0,4019.0,3963.0,3145.0,4720.0,39.7,6.9,83.0,True,True,True,True,True,True,True,True,True,8,True,False,베이스 없음
20261002,139130,iM금융지주,KOSPI,18680,221889,17838.0,17797.0,17284.0,13050.0,22000.0,43.1,15.1,83.0,True,True,True,True,True,True,True,True,True,8,True,False,베이스 없음
20261002,453340,현대그린푸드,KOSPI,18900,21466,18689.0,17416.0,16967.0,14650.0,19950.0,29.0,5.3,83.0,True,True,True,True,True,True,True,True,True,8,True,False,1 형성중
20261002,021240,코웨이,KOSPI,102400,107030,97178.0,88973.0,87640.0,68800.0,109200.0,48.8,6.2,82.0,True,True,True,True,True,True,True,True,True,8,True,False,1a차
20261002,025000,KPX케미칼,KOSPI,56100,4818,53099.0,51607.0,50862.0,44711.0,59800.0,25.5,6.2,82.0,True,True,True,True,True,True,True,True,True,8,True,False,베이스 없음
20261002,033780,KT&G,KOSPI,176800,146149,176004.0,172832.0,167172.0,132100.0,192400.0,33.8,8.1,82.0,False,True,True,True,True,True,True,True,True,8,True,False,3 형성중
20261002,138040,메리츠금융지주,KOSPI,128800,93978,124022.0,116054.0,115458.0,98000.0,149800.0,31.4,14.0,82.0,True,True,True,True,True,True,True,True,True,8,True,False,1a차
20261002,086060,진바이오텍,KOSDAQ,5000,21541,4817.0,4670.0,4573.0,3525.0,5990.0,41.8,16.5,81.0,True,True,True,True,True,True,True,True,True,8,True,False,1 형성중
20261002,131090,시큐브,KOSDAQ,4330,16092,4089.0,3956.0,3930.0,3450.0,5220.0,25.5,17.0,81.0,True,True,True,True,True,True,True,True,True,8,True,False,베이스 없음
20261002,143240,사람인,KOSDAQ,17400,9524,16992.0,16201.0,15511.0,12570.0,18400.0,38.4,5.4,81.0,True,True,True,True,True,True,True,True,True,8,True,False,1a차
20261002,443060,HD현대마린솔루션,KOSPI,234500,61956,212880.0,210457.0,204564.0,158000.0,287000.0,48.4,18.3,81.0,True,True,True,True,True,True,True,True,True,8,True,False,베이스 없음
20261002,002960,한국쉘석유,KOSPI,517000,269,505910.0,500287.0,487008.0,401000.0,620000.0,28.9,16.6,80.0,False,True,True,True,True,True,True,True,True,8,True,False,2 형성중
20261002,006125,SK디스커버리우,KOSPI,43400,3518,40157.0,39784.0,39662.0,34300.0,44050.0,26.5,1.5,80.0,True,True,True,True,True,True,True,True,True,8,True,False,베이스 없음
20261002,048830,엔피케이,KOSDAQ,1074,64409,1035.0,995.0,980.0,633.0,1389.0,69.7,22.7,80.0,False,True,True,True,True,True,True,True,True,8,True,False,베이스 없음
20261002,000700,유수홀딩스,KOSPI,6600,41097,6453.0,6146.0,6114.0,5000.0,7200.0,32.0,8.3,79.0,True,True,True,True,True,True,True,True,True,8,True,False,베이스 없음
20261002,004780,대륙제관,KOSDAQ,4250,13932,4138.0,3978.0,3892.0,3400.0,4525.0,25.0,6.1,79.0,True,True,True,True,True,True,True,True,True,8,True,False,베이스 없음
20261002,180640,한진칼,KOSPI,132800,53178,126908.0,121825.0,121742.0,93100.0,175900.0,42.6,24.5,79.0,True,True,True,True,True,True,True,True,True,8,True,False,1 형성중
20261002,007690,국도화학,KOSPI,38450,11553,38318.0,37154.0,36596.0,29050.0,44450.0,32.4,13.5,78.0,False,True,True,True,True,True,True,True,True,8,True,False,베이스 없음
20261002,950190,고스트스튜디오,KOSDAQ,9740,14917,9524.0,8763.0,8698.0,6920.0,12460.0,40.8,21.8,76.0,True,True,True,True,True,True,True,True,True,8,True,False,베이스 없음
20261002,009150,삼성전기,KOSPI,1577000,480105,1361200.0,1182347.0,957700.0,188600.0,2417000.0,736.2,34.8,99.0,False,True,True,True,True,True,False,True,True,7,False,False,1 형성중
20261002,010170,대한광통신,KOSDAQ,17860,15084450,13407.0,14009.0,11231.0,1218.0,31500.0,1366.3,43.3,99.0,True,True,True,True,False,True,False,True,True,6,False,False,1b차
20261002,017900,광전자,KOSPI,9820,1677338,7932.0,7543.0,6122.0,1760.0,22450.0,458.0,56.3,99.0,True,True,True,True,True,True,False,True,True,7,False,False,2a차
20261002,043260,성호전자,KOSDAQ,31400,9363821,19309.0,32180.0,27548.0,1030.0,59600.0,2948.5,47.3,99.0,True,False,True,True,False,True,False,True,True,5,False,False,베이스 없음
20261002,046970,우리로,KOSDAQ,8340,13345572,5466.0,5930.0,4789.0,1206.0,16200.0,591.5,48.5,99.0,True,True,True,True,False,True,False,True,True,6,False,False,1a차
20261002,069540,빛과전자,KOSDAQ,4400,9549126,3105.0,3286.0,2740.0,592.0,8100.0,643.2,45.7,99.0,True,True,True,True,False,True,False,True,True,6,False,False,1a차
20261002,109670,씨싸이트,KOSDAQ,17350,562876,5604.0,4896.0,5188.0,2650.0,21650.0,554.7,19.9,99.0,True,True,False,True,True,True,True,True,True,7,False,False,Stage2 아님
20261002,000660,SK하이닉스,KOSPI,1842000,2014287,1686160.0,1646320.0,1418420.0,333000.0,2987000.0,453.2,38.3,98.0,False,True,True,True,True,True,False,True,True,7,False,False,1 형성중
20261002,006340,대원전선,KOSPI,13430,1966854,13507.0,10921.0,9136.0,2885.0,20300.0,365.5,33.8,98.0,False,True,True,True,True,True,False,True,False,6,False,False,2 형성중
20261002,009155,삼성전기우,KOSPI,525000,8843,481250.0,428681.0,352805.0,83200.0,1008000.0,531.0,47.9,98.0,False,True,True,True,True,True,False,True,True,7,False,False,1 형성중
20261002,024840,KBI메탈,KOSDAQ,6450,1800083,5311.0,4427.0,3761.0,1620.0,11760.0,298.1,45.2,98.0,True,True,True,True,True,True,False,True,True,7,False,False,1c차
20261002,047040,대우건설,KOSPI,17690,3166858,17163.0,19859.0,16078.0,3320.0,40350.0,432.8,56.2,98.0,False,False,True,True,False,True,False,True,True,5,False,False,2 형성중
20261002,072950,빛샘전자,KOSDAQ,17250,9522615,9743.0,10096.0,8988.0,4600.0,25700.0,275.0,32.9,98.0,True,True,True,True,False,True,False,True,True,6,False,False,베이스 없음
20261002,079650,서산,KOSDAQ,5640,951695,5425.0,3255.0,2793.0,952.0,10300.0,492.4,45.2,98.0,True,True,True,True,True,True,False,True,True,7,False,False,2 형성중
20261002,080220,제주반도체,KOSDAQ,92800,4370853,75058.0,71326.0,61289.0,17480.0,138000.0,430.9,32.8,98.0,True,True,True,True,True,True,False,True,True,7,False,False,1a차
20261002,092190,서울바이오시스,KOSDAQ,9030,184486,7405.0,7192.0,6063.0,2135.0,19270.0,323.0,53.1,98.0,True,True,True,True,True,True,False,True,True,7,False,False,1 형성중
20261002,092870,엑시콘,KOSDAQ,53000,411932,26185.0,27268.0,25383.0,10110.0,54600.0,424.2,2.9,98.0,True,True,True,True,False,True,True,True,True,7,False,False,1a차
20261002,319660,피에스케이,KOSDAQ,152000,467185,131290.0,119190.0,100413.0,28100.0,219500.0,440.9,30.8,98.0,True,True,True,True,True,True,False,True,True,7,False,False,5 형성중
20261002,353200,대덕전자,KOSPI,149200,1108856,108294.0,111890.0,96714.0,26350.0,198000.0,466.2,24.6,98.0,True,True,True,True,False,True,True,True,True,7,False,False,1a차
20261002,402340,SK스퀘어,KOSPI,1156000,346879,1063940.0,1022107.0,874485.0,194900.0,2189000.0,493.1,47.2,98.0,False,True,True,True,True,True,False,True,True,7,False,False,1a차
20261002,440110,파두,KOSDAQ,86900,654719,66480.0,74328.0,63238.0,11180.0,129400.0,677.3,32.8,98.0,True,True,True,True,False,True,False,True,True,6,False,False,1b차
20261002,001210,금호전기,KOSPI,9490,3880122,8196.0,5440.0,5108.0,2325.0,14350.0,308.2,33.9,97.0,True,True,True,True,True,True,False,True,True,7,False,False,1 형성중
20261002,002990,금호건설,KOSPI,12250,920163,13023.0,8300.0,7306.0,3200.0,19380.0,282.8,36.8,97.0,False,True,True,True,True,True,False,True,False,6,False,False,1 형성중
20261002,003010,혜인,KOSPI,9500,343669,8387.0,6469.0,6191.0,3925.0,13290.0,142.0,28.5,97.0,False,True,True,True,True,True,False,True,True,7,False,False,1 형성중
20261002,005930,삼성전자,KOSPI,276000,11408387,256810.0,255103.0,226708.0,78600.0,374500.0,251.1,26.3,97.0,True,True,True,True,True,True,False,True,True,7,False,False,3 형성중
20261002,006110,삼아알미늄,KOSPI,62900,261585,53555.0,52219.0,45808.0,19000.0,104600.0,231.1,39.9,97.0,True,True,True,True,True,True,False,True,True,7,False,False,2 형성중
20261002,007810,코리아써키트,KOSPI,82900,935221,57646.0,76694.0,70374.0,16300.0,148300.0,408.6,44.1,97.0,True,True,True,True,False,True,False,True,True,6,False,False,베이스 없음
20261002,025560,미래산업,KOSPI,8350,489152,7160.0,5831.0,5040.0,2046.0,13400.0,308.1,37.7,97.0,False,True,True,True,True,True,False,True,True,7,False,False,4 형성중
20261002,036170,에이치엠넥스,KOSDAQ,3020,331676,2539.0,4085.0,3391.0,801.0,10240.0,277.0,70.5,97.0,True,False,True,True,False,True,False,True,True,5,False,False,베이스 없음
20261002,036540,SFA반도체,KOSDAQ,11460,6949617,6723.0,7008.0,6656.0,3545.0,11850.0,223.3,3.3,97.0,True,True,True,True,False,True,True,True,True,7,False,False,베이스 없음
20261002,080580,오킨스전자,KOSDAQ,29150,1342389,18030.0,18494.0,16847.0,7530.0,29500.0,287.1,1.2,97.0,True,True,True,True,False,True,True,True,True,7,False,False,베이스 없음
20261002,085910,네오티스,KOSDAQ,17160,104993,16052.0,20787.0,18234.0,3145.0,36300.0,445.6,52.7,97.0,False,False,True,True,False,True,False,True,True,5,False,False,베이스 없음
20261002,126640,화신정공,KOSDAQ,3950,493608,4163.0,3038.0,2624.0,1230.0,7880.0,221.1,49.9,97.0,False,True,True,True,True,True,False,True,False,6,False,False,2 형성중
20261002,134580,탑코미디어,KOSDAQ,2850,177781,2519.0,1846.0,1873.0,850.0,4400.0,235.3,35.2,97.0,True,True,False,True,True,True,False,True,True,6,False,False,1 형성중
20261002,226340,본느,KOSDAQ,5830,468622,4821.0,3312.0,3258.0,1220.0,9680.0,377.9,39.8,97.0,False,True,True,True,True,True,False,True,True,7,False,False,1 형성중
20261002,290550,디케이티,KOSDAQ,23900,620507,18332.0,20452.0,17412.0,6660.0,34950.0,258.9,31.6,97.0,True,True,True,True,False,True,False,True,True,6,False,False,베이스 없음
20261002,331920,셀레믹스,KOSDAQ,10560,41376,10935.0,11795.0,9652.0,2535.0,19840.0,316.6,46.8,97.0,True,False,True,True,False,True,False,True,False,4,False,False,1 형성중
20261002,356680,엑스게이트,KOSDAQ,19260,3310088,13070.0,13082.0,11726.0,6100.0,30550.0,215.7,37.0,97.0,True,True,True,True,False,True,False,True,True,6,False,False,1a차
20260521,380540,옵티코어,KOSDAQ,8450,0,8519.0,6218.0,5519.0,2494.0,11100.0,238.8,23.9,97.0,False,True,True,True,True,True,True,True,False,7,False,False,4 형성중
20261002,412350,레이저쎌,KOSDAQ,7430,833134,4644.0,6153.0,5214.0,1573.0,14640.0,372.3,49.2,97.0,True,True,True,True,False,True,False,True,True,6,False,False,베이스 없음
20261002,420770,기가비스,KOSDAQ,129300,115304,111332.0,112241.0,95162.0,29800.0,206000.0,333.9,37.2,97.0,False,True,True,True,False,True,False,True,True,6,False,False,1 형성중
20261002,003160,디아이,KOSPI,42500,1285976,27325.0,29042.0,28827.0,14570.0,43900.0,191.7,3.2,96.0,True,True,True,True,False,True,True,True,True,7,False,False,베이스 없음
20261002,004710,한솔테크닉스,KOSPI,12070,1361335,8239.0,8501.0,7763.0,4229.0,16430.0,185.4,26.5,96.0,True,True,True,True,False,True,False,True,True,6,False,False,베이스 없음
20261002,006345,대원전선우,KOSPI,9990,16242,10026.0,9383.0,7949.0,3415.0,27650.0,192.5,63.9,96.0,False,True,True,True,True,True,False,True,False,6,False,False,1 형성중
20261002,010120,LS ELECTRIC,KOSPI,209000,289926,200812.0,206097.0,181450.0,53800.0,335000.0,288.5,37.6,96.0,False,True,True,True,False,True,False,True,True,6,False,False,1 형성중
20261002,032820,우리기술,KOSDAQ,12800,2158288,11737.0,15864.0,13577.0,3540.0,30200.0,261.6,57.6,96.0,True,False,True,True,False,True,False,True,True,5,False,False,2 형성중
20261002,053610,프로텍,KOSDAQ,85400,44809,63947.0,68060.0,61209.0,29000.0,101900.0,194.5,16.2,96.0,True,True,True,True,False,True,True,True,True,7,False,False,1a차
20261002,065170,비엘팜텍,KOSDAQ,2220,370326,2255.0,2624.0,2393.0,376.0,8150.0,490.4,72.8,96.0,True,False,True,True,False,True,False,True,False,4,False,False,Stage2 아님
20261002,066570,LG전자,KOSPI,215500,395945,194958.0,178833.0,159160.0,75000.0,438000.0,187.3,50.8,96.0,True,True,True,True,True,True,False,True,True,7,False,False,1 형성중
20261002,067310,하나마이크론,KOSDAQ,52200,2192408,36517.0,38549.0,36169.0,18440.0,58500.0,183.1,10.8,96.0,True,True,True,True,False,True,True,True,True,7,False,False,베이스 없음
20261002,078930,GS,KOSPI,105100,390440,109094.0,84403.0,78680.0,44000.0,133200.0,138.9,21.1,96.0,False,True,True,True,True,True,True,True,False,7,False,False,3 형성중
20261002,084370,유진테크,KOSDAQ,179400,181897,132784.0,137849.0,125614.0,59500.0,231500.0,201.5,22.5,96.0,True,True,True,True,False,True,True,True,True,7,False,False,베이스 없음
20261002,089970,브이엠,KOSDAQ,67400,830465,60839.0,62938.0,54491.0,16100.0,122100.0,318.6,44.8,96.0,False,True,True,True,False,True,False,True,True,6,False,False,베이스 없음
20261002,093370,후성,KOSPI,16400,5427377,12200.0,11957.0,10938.0,5780.0,23550.0,183.7,30.4,96.0,True,True,True,True,True,True,False,True,True,7,False,False,베이스 없음
20261002,097800,윈팩,KOSDAQ,4025,8145007,2084.0,2148.0,2260.0,1324.0,4535.0,204.0,11.2,96.0,True,True,False,False,False,True,True,True,True,5,False,False,베이스 없음
20261002,123010,MSDI,KOSDAQ,4165,1148062,2628.0,3101.0,2919.0,1304.0,6274.0,219.4,33.6,96.0,True,True,True,True,False,True,False,True,True,6,False,False,베이스 없음
20261002,181710,NHN,KOSPI,57300,132766,56242.0,44781.0,41547.0,25350.0,78200.0,126.0,26.7,96.0,False,True,True,True,True,True,False,True,True,7,False,False,1 형성중
20261002,187660,페니트리움바이오,KOSDAQ,7040,1333129,5282.0,8323.0,7053.0,2234.0,20884.0,215.1,66.3,96.0,True,False,True,True,False,True,False,True,True,5,False,False,베이스 없음
20261002,189330,씨이랩,KOSDAQ,11000,200803,12197.0,8795.0,7735.0,3400.0,19100.0,223.5,42.4,96.0,False,True,True,True,True,True,False,True,False,6,False,False,2 형성중
20261002,200470,에이팩트,KOSDAQ,10320,958312,6228.0,7479.0,7424.0,3620.0,13100.0,185.1,21.2,96.0,True,True,True,True,False,True,True,True,True,7,False,False,베이스 없음
20261002,403870,HPSP,KOSDAQ,66200,3595894,46869.0,48179.0,45240.0,27450.0,92000.0,141.2,28.0,96.0,True,True,True,True,False,True,False,True,True,6,False,False,베이스 없음
20261002,457600,벡트,KOSDAQ,3950,228473,4231.0,2811.0,2719.0,1401.0,5700.0,181.9,30.7,96.0,False,True,True,True,True,True,False,True,False,6,False,False,1 형성중
20261002,000990,DB하이텍,KOSPI,141300,317918,103262.0,120117.0,110777.0,52400.0,230500.0,169.7,38.7,95.0,True,True,True,True,False,True,False,True,True,6,False,False,베이스 없음
20261002,011070,LG이노텍,KOSPI,574000,157131,565760.0,622797.0,534250.0,173200.0,1788000.0,231.4,67.9,95.0,False,False,True,True,False,True,False,True,True,5,False,False,1 형성중
20261002,012210,삼미금속,KOSDAQ,11970,1085711,8854.0,10997.0,11293.0,3355.0,20850.0,256.8,42.6,95.0,True,True,False,True,False,True,False,True,True,5,False,False,1a차
20261002,014990,인디에프,KOSPI,4060,208653,3056.0,3114.0,3390.0,1406.0,6405.0,188.8,36.6,95.0,True,True,False,False,False,True,False,True,True,4,False,False,베이스 없음
20261002,031330,에스에이엠티,KOSDAQ,8830,445284,8729.0,9346.0,8069.0,3065.0,19950.0,188.1,55.7,95.0,False,False,True,True,False,True,False,True,True,5,False,False,1 형성중
20261002,033640,네패스,KOSDAQ,31800,292377,21175.0,24242.0,22412.0,11400.0,41150.0,178.9,22.7,95.0,True,True,True,True,False,True,True,True,True,7,False,False,베이스 없음
20261002,034730,SK,KOSPI,578000,89870,564710.0,523667.0,466010.0,203500.0,883000.0,184.0,34.5,95.0,False,True,True,True,True,True,False,True,True,7,False,False,5 형성중
20261002,037460,삼지전자,KOSDAQ,33250,64397,32331.0,33155.0,29292.0,11360.0,64500.0,192.7,48.4,95.0,True,True,True,True,False,True,False,True,True,6,False,False,3 형성중
20261002,039030,이오테크닉스,KOSDAQ,537000,108226,400970.0,430120.0,401348.0,219000.0,623000.0,145.2,13.8,95.0,True,True,True,True,False,True,True,True,True,7,False,False,베이스 없음
20261002,042700,한미반도체,KOSPI,272000,658461,221890.0,269208.0,243238.0,89500.0,426000.0,203.9,36.2,95.0,True,True,True,True,False,True,False,True,True,6,False,False,베이스 없음
20261002,058610,에스피지,KOSDAQ,103400,257689,96406.0,104526.0,104742.0,26000.0,165700.0,297.7,37.6,95.0,False,False,False,True,False,True,False,True,True,4,False,False,베이스 없음
20261002,067290,JW신약,KOSDAQ,2965,1399627,2616.0,2136.0,2091.0,1246.0,4335.0,138.0,31.6,95.0,True,True,True,True,True,True,False,True,True,7,False,False,1 형성중
20261002,077360,덕산하이메탈,KOSDAQ,14110,795611,10235.0,12305.0,11144.0,5200.0,21100.0,171.3,33.1,95.0,True,True,True,True,False,True,False,True,True,6,False,False,베이스 없음
20261002,078350,한양디지텍,KOSDAQ,36000,572034,21847.0,25487.0,25026.0,13720.0,44300.0,162.4,18.7,95.0,True,True,True,True,False,True,True,True,True,7,False,False,베이스 없음
20261002,131970,두산테스나,KOSDAQ,109000,344040,79796.0,103145.0,90894.0,38500.0,196900.0,183.1,44.6,95.0,True,True,True,True,False,True,False,True,True,6,False,False,베이스 없음
20261002,138080,오이솔루션,KOSDAQ,32650,1331213,23270.0,30136.0,26446.0,9960.0,57900.0,227.8,43.6,95.0,True,True,True,True,False,True,False,True,True,6,False,False,베이스 없음
20261002,240810,원익IPS,KOSDAQ,139400,1320502,111366.0,121657.0,112208.0,43200.0,187800.0,222.7,25.8,95.0,True,True,True,True,False,True,False,True,True,6,False,False,1a차
20261002,281820,케이씨텍,KOSPI,92100,155962,71474.0,68100.0,61532.0,35100.0,124800.0,162.4,26.2,95.0,True,True,True,True,True,True,False,True,True,7,False,False,1a차
20261002,332570,PS일렉트로닉스,KOSDAQ,9280,2331894,8273.0,7657.0,7388.0,4065.0,14990.0,128.3,38.1,95.0,True,True,True,True,True,True,False,True,True,7,False,False,1 형성중
20261002,356860,티엘비,KOSDAQ,48700,696198,35258.0,38339.0,35830.0,18474.0,67608.0,163.6,28.0,95.0,True,True,True,True,False,True,False,True,True,6,False,False,베이스 없음
20261002,425420,티에프이,KOSDAQ,72600,123728,45754.0,50762.0,47718.0,23500.0,77700.0,208.9,6.6,95.0,True,True,True,True,False,True,True,True,True,7,False,False,베이스 없음
20261002,006400,삼성SDI,KOSPI,529000,235435,497430.0,505260.0,460862.0,201500.0,723000.0,162.5,26.8,94.0,True,True,True,True,False,True,False,True,True,6,False,False,1 형성중
20261002,007340,DN오토모티브,KOSPI,50500,104270,46301.0,41432.0,37640.0,21550.0,67500.0,134.3,25.2,94.0,False,True,True,True,True,True,False,True,True,7,False,False,4 형성중
20261002,007815,코리아써우,KOSPI,21250,503,17425.0,19294.0,18240.0,6550.0,31450.0,224.4,32.4,94.0,True,True,True,True,False,True,False,True,True,6,False,False,베이스 없음
20261002,008930,한미사이언스,KOSPI,55000,162367,46037.0,38864.0,39020.0,25600.0,61000.0,114.8,9.8,94.0,True,True,False,True,True,True,True,True,True,7,False,False,베이스 없음
20261002,033160,엠케이전자,KOSDAQ,20000,2207418,15068.0,19173.0,16663.0,7830.0,37000.0,155.4,45.9,94.0,True,True,True,True,False,True,False,True,True,6,False,False,베이스 없음
20261002,033790,피노,KOSDAQ,10090,3437444,6958.0,8370.0,7692.0,3445.0,19150.0,192.9,47.3,94.0,True,True,True,True,False,True,False,True,True,6,False,False,베이스 없음
20261002,052710,아모텍,KOSDAQ,21000,568201,13610.0,16431.0,14551.0,7350.0,32339.0,185.7,35.1,94.0,True,True,True,True,False,True,False,True,True,6,False,False,베이스 없음
20261002,089890,코세스,KOSDAQ,36450,263473,24593.0,29204.0,27859.0,13970.0,51400.0,160.9,29.1,94.0,True,True,True,False,False,True,False,True,True,5,False,False,베이스 없음
20261002,095340,ISC,KOSDAQ,210000,229819,166946.0,194725.0,177172.0,69700.0,292500.0,201.3,28.2,94.0,True,True,True,True,False,True,False,True,True,6,False,False,베이스 없음
20261002,100590,머큐리,KOSDAQ,6250,3905604,3899.0,5077.0,4635.0,2480.0,12750.0,152.0,51.0,94.0,True,True,True,True,False,True,False,True,True,6,False,False,베이스 없음
20261002,108490,로보티즈,KOSDAQ,312000,285587,261612.0,269427.0,271350.0,100304.0,464000.0,211.1,32.8,94.0,True,True,False,True,False,True,False,True,True,5,False,False,베이스 없음
20261002,170920,엘티씨,KOSDAQ,43650,125657,36744.0,38708.0,34688.0,15300.0,60700.0,185.3,28.1,94.0,True,True,True,True,False,True,False,True,True,6,False,False,1 형성중
20261002,192650,드림텍,KOSPI,9400,1243208,5850.0,5925.0,6299.0,3565.0,9470.0,163.7,0.7,94.0,True,True,False,True,False,True,True,True,True,6,False,False,베이스 없음
20261002,203650,드림시큐리티,KOSDAQ,2905,4170657,2205.0,2383.0,2199.0,1400.0,4810.0,107.5,39.6,94.0,True,True,True,True,False,True,False,True,True,6,False,False,베이스 없음
20261002,322000,HD현대에너지솔루션,KOSPI,139200,401008,129376.0,143589.0,123191.0,44200.0,256000.0,214.9,45.6,94.0,True,False,True,True,False,True,False,True,True,5,False,False,베이스 없음
20261002,35320K,대덕전자1우,KOSPI,27700,10736,22782.0,25238.0,22722.0,9130.0,49950.0,203.4,44.5,94.0,True,True,True,True,False,True,False,True,True,6,False,False,베이스 없음
20261002,382800,지앤비에스 에코,KOSDAQ,6480,2272878,5027.0,5714.0,5066.0,2550.0,10150.0,154.1,36.2,94.0,True,True,True,True,False,True,False,True,True,6,False,False,1a차
20261002,388790,라이콤,KOSDAQ,5730,1692863,4312.0,4856.0,4306.0,2110.0,9330.0,171.6,38.6,94.0,True,True,True,True,False,True,False,True,True,6,False,False,1a차
20261002,448900,한국피아이엠,KOSDAQ,57400,64741,54662.0,80639.0,76661.0,13590.0,178400.0,322.4,67.8,94.0,False,False,True,True,False,True,False,True,True,5,False,False,베이스 없음
20261002,456010,아이씨티케이,KOSDAQ,25500,1120014,17276.0,18766.0,18107.0,11000.0,39950.0,131.8,36.2,94.0,True,True,True,True,False,True,False,True,True,6,False,False,베이스 없음
20261002,004310,현대약품,KOSPI,8400,522815,7362.0,7742.0,8295.0,3500.0,15960.0,140.0,47.4,93.0,True,True,False,True,False,True,False,True,True,5,False,False,1 형성중
20261002,005320,온타이드,KOSPI,1417,403223,976.0,1023.0,994.0,600.0,1458.0,136.2,2.8,93.0,True,True,True,True,False,True,True,True,True,7,False,False,베이스 없음
20261002,010060,OCI홀딩스,KOSPI,236000,384807,234358.0,240403.0,210296.0,83400.0,414000.0,183.0,43.0,93.0,False,False,True,True,False,True,False,True,True,5,False,False,베이스 없음
20261002,030530,원익홀딩스,KOSDAQ,29350,1787220,21144.0,25538.0,28792.0,10380.0,50600.0,182.8,42.0,93.0,True,True,False,False,False,True,False,True,True,4,False,False,베이스 없음
20261002,043590,웰킵스하이텍,KOSDAQ,1645,11983,1385.0,1298.0,1314.0,750.0,2754.0,119.3,40.3,93.0,True,True,False,True,True,True,False,True,True,6,False,False,Stage2 아님
20261002,049080,기가레인,KOSDAQ,9690,464834,8624.0,11439.0,9920.0,3580.0,31250.0,170.7,69.0,93.0,True,False,True,True,False,True,False,True,True,5,False,False,베이스 없음
20261002,059120,아진엑스텍,KOSDAQ,7940,614503,6797.0,7278.0,7152.0,3502.0,14500.0,126.7,45.2,93.0,True,True,True,True,False,True,False,True,True,6,False,False,베이스 없음
20261002,064760,티씨케이,KOSDAQ,298000,69675,233548.0,250359.0,231651.0,137000.0,348500.0,117.5,14.5,93.0,True,True,True,True,False,True,True,True,True,7,False,False,베이스 없음
20261002,064850,에프앤가이드,KOSDAQ,21150,24256,17804.0,22008.0,19074.0,8140.0,37000.0,159.8,42.8,93.0,False,False,True,True,False,True,False,True,True,5,False,False,베이스 없음
20261002,085620,미래에셋생명,KOSPI,19480,49609,19701.0,18453.0,16178.0,7650.0,37300.0,154.6,47.8,93.0,False,True,True,True,True,True,False,True,False,6,False,False,1 형성중
20261002,091580,상신이디피,KOSDAQ,22450,216546,18689.0,19294.0,18021.0,9950.0,31550.0,125.6,28.8,93.0,True,True,True,True,False,True,False,True,True,6,False,False,1a차
20261002,115440,우리넷,KOSDAQ,12400,3020231,8103.0,9923.0,9302.0,5290.0,21350.0,134.4,41.9,93.0,True,True,True,True,False,True,False,True,True,6,False,False,베이스 없음
20261002,229640,LS에코에너지,KOSPI,66900,233625,48967.0,54575.0,50582.0,32000.0,109800.0,109.1,39.1,93.0,True,True,True,True,False,True,False,True,True,6,False,False,베이스 없음
20261002,241710,코스메카코리아,KOSDAQ,110700,175894,117410.0,90688.0,87747.0,61200.0,155500.0,80.9,28.8,93.0,False,True,True,True,True,True,False,True,False,6,False,False,1 형성중
20261002,258790,소프트캠프,KOSDAQ,7380,12600,5316.0,5949.0,6208.0,3110.0,11450.0,137.3,35.5,93.0,True,True,False,False,False,True,False,True,True,4,False,False,베이스 없음
20261002,307180,아이엘,KOSDAQ,5770,172507,5236.0,5741.0,5272.0,2400.0,10400.0,140.4,44.5,93.0,True,True,True,True,False,True,False,True,True,6,False,False,1 형성중
20261002,323280,태성,KOSDAQ,60400,344055,45194.0,54414.0,54524.0,23000.0,94000.0,162.6,35.7,93.0,True,True,False,True,False,True,False,True,True,5,False,False,베이스 없음
20261002,354320,알멕,KOSDAQ,43800,181334,32295.0,50758.0,48291.0,18900.0,104000.0,131.7,57.9,93.0,True,False,True,True,False,True,False,True,True,5,False,False,베이스 없음
20261002,437730,삼현,KOSDAQ,52100,307551,39129.0,45087.0,48464.0,20600.0,76900.0,152.9,32.2,93.0,True,True,False,True,False,True,False,True,True,5,False,False,베이스 없음
20261002,452260,한화갤러리아,KOSPI,2590,1145009,2229.0,2489.0,2295.0,999.0,4120.0,159.3,37.1,93.0,True,True,True,True,False,True,False,True,True,6,False,False,베이스 없음
20261002,005090,SGC에너지,KOSPI,47500,59447,53650.0,52271.0,45452.0,20150.0,70700.0,135.7,32.8,92.0,False,False,True,True,True,True,False,True,False,5,False,False,베이스 없음
20261002,005160,동국산업,KOSDAQ,3965,7587498,2740.0,2836.0,2819.0,2125.0,4250.0,86.6,6.7,92.0,True,True,True,True,False,True,True,True,True,7,False,False,베이스 없음
20261002,020150,롯데에너지머티리얼즈,KOSPI,51100,1399138,35290.0,44366.0,42492.0,21600.0,83100.0,136.6,38.5,92.0,True,True,True,True,False,True,False,True,True,6,False,False,베이스 없음
20261002,03473K,SK우,KOSPI,374000,164,368340.0,343383.0,311244.0,158700.0,512000.0,135.7,27.0,92.0,True,True,True,True,True,True,False,True,True,7,False,False,4 형성중
20261002,048770,TPC로보틱스,KOSDAQ,4160,241053,3462.0,3718.0,3623.0,1910.0,10690.0,117.8,61.1,92.0,True,True,True,True,False,True,False,True,True,6,False,False,베이스 없음
20261002,066575,LG전자우,KOSPI,75000,43058,69060.0,67107.0,63024.0,36350.0,138400.0,106.3,45.8,92.0,True,True,True,True,True,True,False,True,True,7,False,False,3 형성중
20261002,089790,제이티,KOSDAQ,6810,228239,4640.0,5180.0,5170.0,2935.0,8040.0,132.0,15.3,92.0,True,True,True,True,False,True,True,True,True,7,False,False,베이스 없음
20261002,098460,고영,KOSDAQ,34450,1612609,28751.0,30924.0,30350.0,14440.0,45000.0,138.6,23.4,92.0,True,True,True,True,False,True,True,True,True,7,False,False,베이스 없음
20261002,103590,일진전기,KOSPI,86000,654554,68342.0,81013.0,76252.0,33500.0,147900.0,156.7,41.9,92.0,True,True,True,True,False,True,False,True,True,6,False,False,베이스 없음
20261002,105330,케이엔더블유,KOSDAQ,8900,58611,7009.0,7902.0,7292.0,4275.0,11400.0,108.2,21.9,92.0,True,True,True,True,False,True,True,True,True,7,False,False,베이스 없음
20261002,126730,코칩,KOSDAQ,24000,187795,18541.0,18942.0,18214.0,9310.0,36500.0,157.8,34.2,92.0,True,True,True,True,False,True,False,True,True,6,False,False,1a차
20261002,172670,에이엘티,KOSDAQ,14810,125258,10739.0,12177.0,12298.0,6970.0,21200.0,112.5,30.1,92.0,True,True,False,True,False,True,False,True,True,5,False,False,베이스 없음
20261002,183300,코미코,KOSDAQ,34450,436761,25955.0,29063.0,26861.0,16307.0,55782.0,111.3,38.2,92.0,True,True,True,True,False,True,False,True,True,6,False,False,베이스 없음
20261002,212560,네오오토,KOSDAQ,11300,803212,10334.0,9767.0,9798.0,4995.0,16100.0,126.2,29.8,92.0,False,True,False,True,True,True,False,True,True,6,False,False,베이스 없음
20261002,263860,지니언스,KOSDAQ,21250,223977,15757.0,14736.0,15717.0,11000.0,30000.0,93.2,29.2,92.0,True,True,False,False,True,True,False,True,True,5,False,False,1a차
20261002,295310,에이치브이엠,KOSDAQ,69700,272767,49081.0,72568.0,71561.0,21950.0,144000.0,217.5,51.6,92.0,True,False,True,True,False,True,False,True,True,5,False,False,베이스 없음
20261002,330860,네패스아크,KOSDAQ,32750,301703,26384.0,31505.0,28088.0,14880.0,63500.0,120.1,48.4,92.0,True,True,True,True,False,True,False,True,True,6,False,False,베이스 없음
20261002,340450,지씨지놈,KOSDAQ,8940,579018,5966.0,6422.0,6703.0,4100.0,9520.0,118.0,6.1,92.0,True,True,False,False,False,True,True,True,True,5,False,False,Stage2 아님
20261002,425040,티이엠씨,KOSDAQ,14770,793336,9664.0,12860.0,11766.0,6300.0,30300.0,134.4,51.3,92.0,True,True,True,True,False,True,False,True,True,6,False,False,베이스 없음
20261002,006360,GS건설,KOSPI,33150,1142778,33497.0,30971.0,28147.0,17880.0,44850.0,85.4,26.1,91.0,False,True,True,True,True,True,False,True,False,6,False,False,2 형성중
20261002,019210,와이지-원,KOSDAQ,12880,619242,15183.0,15604.0,13381.0,4900.0,28500.0,162.9,54.8,91.0,False,False,True,True,False,True,False,True,False,4,False,False,베이스 없음
20261002,028050,삼성E&A,KOSPI,47850,1065918,47815.0,46105.0,41491.0,23150.0,67300.0,106.7,28.9,91.0,False,True,True,True,True,True,False,True,True,7,False,False,2 형성중
20261002,041830,인바디,KOSDAQ,52100,90468,57945.0,45160.0,41935.0,26200.0,73500.0,98.9,29.1,91.0,False,True,True,True,True,True,False,True,False,6,False,False,2 형성중
20261002,042510,라온시큐어,KOSDAQ,11820,437260,9052.0,9450.0,9431.0,6320.0,16960.0,87.0,30.3,91.0,True,True,True,True,False,True,False,True,True,6,False,False,베이스 없음
20261002,045510,정원엔시스,KOSDAQ,1201,29914,1077.0,970.0,951.0,646.0,1686.0,85.9,28.8,91.0,True,True,True,True,True,True,False,True,True,7,False,False,베이스 없음
20261002,062040,산일전기,KOSPI,227000,430010,183674.0,197799.0,184240.0,105000.0,341000.0,116.2,33.4,91.0,True,True,True,True,False,True,False,True,True,6,False,False,1a차
20261002,088350,한화생명,KOSPI,5320,2115062,5292.0,4999.0,4633.0,2930.0,7560.0,81.6,29.6,91.0,False,True,True,True,True,True,False,True,True,7,False,False,1 형성중
20261002,105740,디케이락,KOSDAQ,11680,1705302,7711.0,8364.0,8806.0,6170.0,12000.0,89.3,2.7,91.0,True,True,False,False,False,True,True,True,True,5,False,False,베이스 없음
20261002,109070,주성코퍼레이션,KOSPI,7360,27540,7485.0,7116.0,6373.0,3510.0,14250.0,109.7,48.4,91.0,False,True,True,True,True,True,False,True,False,6,False,False,1 형성중
20261002,127710,아시아경제,KOSDAQ,1422,68403,1086.0,1200.0,1163.0,750.0,1849.0,89.6,23.1,91.0,True,True,True,True,False,True,True,True,True,7,False,False,베이스 없음
20261002,129920,대성하이텍,KOSDAQ,7180,161819,5548.0,7553.0,6817.0,3330.0,15350.0,115.6,53.2,91.0,True,False,True,True,False,True,False,True,True,5,False,False,베이스 없음
20261002,222040,코스맥스엔비티,KOSDAQ,6360,594297,8050.0,6418.0,5652.0,2860.0,11200.0,122.4,43.2,91.0,False,False,True,True,True,True,False,True,False,5,False,False,2 형성중
20261002,232830,아이티센피엔에스,KOSDAQ,2995,177652,2018.0,2639.0,2550.0,1211.0,5590.0,147.3,46.4,91.0,True,True,True,True,False,True,False,True,True,6,False,False,1 형성중
20261002,253590,네오셈,KOSDAQ,15580,2448739,10924.0,13763.0,13462.0,6700.0,21400.0,132.5,27.2,91.0,True,True,True,True,False,True,False,True,True,6,False,False,베이스 없음
20261002,357780,솔브레인,KOSDAQ,426500,30401,322450.0,373517.0,361820.0,215500.0,530000.0,97.9,19.5,91.0,True,True,True,True,False,True,True,True,True,7,False,False,베이스 없음
20261002,360350,코셈,KOSDAQ,11000,52230,6496.0,9916.0,9133.0,4950.0,18530.0,122.2,40.6,91.0,True,True,True,False,False,True,False,True,True,5,False,False,베이스 없음
20261002,375500,DL이앤씨,KOSPI,75700,241340,73316.0,72855.0,65616.0,38450.0,106600.0,96.9,29.0,91.0,True,True,True,True,True,True,False,True,True,7,False,False,1 형성중
20261002,431190,케이쓰리아이,KOSDAQ,4580,49308,3045.0,3444.0,3894.0,1847.0,7450.0,148.0,38.5,91.0,True,True,False,False,False,True,False,True,True,4,False,False,베이스 없음
20261002,452190,한빛레이저,KOSDAQ,6160,1444794,4150.0,4871.0,4849.0,2615.0,10590.0,135.6,41.8,91.0,True,True,True,False,False,True,False,True,True,5,False,False,베이스 없음
20261002,475150,SK이터닉스,KOSPI,49800,576745,53337.0,48951.0,42090.0,17210.0,87700.0,189.4,43.2,91.0,False,True,True,True,True,True,False,True,False,6,False,False,2 형성중
20261002,000150,두산,KOSPI,1338000,152860,1246860.0,1355040.0,1229965.0,522000.0,2489000.0,156.3,46.2,90.0,True,False,True,True,False,True,False,True,True,5,False,False,1 형성중
20261002,004105,태양금속우,KOSPI,4535,98240,3212.0,3545.0,3522.0,2625.0,4895.0,72.8,7.4,90.0,True,True,True,True,False,True,True,True,True,7,False,False,베이스 없음
20261002,024850,HLB이노베이션,KOSDAQ,16450,125364,13453.0,16386.0,15332.0,7460.0,29100.0,120.5,43.5,90.0,True,True,True,True,False,True,False,True,True,6,False,False,1a차
20261002,035610,솔본,KOSDAQ,4895,15777,4905.0,4082.0,3983.0,3155.0,5600.0,55.2,12.6,90.0,True,True,True,True,True,True,True,True,False,7,False,False,베이스 없음
20261002,047770,코데즈컴바인,KOSDAQ,3705,396902,3249.0,3680.0,3557.0,1878.0,5960.0,97.3,37.8,90.0,False,True,True,True,False,True,False,True,True,6,False,False,1 형성중
20261002,053800,안랩,KOSDAQ,78400,48504,60608.0,60259.0,60792.0,50800.0,78800.0,54.3,0.5,90.0,True,True,False,True,False,True,True,True,True,6,False,False,베이스 없음
20261002,076610,해성옵틱스,KOSDAQ,1141,623407,1220.0,1399.0,1280.0,485.0,2930.0,135.3,61.1,90.0,False,False,True,True,False,True,False,True,False,4,False,False,베이스 없음
20261002,079940,가비아,KOSDAQ,39150,6858,43720.0,34729.0,34132.0,24900.0,47900.0,57.2,18.3,90.0,False,True,True,True,True,True,True,True,False,7,False,False,2 형성중
20261002,094860,네오리진,KOSDAQ,1572,148401,1387.0,1391.0,1336.0,907.0,1976.0,73.3,20.4,90.0,True,True,True,True,False,True,True,True,True,7,False,False,베이스 없음
20261002,147760,피엠티,KOSDAQ,3950,201266,3295.0,4117.0,3762.0,2031.0,9920.0,94.5,60.2,90.0,True,False,True,True,False,True,False,True,True,5,False,False,베이스 없음
20261002,163730,핑거,KOSDAQ,14900,174565,9899.0,12148.0,11902.0,6200.0,25650.0,140.3,41.9,90.0,True,True,True,False,False,True,False,True,True,5,False,False,베이스 없음
20261002,171090,선익시스템,KOSDAQ,76500,76887,66502.0,80064.0,76123.0,39850.0,144000.0,92.0,46.9,90.0,True,False,True,True,False,True,False,True,True,5,False,False,베이스 없음
20261002,187870,디바이스,KOSDAQ,12940,133673,11238.0,14619.0,12972.0,5679.0,29700.0,127.9,56.4,90.0,True,False,True,True,False,True,False,True,True,5,False,False,베이스 없음
20261002,195870,해성디에스,KOSPI,65500,187910,53772.0,62780.0,61100.0,26550.0,108500.0,146.7,39.6,90.0,True,True,True,True,False,True,False,True,True,6,False,False,베이스 없음
20261002,208710,포톤,KOSDAQ,2805,59129,2607.0,2427.0,2398.0,1678.0,5660.0,67.2,50.4,90.0,False,True,True,True,True,True,False,True,True,7,False,False,1 형성중
20261002,251970,펌텍코리아,KOSDAQ,60900,153247,54738.0,46244.0,48789.0,31400.0,70200.0,93.9,13.2,90.0,True,True,False,True,True,True,True,True,True,7,False,False,1 형성중
20261002,291650,츌립앤사이언스,KOSDAQ,2635,149975,1830.0,2357.0,2239.0,1350.0,3996.0,95.2,34.1,90.0,True,True,True,True,False,True,False,True,True,6,False,False,베이스 없음
20261002,489460,바이오비쥬,KOSDAQ,11520,25325,10980.0,8787.0,9738.0,5230.0,18450.0,120.3,37.6,90.0,False,True,False,False,True,True,False,True,True,5,False,False,Stage2 아님
20261002,002680,한탑,KOSDAQ,3410,38564,2424.0,2783.0,2960.0,1495.0,5150.0,128.1,33.8,89.0,True,True,False,False,False,True,False,True,True,4,False,False,베이스 없음
20261002,003550,LG,KOSPI,111400,103265,110466.0,104745.0,100341.0,70100.0,185900.0,58.9,40.1,89.0,False,True,True,True,True,True,False,True,True,7,False,False,2 형성중
20261002,004100,태양금속,KOSPI,3255,349839,2632.0,2815.0,2704.0,1951.0,3790.0,66.8,14.1,89.0,True,True,True,True,False,True,True,True,True,7,False,False,베이스 없음
20261002,005950,이수화학,KOSPI,11560,379875,12342.0,11323.0,10747.0,5060.0,17990.0,128.5,35.7,89.0,False,True,True,True,True,True,False,True,False,6,False,False,베이스 없음
20261002,00781K,코리아써키트2우B,KOSPI,15390,946,13421.0,15695.0,14705.0,6280.0,27700.0,145.1,44.4,89.0,False,False,True,True,False,True,False,True,True,5,False,False,베이스 없음
20261002,008060,대덕,KOSPI,16090,127645,14847.0,15697.0,14414.0,8340.0,24350.0,92.9,33.9,89.0,False,True,True,True,False,True,False,True,True,6,False,False,1 형성중
20261002,017670,SK텔레콤,KOSPI,88600,575006,91248.0,91034.0,83732.0,51400.0,139500.0,72.4,36.5,89.0,False,False,True,True,True,True,False,True,False,5,False,False,2 형성중
20261002,024800,유성티엔에스,KOSDAQ,4345,48530,4420.0,4303.0,3927.0,2110.0,5980.0,105.9,27.3,89.0,False,True,True,True,True,True,False,True,False,6,False,False,2 형성중
20261002,032830,삼성생명,KOSPI,288000,183046,296080.0,301367.0,269560.0,144000.0,516500.0,100.0,44.2,89.0,False,False,True,True,False,True,False,True,False,4,False,False,2 형성중
20261002,032940,원익,KOSDAQ,9330,361961,7373.0,8270.0,9078.0,4215.0,17800.0,121.4,47.6,89.0,True,True,False,True,False,True,False,True,True,5,False,False,베이스 없음
20261002,046890,서울반도체,KOSDAQ,10940,303172,9604.0,11117.0,9998.0,5730.0,18960.0,90.9,42.3,89.0,True,False,True,True,False,True,False,True,True,5,False,False,베이스 없음
20261002,054920,한컴위드,KOSDAQ,5010,1793753,4003.0,4611.0,4648.0,2795.0,8980.0,79.2,44.2,89.0,True,True,False,True,False,True,False,True,True,5,False,False,베이스 없음
20261002,067170,오텍,KOSDAQ,2865,2513461,2403.0,2483.0,2338.0,1650.0,5200.0,73.6,44.9,89.0,True,True,True,True,False,True,False,True,True,6,False,False,1a차
20261002,073490,LIG아큐버,KOSDAQ,35200,141604,30310.0,36167.0,33817.0,19990.0,62500.0,76.1,43.7,89.0,True,False,True,True,False,True,False,True,True,5,False,False,베이스 없음
20261002,079950,인베니아,KOSDAQ,1480,42294,1216.0,1126.0,1464.0,762.0,7440.0,94.2,80.1,89.0,True,True,False,False,False,True,False,True,True,4,False,False,Stage2 아님
20261002,090360,로보스타,KOSDAQ,79500,92735,75558.0,76756.0,77516.0,37800.0,171600.0,110.3,53.7,89.0,False,True,False,True,False,True,False,True,True,5,False,False,베이스 없음
20261002,242040,나무AX,KOSDAQ,3300,393209,3346.0,4807.0,4112.0,1308.0,11100.0,152.3,70.3,89.0,False,False,True,True,False,True,False,True,False,4,False,False,베이스 없음
20261002,290720,푸드나무,KOSDAQ,3095,94185,2941.0,2975.0,2743.0,1839.0,3980.0,68.3,22.2,89.0,False,True,True,True,False,True,True,True,True,7,False,False,1 형성중
20261002,303360,프로티아,KOSDAQ,6080,49583,5120.0,4758.0,4992.0,3680.0,6890.0,65.2,11.8,89.0,True,True,False,False,True,True,True,True,True,6,False,False,베이스 없음
20261002,355150,코스텍시스,KOSDAQ,23650,194321,19692.0,26260.0,23044.0,10890.0,64100.0,117.2,63.1,89.0,True,False,True,True,False,True,False,True,True,5,False,False,베이스 없음
20261002,377450,리파인,KOSDAQ,14470,15421,14752.0,12208.0,12281.0,8420.0,17240.0,71.9,16.1,89.0,False,True,False,True,True,True,True,True,False,6,False,False,1 형성중
20261002,389680,유디엠텍,KOSDAQ,2955,66437,1844.0,2358.0,2647.0,950.0,8835.0,211.1,66.6,89.0,True,True,False,False,False,True,False,True,True,4,False,False,Stage2 아님
20261002,413630,씨피시스템,KOSDAQ,4170,543713,3977.0,3589.0,3835.0,1938.0,6190.0,115.2,32.6,89.0,True,True,False,False,True,True,False,True,True,5,False,False,1a차
20261002,000720,현대건설,KOSPI,114700,705754,115716.0,135270.0,124608.0,54100.0,198400.0,112.0,42.2,88.0,False,False,True,True,False,True,False,True,False,4,False,False,베이스 없음
20261002,002360,SH에너지화학,KOSPI,3325,309229,1917.0,2770.0,3016.0,1455.0,6050.0,128.5,45.0,88.0,True,True,False,False,False,True,False,True,True,4,False,False,베이스 없음
20261002,006120,SK디스커버리,KOSPI,67600,47956,54576.0,53972.0,55331.0,42750.0,68300.0,58.1,1.0,88.0,True,True,False,False,False,True,True,True,True,5,False,False,베이스 없음
20261002,010580,에스엠벡셀,KOSPI,2240,333589,1884.0,1950.0,2039.0,1321.0,3495.0,69.6,35.9,88.0,True,True,False,True,False,True,False,True,True,5,False,False,1 형성중
20261002,014910,성문전자,KOSPI,2005,154651,1929.0,2080.0,2022.0,1039.0,4150.0,93.0,51.7,88.0,False,False,True,True,False,True,False,True,True,5,False,False,베이스 없음
20261002,045100,한양이엔지,KOSDAQ,34850,114605,30650.0,31213.0,29648.0,19060.0,39400.0,82.8,11.5,88.0,True,True,True,True,False,True,True,True,True,7,False,False,2e차
20261002,052260,현대바이오랜드,KOSDAQ,5000,1599869,3965.0,3971.0,4055.0,3125.0,6240.0,60.0,19.9,88.0,True,True,False,False,False,True,True,True,True,5,False,False,베이스 없음
20261002,056190,SFA,KOSDAQ,31100,361664,24213.0,26520.0,26621.0,16850.0,36500.0,84.6,14.8,88.0,True,True,False,True,False,True,True,True,True,6,False,False,베이스 없음
20261002,073240,금호타이어,KOSPI,6890,498175,7067.0,6119.0,6130.0,4220.0,8850.0,63.3,22.1,88.0,False,True,False,True,True,True,True,True,False,6,False,False,2 형성중
20261002,079550,LIG디펜스앤에어로스페이스,KOSPI,759000,94362,716840.0,769853.0,694142.0,360000.0,1118000.0,110.8,32.1,88.0,False,False,True,True,False,True,False,True,True,5,False,False,베이스 없음
20261002,101680,한국정밀기계,KOSDAQ,2900,9951,2751.0,2633.0,2641.0,1900.0,4300.0,52.6,32.6,88.0,True,True,False,True,True,True,False,True,True,6,False,False,베이스 없음
20261002,189860,서전기전,KOSDAQ,5130,133368,4542.0,5202.0,4837.0,2820.0,11500.0,81.9,55.4,88.0,True,False,True,True,False,True,False,True,True,5,False,False,1a차
20261002,192410,오늘이엔엠,KOSDAQ,3480,68797,4393.0,4652.0,3896.0,1362.0,8600.0,155.5,59.5,88.0,False,False,True,True,False,True,False,True,False,4,False,False,Stage2 아님
20261002,218410,RFHIC,KOSDAQ,62200,772381,50052.0,69758.0,62228.0,25600.0,126900.0,143.0,51.0,88.0,True,False,True,True,False,True,False,True,True,5,False,False,베이스 없음
20261002,234340,헥토파이낸셜,KOSDAQ,23950,422864,20615.0,25068.0,23638.0,14180.0,45000.0,68.9,46.8,88.0,True,False,True,True,False,True,False,True,True,5,False,False,베이스 없음
20261002,244920,에이플러스에셋,KOSPI,12200,18990,12889.0,11658.0,11443.0,5600.0,14990.0,117.9,18.6,88.0,False,True,True,True,True,True,True,True,False,7,False,False,1 형성중
20261002,246960,SCL사이언스,KOSDAQ,2625,124071,2107.0,1981.0,2057.0,1389.0,3250.0,89.0,19.2,88.0,True,True,False,False,True,True,True,True,True,6,False,False,베이스 없음
20261002,319400,현대무벡스,KOSDAQ,20900,716220,22491.0,27976.0,27067.0,8090.0,50400.0,158.3,58.5,88.0,False,False,True,True,False,True,False,True,False,4,False,False,1 형성중
20261002,323350,다원넥스뷰,KOSDAQ,10120,280888,8052.0,11731.0,10780.0,4960.0,28100.0,104.0,64.0,88.0,True,False,True,True,False,True,False,True,True,5,False,False,베이스 없음
20261002,347700,스피어,KOSDAQ,24700,2253758,21195.0,32275.0,29604.0,7050.0,57300.0,250.4,56.9,88.0,False,False,True,True,False,True,False,True,True,5,False,False,베이스 없음
20261002,361670,삼영에스앤씨,KOSDAQ,3870,15149,3575.0,3173.0,3256.0,2260.0,4320.0,71.2,10.4,88.0,True,True,False,True,True,True,True,True,True,7,False,False,베이스 없음
20261002,368770,파이버프로,KOSDAQ,14720,485859,12645.0,16228.0,15525.0,5280.0,29950.0,178.8,50.9,88.0,True,False,True,True,False,True,False,True,True,5,False,False,베이스 없음
20261002,457190,이수스페셜티케미컬,KOSPI,81900,369967,63753.0,82577.0,81541.0,44400.0,131800.0,84.5,37.9,88.0,True,False,True,True,False,True,False,True,True,5,False,False,베이스 없음
20261002,474610,RF시스템즈,KOSDAQ,8600,163842,7064.0,9054.0,8258.0,3885.0,17750.0,121.4,51.5,88.0,True,False,True,True,False,True,False,True,True,5,False,False,베이스 없음
20261002,000370,한화손해보험,KOSPI,7380,270030,7214.0,6786.0,6576.0,5050.0,10800.0,46.1,31.7,87.0,False,True,True,True,True,True,False,True,True,7,False,False,1 형성중
20261002,000650,천일고속,KOSPI,140700,1376,146422.0,188915.0,222076.0,36800.0,518000.0,282.3,72.8,87.0,False,False,False,True,False,True,False,True,False,3,False,False,베이스 없음
20261002,012860,모베이스전자,KOSDAQ,2490,965577,2302.0,3146.0,3071.0,1262.0,7070.0,97.3,64.8,87.0,False,False,True,True,False,True,False,True,True,5,False,False,베이스 없음
20261002,013700,까뮤이앤씨,KOSPI,1590,74582,1591.0,1387.0,1352.0,997.0,2005.0,59.5,20.7,87.0,False,True,True,True,True,True,True,True,False,7,False,False,1 형성중
20261002,018260,삼성에스디에스,KOSPI,219000,111681,223780.0,200208.0,193596.0,146100.0,388500.0,49.9,43.6,87.0,False,True,True,True,True,True,False,True,False,6,False,False,2 형성중
20261002,02826K,삼성물산우B,KOSPI,222500,3218,223200.0,216938.0,204897.0,121600.0,329500.0,83.0,32.5,87.0,False,True,True,True,True,True,False,True,False,6,False,False,3 형성중
20261002,053350,이니텍,KOSDAQ,4840,52444,4072.0,3352.0,3801.0,2165.0,9670.0,123.6,49.9,87.0,True,True,False,False,True,True,False,True,True,5,False,False,베이스 없음
20261002,055550,신한지주,KOSPI,105900,720780,107612.0,100900.0,96590.0,68100.0,116500.0,55.5,9.1,87.0,False,True,True,True,True,True,True,True,False,7,False,False,2b차
20261002,069640,한세엠케이,KOSPI,1429,28902,1355.0,1226.0,1239.0,800.0,1876.0,78.6,23.8,87.0,False,True,False,True,True,True,True,True,True,7,False,False,1 형성중
20261002,078600,대주전자재료,KOSDAQ,108700,563923,85930.0,108877.0,99766.0,58900.0,183300.0,84.6,40.7,87.0,True,False,True,True,False,True,False,True,True,5,False,False,베이스 없음
20261002,086790,하나금융지주,KOSPI,129600,396097,132162.0,123522.0,118155.0,84000.0,142500.0,54.3,9.1,87.0,False,True,True,True,True,True,True,True,False,7,False,False,3 형성중
20261002,088280,쏘닉스,KOSDAQ,3270,101935,2644.0,3502.0,3087.0,1605.0,8640.0,103.7,62.2,87.0,True,False,True,True,False,True,False,True,True,5,False,False,베이스 없음
20261002,093380,풍강,KOSDAQ,3070,16276,2951.0,2723.0,2735.0,2025.0,3395.0,51.6,9.6,87.0,True,True,False,True,True,True,True,True,True,7,False,False,베이스 없음
20261002,100120,뷰웍스,KOSDAQ,28700,18090,25862.0,26273.0,25205.0,18010.0,34900.0,59.4,17.8,87.0,True,True,True,True,False,True,True,True,True,7,False,False,1 형성중
20261002,125020,티씨머티리얼즈,KOSDAQ,6250,608889,5662.0,6000.0,5542.0,2990.0,10410.0,109.0,40.0,87.0,True,True,True,True,False,True,False,True,True,6,False,False,베이스 없음
20261002,125490,한라캐스트,KOSDAQ,13190,5780078,10241.0,12525.0,14168.0,6060.0,25350.0,117.7,48.0,87.0,True,False,False,False,False,True,False,True,True,3,False,False,Stage2 아님
20261002,141000,비아트론,KOSDAQ,11170,88166,8830.0,9493.0,9053.0,6500.0,12890.0,71.8,13.3,87.0,True,True,True,True,False,True,True,True,True,7,False,False,베이스 없음
20261002,160980,싸이맥스,KOSDAQ,28400,127998,27281.0,29965.0,26533.0,13610.0,47850.0,108.7,40.6,87.0,False,False,True,True,False,True,False,True,True,5,False,False,베이스 없음
20261002,185490,아이진,KOSDAQ,1917,104615,1841.0,1595.0,1601.0,1182.0,2805.0,62.2,31.7,87.0,True,True,False,True,True,True,False,True,True,6,False,False,Stage2 아님
20261002,228340,동양파일,KOSDAQ,3375,243837,3191.0,2617.0,2426.0,1550.0,7300.0,117.7,53.8,87.0,True,True,True,True,True,True,False,True,True,7,False,False,2 형성중
20261002,263600,덕우전자,KOSDAQ,5200,6628578,3565.0,4473.0,4567.0,2810.0,6880.0,85.1,24.4,87.0,True,True,False,False,False,True,True,True,True,5,False,False,베이스 없음
20261002,289080,SV인베스트먼트,KOSDAQ,2780,662910,2279.0,2871.0,2707.0,1439.0,5030.0,93.2,44.7,87.0,True,False,True,True,False,True,False,True,True,5,False,False,베이스 없음
20261002,293780,압타바이오,KOSDAQ,7900,103946,6024.0,6194.0,6828.0,3870.0,10890.0,104.1,27.5,87.0,True,True,False,False,False,True,False,True,True,4,False,False,베이스 없음
20261002,340810,시선AI,KOSDAQ,3450,160652,3588.0,3033.0,3052.0,2105.0,5100.0,63.9,32.4,87.0,False,True,False,True,True,True,False,True,False,5,False,False,1 형성중
20261002,37550L,DL이앤씨2우(전환),KOSPI,47500,1018,47577.0,46757.0,43265.0,28050.0,62900.0,69.3,24.5,87.0,False,True,True,True,True,True,True,True,False,7,False,False,3 형성중
20261002,468530,프로티나,KOSDAQ,50700,136801,32170.0,45243.0,55974.0,15500.0,120100.0,227.1,57.8,87.0,True,False,False,False,False,True,False,True,True,3,False,False,Stage2 아님
20261002,000810,삼성화재,KOSPI,629000,41591,645380.0,581190.0,562338.0,419000.0,757000.0,50.1,16.9,86.0,False,True,True,True,True,True,True,True,False,7,False,False,2 형성중
20261002,001430,세아베스틸지주,KOSPI,46900,65124,41122.0,52092.0,54623.0,23050.0,92500.0,103.5,49.3,86.0,True,False,False,True,False,True,False,True,True,4,False,False,베이스 없음
20261002,001440,대한전선,KOSPI,31500,3577789,28340.0,35225.0,33100.0,15000.0,75900.0,110.0,58.5,86.0,True,False,True,True,False,True,False,True,True,5,False,False,베이스 없음
20261002,005960,동부건설,KOSPI,8430,25992,7531.0,7752.0,7313.0,5230.0,10610.0,61.2,20.5,86.0,True,True,True,True,False,True,True,True,True,7,False,False,1b차
20261002,019010,베뉴지,KOSDAQ,4455,40486,4446.0,4903.0,4529.0,2310.0,7300.0,92.9,39.0,86.0,False,False,True,True,False,True,False,True,True,5,False,False,베이스 없음
20261002,028260,삼성물산,KOSPI,347000,223341,355780.0,361483.0,340998.0,183000.0,565000.0,89.6,38.6,86.0,False,False,True,True,False,True,False,True,False,4,False,False,2 형성중
20261002,035460,기산텔레콤,KOSDAQ,2645,273435,2315.0,2780.0,2574.0,1683.0,7230.0,57.2,63.4,86.0,True,False,True,True,False,True,False,True,True,5,False,False,1 형성중
20261002,044450,KSS해운,KOSPI,11950,97517,10307.0,10593.0,10300.0,8540.0,14400.0,39.9,17.0,86.0,True,True,True,True,False,True,True,True,True,7,False,False,베이스 없음
20261002,058470,리노공업,KOSDAQ,85100,2273353,68332.0,90345.0,86407.0,48600.0,129000.0,75.1,34.0,86.0,True,False,True,True,False,True,False,True,True,5,False,False,베이스 없음
20261002,078340,컴투스,KOSDAQ,37600,85288,32469.0,30703.0,31085.0,22450.0,42200.0,67.5,10.9,86.0,True,True,False,True,True,True,True,True,True,7,False,False,1 형성중
20261002,122350,삼기,KOSDAQ,1685,737833,1593.0,1492.0,1512.0,836.0,2345.0,101.6,28.1,86.0,True,True,False,True,True,True,False,True,True,6,False,False,1 형성중
20261002,128940,한미약품,KOSPI,504000,55128,445240.0,462273.0,467365.0,302000.0,647000.0,66.9,22.1,86.0,True,True,False,True,False,True,True,True,True,6,False,False,1 형성중
20261002,130580,나이스디앤비,KOSDAQ,6950,26453,5909.0,5686.0,5742.0,5200.0,6990.0,33.7,0.6,86.0,True,True,False,True,True,True,True,True,True,7,False,False,베이스 없음
20261002,193250,링크드,KOSDAQ,1918,35795,1993.0,1814.0,1889.0,1125.0,2935.0,70.5,34.7,86.0,False,True,False,False,True,True,False,True,False,4,False,False,2 형성중
20261002,278470,에이피알,KOSPI,367000,175776,378930.0,377160.0,346475.0,204000.0,475000.0,79.9,22.7,86.0,False,False,True,True,True,True,True,True,False,6,False,False,3 형성중
20261002,298040,효성중공업,KOSPI,2790000,24554,2783980.0,3068587.0,2838400.0,1315000.0,4742000.0,112.2,41.2,86.0,False,False,True,True,False,True,False,True,True,5,False,False,베이스 없음
20261002,306200,세아제강,KOSPI,153700,21079,139048.0,140451.0,135404.0,112000.0,189000.0,37.2,18.7,86.0,True,True,True,True,False,True,True,True,True,7,False,False,베이스 없음
20261002,314130,지놈앤컴퍼니,KOSDAQ,5550,566287,3900.0,5457.0,5905.0,2470.0,10180.0,124.7,45.5,86.0,True,False,False,True,False,True,False,True,True,4,False,False,베이스 없음
20261002,424980,마이크로투나노,KOSDAQ,10760,91060,7723.0,10111.0,10355.0,4840.0,16340.0,122.3,34.1,86.0,True,True,False,False,False,True,False,True,True,4,False,False,베이스 없음
20261002,445180,퓨릿,KOSDAQ,10130,117397,8085.0,9054.0,9074.0,5990.0,13400.0,69.1,24.4,86.0,True,True,False,True,False,True,True,True,True,6,False,False,베이스 없음
20261002,457370,한켐,KOSDAQ,10990,256110,8502.0,9120.0,9032.0,5460.0,17040.0,101.3,35.5,86.0,True,True,True,True,False,True,False,True,True,6,False,False,베이스 없음
20261002,001120,LX인터내셔널,KOSPI,43850,146065,39091.0,42221.0,40778.0,29000.0,57700.0,51.2,24.0,85.0,True,True,True,True,False,True,True,True,True,7,False,False,베이스 없음
20261002,010400,우진아이엔에스,KOSPI,4185,19190,4316.0,4001.0,4008.0,2700.0,5400.0,55.0,22.5,85.0,False,True,False,True,True,True,True,True,False,6,False,False,1 형성중
20261002,010820,퍼스텍,KOSPI,6540,556269,5989.0,7981.0,7076.0,3700.0,18730.0,76.8,65.1,85.0,True,False,True,True,False,True,False,True,True,5,False,False,베이스 없음
20261002,012030,DB,KOSPI,2020,900631,1561.0,1753.0,1714.0,1257.0,2545.0,60.7,20.6,85.0,True,True,True,True,False,True,True,True,True,7,False,False,베이스 없음
20261002,027040,서울전자통신,KOSDAQ,1740,144938,1854.0,2063.0,1801.0,895.0,6375.0,94.4,72.7,85.0,False,False,True,True,False,True,False,True,False,4,False,False,1 형성중
20261002,060370,LS마린솔루션,KOSDAQ,33900,192845,31290.0,31478.0,31130.0,21650.0,51600.0,56.6,34.3,85.0,True,True,True,True,False,True,False,True,True,6,False,False,1b차
20261002,066670,디티씨,KOSDAQ,3370,58679,3018.0,2806.0,2893.0,2265.0,3700.0,48.8,8.9,85.0,True,True,False,True,True,True,True,True,True,7,False,False,베이스 없음
20261002,073570,리튬포어스,KOSDAQ,3020,618437,1803.0,2406.0,2896.0,1420.0,7168.0,112.7,57.9,85.0,True,True,False,False,False,True,False,True,True,4,False,False,베이스 없음
20261002,091970,LSK아이로봇,KOSDAQ,3585,11520,3949.0,3543.0,3416.0,2335.0,5590.0,53.5,35.9,85.0,False,True,True,True,True,True,False,True,False,6,False,False,1 형성중
20261002,092790,넥스틸,KOSPI,14020,425338,12679.0,13791.0,12950.0,9030.0,23000.0,55.3,39.0,85.0,True,True,True,True,False,True,False,True,True,6,False,False,1a차
20261002,093320,케이아이엔엑스,KOSDAQ,126000,4451,139682.0,121505.0,121974.0,80000.0,163700.0,57.5,23.0,85.0,False,True,False,True,True,True,True,True,False,6,False,False,3 형성중
20261002,104040,디에스엠,KOSDAQ,2980,103458,2616.0,2747.0,2972.0,1410.0,5675.0,111.3,47.5,85.0,True,True,False,False,False,True,False,True,True,4,False,False,베이스 없음
20261002,105560,KB금융,KOSPI,168400,564592,171122.0,162191.0,155516.0,109200.0,194500.0,54.2,13.4,85.0,False,True,True,True,True,True,True,True,False,7,False,False,3 형성중
20261002,140070,서플러스글로벌,KOSDAQ,2375,37283,1899.0,1972.0,2005.0,1213.0,2730.0,95.8,13.0,85.0,True,True,False,False,False,True,True,True,True,5,False,False,베이스 없음
20261002,140860,파크시스템스,KOSDAQ,299000,27844,261540.0,265383.0,259195.0,205000.0,350500.0,45.9,14.7,85.0,True,True,True,True,False,True,True,True,True,7,False,False,베이스 없음
20261002,149950,아바텍,KOSDAQ,12620,104231,9559.0,11131.0,10795.0,6750.0,19490.0,87.0,35.2,85.0,True,True,True,True,False,True,False,True,True,6,False,False,베이스 없음
20261002,166090,하나머티리얼즈,KOSDAQ,63300,120487,54592.0,61472.0,59171.0,36200.0,87900.0,74.9,28.0,85.0,True,True,True,True,False,True,False,True,True,6,False,False,베이스 없음
20261002,201490,미투온,KOSDAQ,3415,738499,2698.0,2740.0,3008.0,1738.0,6900.0,96.5,50.5,85.0,True,True,False,False,False,True,False,True,True,4,False,False,1 형성중
20261002,204610,티쓰리,KOSDAQ,2895,38854,3149.0,2897.0,2640.0,1660.0,3795.0,74.4,23.7,85.0,False,False,True,True,True,True,True,True,False,6,False,False,2 형성중
20261002,232140,와이씨,KOSDAQ,16930,4042536,11231.0,15412.0,15696.0,6820.0,24150.0,148.2,29.9,85.0,True,True,False,False,False,True,False,True,True,4,False,False,베이스 없음
20261002,307950,현대오토에버,KOSPI,383500,35419,399570.0,476330.0,455238.0,147600.0,1066000.0,159.8,64.0,85.0,False,False,True,True,False,True,False,True,False,4,False,False,베이스 없음
20261002,389500,에스비비테크,KOSDAQ,44650,109010,37445.0,50564.0,51349.0,22800.0,115000.0,95.8,61.2,85.0,True,False,False,True,False,True,False,True,True,4,False,False,베이스 없음
20261002,411080,샌즈랩,KOSDAQ,6900,454648,4716.0,5594.0,5966.0,2965.0,10360.0,132.7,33.4,85.0,True,True,False,False,False,True,False,True,True,4,False,False,베이스 없음
20261002,45226K,한화갤러리아우,KOSPI,4425,2227,4190.0,5567.0,5985.0,2000.0,15930.0,121.2,72.2,85.0,False,False,False,True,False,True,False,True,True,4,False,False,베이스 없음
20261002,452430,사피엔반도체,KOSDAQ,37850,100348,31043.0,34272.0,34521.0,19000.0,56000.0,99.2,32.4,85.0,True,True,False,True,False,True,False,True,True,5,False,False,베이스 없음
20261002,001510,SK증권,KOSPI,2360,1569341,2343.0,3173.0,2776.0,1273.0,6190.0,85.4,61.9,84.0,True,False,True,True,False,True,False,True,True,5,False,False,베이스 없음
20261002,002870,신풍,KOSPI,1235,248722,1045.0,1070.0,1083.0,664.0,1471.0,86.0,16.0,84.0,True,True,False,False,False,True,True,True,True,5,False,False,1 형성중
20261002,003690,코리안리,KOSPI,14400,130073,14497.0,13511.0,13077.0,10010.0,15660.0,43.9,8.0,84.0,False,True,True,True,True,True,True,True,False,7,False,False,2b차
20261002,004800,효성,KOSPI,158000,9396,158166.0,168583.0,161022.0,83800.0,318000.0,88.5,50.3,84.0,False,False,True,True,False,True,False,True,False,4,False,False,베이스 없음
20261002,005180,빙그레,KOSPI,83700,43932,80514.0,74727.0,75278.0,61500.0,96000.0,36.1,12.8,84.0,True,True,False,True,True,True,True,True,True,7,False,False,1 형성중
20261002,014915,성문전자우,KOSPI,5170,595,4658.0,4631.0,4703.0,3950.0,7830.0,30.9,34.0,84.0,True,True,False,True,False,True,False,True,True,5,False,False,Stage2 아님
20261002,036830,솔브레인홀딩스,KOSDAQ,48950,245672,39121.0,46552.0,45835.0,25750.0,80800.0,90.1,39.4,84.0,True,True,True,True,False,True,False,True,True,6,False,False,베이스 없음
20261002,042370,비츠로테크,KOSDAQ,11360,1205869,8881.0,11097.0,10818.0,6520.0,23800.0,74.2,52.3,84.0,True,True,True,True,False,True,False,True,True,6,False,False,1 형성중
20261001,050090,비케이홀딩스,KOSDAQ,696,503565,654.0,644.0,695.0,283.0,1196.0,145.9,41.8,84.0,True,True,False,False,False,True,False,True,True,4,False,False,Stage2 아님
20261002,068790,DMS,KOSDAQ,8070,34717,7518.0,7256.0,7727.0,4230.0,9190.0,90.8,12.2,84.0,True,True,False,False,False,True,True,True,True,5,False,False,베이스 없음
20261002,069730,DSR제강,KOSPI,5500,17417,5544.0,5293.0,4944.0,3325.0,6150.0,65.4,10.6,84.0,False,True,True,True,True,True,True,True,False,7,False,False,2 형성중
20261002,070590,인티큐브,KOSDAQ,2190,12467,1909.0,1844.0,1881.0,1457.0,2510.0,50.3,12.7,84.0,True,True,False,False,True,True,True,True,True,6,False,False,베이스 없음
20260819,073190,듀오백,KOSDAQ,1622,56913,993.0,1176.0,1289.0,612.0,2370.0,165.0,31.6,84.0,True,True,False,False,False,True,False,True,True,4,False,False,베이스 없음
20261002,074600,원익QnC,KOSDAQ,32650,220936,27263.0,31818.0,29956.0,18550.0,45400.0,76.0,28.1,84.0,True,True,True,True,False,True,False,True,True,6,False,False,베이스 없음
20261002,078935,GS우,KOSPI,59600,2955,60622.0,56660.0,55289.0,42150.0,66800.0,41.4,10.8,84.0,False,True,True,True,True,True,True,True,False,7,False,False,1 형성중
20261002,093640,케이알엠,KOSDAQ,4665,17187,4246.0,4231.0,4110.0,2960.0,6230.0,57.6,25.1,84.0,True,True,True,True,True,True,False,True,True,7,False,False,베이스 없음
20261002,104830,원익머트리얼즈,KOSDAQ,41650,93952,33513.0,40631.0,39383.0,25500.0,56100.0,63.3,25.8,84.0,True,True,True,True,False,True,False,True,True,6,False,False,베이스 없음
20261002,124500,아이티센글로벌,KOSDAQ,29550,158865,28953.0,39829.0,39090.0,16000.0,75500.0,84.7,60.9,84.0,True,False,True,True,False,True,False,True,True,5,False,False,베이스 없음
20261002,126340,비나텍,KOSDAQ,94900,98902,68537.0,104766.0,100837.0,43142.0,204500.0,120.0,53.6,84.0,True,False,True,True,False,True,False,True,True,5,False,False,베이스 없음
20261002,178320,서진시스템,KOSDAQ,41850,2017407,36254.0,48539.0,43959.0,20850.0,83300.0,100.7,49.8,84.0,False,False,True,True,False,True,False,True,True,5,False,False,베이스 없음
20261002,321370,센서뷰,KOSDAQ,1856,8757871,1355.0,2183.0,2183.0,812.0,4806.0,128.6,61.4,84.0,True,False,False,True,False,True,False,True,True,4,False,False,베이스 없음
20261002,352910,오비고,KOSDAQ,4790,9159,4170.0,4492.0,4714.0,3115.0,7300.0,53.8,34.4,84.0,True,True,False,True,False,True,False,True,True,5,False,False,베이스 없음
20261002,393890,더블유씨피,KOSDAQ,10840,276473,8986.0,11907.0,10858.0,5520.0,21350.0,96.4,49.2,84.0,True,False,True,True,False,True,False,True,True,5,False,False,베이스 없음
20261002,417500,제이아이테크,KOSDAQ,4325,340706,3667.0,4032.0,3848.0,2480.0,6160.0,74.4,29.8,84.0,True,True,True,True,False,True,False,True,True,6,False,False,1a차
20261002,443670,에스피소프트,KOSDAQ,4770,372409,3761.0,4157.0,4506.0,2520.0,7290.0,89.3,34.6,84.0,True,True,False,False,False,True,False,True,True,4,False,False,Stage2 아님
20261002,446070,유니드비티플러스,KOSPI,4045,36254,3677.0,3186.0,3207.0,2070.0,4145.0,95.4,2.4,84.0,True,True,False,True,True,True,True,True,True,7,False,False,Stage2 아님
20261002,000400,롯데손해보험,KOSPI,2230,1055714,2060.0,2080.0,2002.0,1576.0,3280.0,41.5,32.0,83.0,True,True,True,True,False,True,False,True,True,6,False,False,베이스 없음
20261002,002810,삼영무역,KOSPI,21100,12894,22328.0,20870.0,19889.0,14510.0,24550.0,45.4,14.1,83.0,False,True,True,True,True,True,True,True,False,7,False,False,2 형성중
20261002,005290,동진쎄미켐,KOSDAQ,52500,611102,42101.0,49551.0,48016.0,31500.0,72200.0,66.7,27.3,83.0,True,True,True,True,False,True,False,True,True,6,False,False,베이스 없음
20261002,006260,LS,KOSPI,299000,107849,307080.0,342573.0,310210.0,161200.0,604000.0,85.5,50.5,83.0,False,False,True,True,False,True,False,True,False,4,False,False,베이스 없음
20261002,007390,네이처셀,KOSDAQ,24950,191512,23979.0,22911.0,22741.0,16550.0,36950.0,50.8,32.5,83.0,True,True,True,True,True,True,False,True,True,7,False,False,베이스 없음
20261002,028100,동아지질,KOSPI,19860,16901,17911.0,17101.0,17198.0,13200.0,22500.0,50.5,11.7,83.0,True,True,False,True,True,True,True,True,True,7,False,False,베이스 없음
20261002,032500,케이엠더블유,KOSDAQ,21000,553575,16276.0,22800.0,21228.0,11500.0,40000.0,82.6,47.5,83.0,True,False,True,True,False,True,False,True,True,5,False,False,베이스 없음
20260316,049180,셀루메드,KOSDAQ,1009,3744448,1533.0,1005.0,992.0,542.0,2975.0,86.2,66.1,83.0,False,True,True,True,True,True,False,True,False,6,False,False,Stage2 아님
20261002,052690,한전기술,KOSPI,126700,245905,112640.0,135393.0,131122.0,77100.0,198000.0,64.3,36.0,83.0,True,False,True,True,False,True,False,True,True,5,False,False,베이스 없음
20261002,056360,코위버,KOSDAQ,6630,257750,5551.0,6849.0,6439.0,4075.0,14550.0,62.7,54.4,83.0,True,False,True,True,False,True,False,True,True,5,False,False,베이스 없음
20261002,082920,비츠로셀,KOSDAQ,29700,195032,29673.0,37539.0,33114.0,12591.0,67800.0,135.9,56.2,83.0,False,False,True,True,False,True,False,True,True,5,False,False,베이스 없음
20261002,088130,동아엘텍,KOSDAQ,5830,123949,5411.0,7067.0,6589.0,3545.0,14620.0,64.5,60.1,83.0,True,False,True,True,False,True,False,True,True,5,False,False,베이스 없음
20261002,091590,남화토건,KOSDAQ,6030,105733,6006.0,5101.0,4776.0,3200.0,12190.0,88.4,50.5,83.0,False,True,True,True,True,True,False,True,True,7,False,False,2 형성중
20261002,093190,빅솔론,KOSDAQ,8200,5679,8439.0,8051.0,7649.0,5290.0,9870.0,55.0,16.9,83.0,False,True,True,True,True,True,True,True,False,7,False,False,3 형성중
20261002,114810,한솔아이원스,KOSDAQ,15480,226351,12159.0,13986.0,13752.0,7050.0,19900.0,119.6,22.2,83.0,True,True,True,False,False,True,True,True,True,6,False,False,베이스 없음
20261002,204270,제이앤티씨,KOSDAQ,21800,858865,18910.0,18592.0,19156.0,11140.0,30100.0,95.7,27.6,83.0,True,True,False,True,False,True,False,True,True,5,False,False,1 형성중
20261002,272110,케이엔제이,KOSDAQ,32350,95031,26495.0,31591.0,30037.0,19320.0,44600.0,67.4,27.5,83.0,True,True,True,True,False,True,False,True,True,6,False,False,베이스 없음
20261002,275630,에스에스알,KOSDAQ,3715,15677,3930.0,3675.0,3463.0,2115.0,4760.0,75.7,22.0,83.0,False,True,True,True,True,True,True,True,False,7,False,False,2 형성중
20261002,290740,액트로,KOSDAQ,11290,33678,9888.0,14098.0,15382.0,4550.0,32700.0,148.1,65.5,83.0,True,False,False,True,False,True,False,True,True,4,False,False,1 형성중
20261002,316140,우리금융지주,KOSPI,33750,2930108,33837.0,32746.0,32114.0,24650.0,41500.0,36.9,18.7,83.0,False,True,True,True,True,True,True,True,False,7,False,False,1a차
20261002,388050,지투파워,KOSDAQ,10220,317844,9132.0,10350.0,9920.0,5350.0,18460.0,91.0,44.6,83.0,True,False,True,True,False,True,False,True,True,5,False,False,2 형성중
20261002,405100,큐알티,KOSDAQ,16540,82492,12261.0,15245.0,15528.0,8060.0,24200.0,105.2,31.7,83.0,True,True,False,False,False,True,False,True,True,4,False,False,베이스 없음
20261002,482630,삼양엔씨켐,KOSDAQ,15680,489034,13104.0,16086.0,15572.0,8230.0,25000.0,90.5,37.3,83.0,True,False,True,True,False,True,False,True,True,5,False,False,베이스 없음
20261002,484120,도우인시스,KOSDAQ,23150,50479,19263.0,19290.0,20576.0,11670.0,32600.0,98.4,29.0,83.0,True,True,False,False,False,True,False,True,True,4,False,False,Stage2 아님
20261002,000430,대원강업,KOSPI,4535,109172,4207.0,4229.0,4201.0,3140.0,6200.0,44.4,26.9,82.0,True,True,True,True,False,True,False,True,True,6,False,False,베이스 없음
20261002,006405,삼성SDI우,KOSPI,211500,1586,205464.0,234358.0,222105.0,125100.0,373000.0,69.1,43.3,82.0,True,False,True,True,False,True,False,True,True,5,False,False,베이스 없음
20261002,006660,삼성공조,KOSPI,13180,142554,12400.0,12156.0,12613.0,8790.0,20000.0,49.9,34.1,82.0,False,True,False,False,False,True,False,True,True,4,False,False,베이스 없음
20261002,009830,한화솔루션,KOSPI,36100,5534468,30801.0,36549.0,34917.0,22000.0,55934.0,64.1,35.5,82.0,True,False,True,True,False,True,False,True,True,5,False,False,베이스 없음
20261002,014710,사조씨푸드,KOSPI,9610,4400,10126.0,8562.0,8689.0,6480.0,11240.0,48.3,14.5,82.0,False,True,False,True,True,True,True,True,False,6,False,False,1 형성중
20261002,015860,일진홀딩스,KOSPI,7400,112622,6524.0,7631.0,7561.0,4750.0,15430.0,55.8,52.0,82.0,True,False,True,False,False,True,False,True,True,4,False,False,베이스 없음
20261002,036810,에프에스티,KOSDAQ,35700,310552,24916.0,31782.0,32668.0,15000.0,51000.0,138.0,30.0,82.0,True,True,False,False,False,True,False,True,True,4,False,False,베이스 없음
20261002,048910,대원미디어,KOSDAQ,7230,42918,5747.0,6256.0,6642.0,3800.0,9640.0,90.3,25.0,82.0,True,True,False,False,False,True,True,True,True,5,False,False,베이스 없음
20261002,055490,테이팩스,KOSPI,16850,21839,14505.0,15848.0,15594.0,10150.0,23300.0,66.0,27.7,82.0,True,True,True,False,False,True,False,True,True,5,False,False,베이스 없음
20261002,079370,제우스,KOSDAQ,14360,677337,10103.0,12689.0,13499.0,6580.0,20950.0,118.2,31.5,82.0,True,True,False,False,False,True,False,True,True,4,False,False,베이스 없음
20261002,086450,동국제약,KOSDAQ,22900,762868,19876.0,20767.0,20045.0,16260.0,31250.0,40.8,26.7,82.0,True,True,True,True,False,True,False,True,True,6,False,False,1b차
20261002,091340,S&K폴리텍,KOSDAQ,2690,21645,2278.0,2339.0,2332.0,1851.0,2745.0,45.3,2.0,82.0,True,True,True,True,False,True,True,True,True,7,False,False,베이스 없음
20261002,093050,LF,KOSPI,24200,45964,22463.0,22947.0,21955.0,17010.0,26450.0,42.3,8.5,82.0,True,True,True,True,False,True,True,True,True,7,False,False,베이스 없음
20261002,112610,씨에스윈드,KOSPI,55300,417600,46758.0,51448.0,49228.0,34500.0,79400.0,60.3,30.4,82.0,True,True,True,True,False,True,False,True,True,6,False,False,베이스 없음
20261002,115500,케이씨에스,KOSDAQ,10890,232196,9059.0,10920.0,10613.0,6120.0,27500.0,77.9,60.4,82.0,True,False,True,False,False,True,False,True,True,4,False,False,베이스 없음
20261002,192440,슈피겐코리아,KOSDAQ,29500,1143,29527.0,28248.0,26884.0,21000.0,34950.0,40.5,15.6,82.0,False,True,True,True,True,True,True,True,False,7,False,False,1 형성중
20261002,199430,케이엔알시스템,KOSDAQ,17950,75015,16112.0,18799.0,21614.0,8510.0,45300.0,110.9,60.4,82.0,True,False,False,False,False,True,False,True,True,3,False,False,베이스 없음
20261002,328380,솔트웨어,KOSDAQ,3895,7453,3637.0,3557.0,3710.0,2285.0,5570.0,70.5,30.1,82.0,True,True,False,False,False,True,False,True,True,4,False,False,베이스 없음
20261002,336260,두산퓨얼셀,KOSPI,45950,408327,40715.0,51290.0,46798.0,18230.0,108900.0,152.1,57.8,82.0,True,False,True,True,False,True,False,True,True,5,False,False,1 형성중
20261002,348350,위드텍,KOSDAQ,9860,17848,9393.0,9553.0,9374.0,6700.0,12670.0,47.2,22.2,82.0,False,True,True,True,False,True,True,True,True,7,False,False,1 형성중
20261002,37550K,DL이앤씨우,KOSPI,26800,1939,24930.0,25924.0,25140.0,18500.0,34600.0,44.9,22.5,82.0,True,True,True,True,False,True,True,True,True,7,False,False,베이스 없음
20261002,452280,한선엔지니어링,KOSDAQ,14360,1108109,11571.0,15164.0,13823.0,7840.0,37300.0,83.2,61.5,82.0,True,False,True,True,False,True,False,True,True,5,False,False,베이스 없음
20261002,475460,미트박스,KOSDAQ,2850,34931,2290.0,2362.0,2472.0,1697.0,3735.0,67.9,23.7,82.0,True,True,False,False,False,True,True,True,True,5,False,False,Stage2 아님
20261002,001250,GS글로벌,KOSPI,2975,1311292,2678.0,2993.0,2835.0,2200.0,5690.0,35.2,47.7,81.0,True,False,True,True,False,True,False,True,True,5,False,False,1a차
20261002,004150,한솔홀딩스,KOSPI,3635,96754,3356.0,3387.0,3327.0,2645.0,4695.0,37.4,22.6,81.0,True,True,True,True,False,True,True,True,True,7,False,False,베이스 없음
20261002,004430,송원산업,KOSPI,11550,92654,11703.0,10960.0,10490.0,8470.0,16730.0,36.4,31.0,81.0,False,True,True,True,True,True,False,True,False,6,False,False,1 형성중
20261002,006910,보성파워텍,KOSDAQ,7450,691215,6985.0,8909.0,8377.0,4450.0,18200.0,67.4,59.1,81.0,True,False,True,True,False,True,False,True,True,5,False,False,베이스 없음
20261002,012160,영흥,KOSPI,2235,11634,2364.0,2366.0,2405.0,1281.0,4040.0,74.5,44.7,81.0,False,False,False,False,False,True,False,True,False,2,False,False,베이스 없음
20261002,020000,한섬,KOSPI,22050,214039,17331.0,21511.0,20349.0,14180.0,28750.0,55.5,23.3,81.0,True,True,True,True,False,True,True,True,True,7,False,False,베이스 없음
20261002,024900,디와이덕양,KOSPI,2260,83209,1814.0,1940.0,2001.0,1643.0,2600.0,37.6,13.1,81.0,True,True,False,False,False,True,True,True,True,5,False,False,베이스 없음
20261002,033100,제룡전기,KOSDAQ,49700,109401,46205.0,51502.0,49247.0,31850.0,93800.0,56.0,47.0,81.0,True,False,True,True,False,True,False,True,True,5,False,False,베이스 없음
20261002,044490,태웅,KOSDAQ,38050,97896,32679.0,37833.0,35683.0,19980.0,61300.0,90.4,37.9,81.0,True,True,True,True,False,True,False,True,True,6,False,False,베이스 없음
20261002,052900,KX하이텍,KOSDAQ,1230,1115495,1059.0,1240.0,1187.0,795.0,2430.0,54.7,49.4,81.0,False,False,True,True,False,True,False,True,True,5,False,False,베이스 없음
20261002,061970,LB세미콘,KOSDAQ,4845,379656,4208.0,4511.0,4403.0,2885.0,6812.0,67.9,28.9,81.0,False,True,True,False,False,True,False,True,True,5,False,False,베이스 없음
20261002,083550,케이엠,KOSDAQ,3395,7286,3064.0,3164.0,3244.0,2240.0,3950.0,51.6,14.1,81.0,True,True,False,True,False,True,True,True,True,6,False,False,베이스 없음
20261002,088790,진도,KOSPI,2540,18904,2312.0,2456.0,2347.0,1806.0,3050.0,40.6,16.7,81.0,True,True,True,True,False,True,True,True,True,7,False,False,베이스 없음
20261002,105760,포스뱅크,KOSDAQ,5240,37402,4663.0,4805.0,4931.0,3230.0,6900.0,62.2,24.1,81.0,True,True,False,False,False,True,True,True,True,5,False,False,Stage2 아님
20261002,127120,제이에스링크,KOSDAQ,29700,166864,33570.0,36851.0,33130.0,13860.0,49900.0,114.3,40.5,81.0,False,False,True,True,False,True,False,True,False,4,False,False,1 형성중
20261002,162300,신스틸,KOSDAQ,2075,495055,1923.0,1774.0,1767.0,1335.0,3155.0,55.4,34.2,81.0,True,True,True,True,True,True,False,True,True,7,False,False,Stage2 아님
20261002,173130,오파스넷,KOSDAQ,7720,73306,6246.0,6937.0,6877.0,5300.0,8570.0,45.7,9.9,81.0,True,True,True,True,False,True,True,True,True,7,False,False,베이스 없음
20261002,261780,아리바이오랩,KOSDAQ,3415,337851,2770.0,3038.0,2977.0,1824.0,6720.0,87.2,49.2,81.0,True,True,True,True,False,True,False,True,True,6,False,False,1 형성중
20261002,264850,이랜시스,KOSDAQ,5940,394479,5721.0,5883.0,6225.0,3525.0,9530.0,68.5,37.7,81.0,False,False,False,True,False,True,False,True,True,4,False,False,베이스 없음
20261002,272210,한화시스템,KOSPI,82000,942564,71642.0,97565.0,92926.0,44750.0,184000.0,83.2,55.4,81.0,True,False,True,True,False,True,False,True,True,5,False,False,베이스 없음
20261002,310870,디와이씨,KOSDAQ,1496,73710,1417.0,1462.0,1416.0,1123.0,2490.0,33.2,39.9,81.0,True,True,True,True,False,True,False,True,True,6,False,False,베이스 없음
20261002,355690,에이텀,KOSDAQ,5400,84941,4707.0,4714.0,4462.0,2940.0,7991.0,83.7,32.4,81.0,True,True,True,False,False,True,False,True,True,5,False,False,1a차
20261002,498390,한화플러스제5호스팩,KOSDAQ,2805,268691,2498.0,2487.0,2477.0,2320.0,2890.0,20.9,2.9,81.0,True,True,True,True,True,False,True,True,True,7,False,False,Stage2 아님
20261002,001230,동국홀딩스,KOSPI,2030,394279,1949.0,2090.0,1987.0,1510.0,2667.0,34.4,23.9,80.0,False,False,True,True,False,True,True,True,True,6,False,False,베이스 없음
20261002,003380,하림지주,KOSDAQ,11310,382058,10751.0,11983.0,12075.0,7060.0,19610.0,60.2,42.3,80.0,True,False,False,True,False,True,False,True,True,4,False,False,베이스 없음
20261002,004770,써니전자,KOSPI,1854,1408596,1871.0,1732.0,1696.0,1418.0,2705.0,30.7,31.5,80.0,True,True,True,True,True,True,False,True,False,6,False,False,1 형성중
20261002,005880,대한해운,KOSPI,2155,1740471,2011.0,2188.0,2121.0,1639.0,3385.0,31.5,36.3,80.0,True,False,True,True,False,True,False,True,True,5,False,False,1 형성중
20261002,010280,아이티센엔텍,KOSDAQ,5720,45825,5220.0,5495.0,5429.0,4050.0,7950.0,41.2,28.1,80.0,True,True,True,True,False,True,False,True,True,6,False,False,베이스 없음
20261002,012790,신일제약,KOSDAQ,6480,36933,5810.0,5766.0,5831.0,4820.0,6820.0,34.4,5.0,80.0,True,True,False,True,False,True,True,True,True,6,False,False,베이스 없음
20261002,065530,와이어블,KOSDAQ,1518,8449322,1237.0,1523.0,1476.0,1003.0,3300.0,51.3,54.0,80.0,True,False,True,False,False,True,False,True,True,4,False,False,베이스 없음
20261002,073540,에프알텍,KOSDAQ,2725,69877,2344.0,2776.0,2588.0,1819.0,7220.0,49.8,62.3,80.0,True,False,True,True,False,True,False,True,True,5,False,False,베이스 없음
20261002,090080,평화산업,KOSPI,1022,65160,1006.0,950.0,952.0,787.0,1134.0,29.9,9.9,80.0,False,True,False,True,True,True,True,True,True,7,False,False,1 형성중
20261002,100790,미래에셋벤처투자,KOSDAQ,18050,452647,15494.0,27799.0,24859.0,7290.0,70700.0,147.6,74.5,80.0,True,False,True,True,False,True,False,True,True,5,False,False,베이스 없음
20261002,108675,LX하우시스우,KOSPI,18500,77,18127.0,16942.0,16932.0,15180.0,20600.0,21.9,10.2,80.0,False,True,True,True,True,False,True,True,True,7,False,False,베이스 없음
20261002,112290,와이씨켐,KOSDAQ,12480,355410,10088.0,11744.0,11543.0,7400.0,17700.0,68.6,29.5,80.0,True,True,True,False,False,True,False,True,True,5,False,False,베이스 없음
20261002,115180,큐리언트,KOSDAQ,24700,59268,22027.0,28373.0,29000.0,12500.0,62900.0,97.6,60.7,80.0,False,False,False,False,False,True,False,True,True,3,False,False,베이스 없음
20261002,117670,알파칩스,KOSDAQ,10420,50311,9311.0,12937.0,12914.0,6180.0,21300.0,68.6,51.1,80.0,True,False,True,True,False,True,False,True,True,5,False,False,베이스 없음
20261002,119830,아이텍,KOSDAQ,6670,207326,6109.0,6600.0,6642.0,4300.0,9730.0,55.1,31.4,80.0,False,True,False,True,False,True,False,True,True,5,False,False,베이스 없음
20261002,121600,나노신소재,KOSDAQ,59400,96171,48133.0,58649.0,58773.0,33200.0,95300.0,78.9,37.7,80.0,True,True,False,False,False,True,False,True,True,4,False,False,베이스 없음
20261002,142210,유니트론텍,KOSDAQ,6680,194502,5896.0,6002.0,6122.0,4470.0,9060.0,49.4,26.3,80.0,True,True,False,True,False,True,False,True,True,5,False,False,베이스 없음
20261002,175330,JB금융지주,KOSPI,29000,269416,29065.0,28194.0,27762.0,21700.0,38500.0,33.6,24.7,80.0,True,True,True,True,True,True,True,True,False,7,False,False,1 형성중
20261002,234690,녹십자웰빙,KOSDAQ,10940,422541,9056.0,10018.0,9864.0,6680.0,15890.0,63.8,31.2,80.0,True,True,True,True,False,True,False,True,True,6,False,False,베이스 없음
20261002,280360,롯데웰푸드,KOSPI,120100,13597,125186.0,116137.0,116448.0,90000.0,155000.0,33.4,22.5,80.0,False,True,False,True,True,True,True,True,False,6,False,False,1 형성중
20261002,331380,포커스에이아이,KOSDAQ,2130,105884,2068.0,2172.0,2339.0,1317.0,3695.0,61.7,42.4,80.0,True,False,False,False,False,True,False,True,True,3,False,False,베이스 없음
20261002,365270,큐라클,KOSDAQ,10260,42377,9902.0,12862.0,11968.0,4400.0,20750.0,133.2,50.6,80.0,False,False,True,True,False,True,False,True,True,5,False,False,베이스 없음
20261002,406820,뷰티스킨,KOSDAQ,2420,356786,2015.0,2193.0,2602.0,1525.0,8900.0,58.7,72.8,80.0,True,False,False,False,False,True,False,True,True,3,False,False,Stage2 아님
20261002,900070,글로벌에스엠,KOSDAQ,1095,278034,1007.0,1091.0,1039.0,782.0,1488.0,40.0,26.4,80.0,True,True,True,True,False,True,False,True,True,6,False,False,2 형성중
20261002,000880,한화,KOSPI,127600,72270,118897.0,136408.0,133087.0,93277.0,199759.0,36.8,36.1,79.0,True,False,True,True,False,True,False,True,True,5,False,False,1a차
20261002,001540,안국약품,KOSDAQ,9910,37540,10829.0,9770.0,9463.0,7280.0,13650.0,36.1,27.4,79.0,False,True,True,True,True,True,False,True,False,6,False,False,2 형성중
20261002,002420,우양피앤엘,KOSPI,6090,3749,5755.0,5580.0,5520.0,4375.0,8460.0,39.2,28.0,79.0,True,True,True,True,True,True,False,True,True,7,False,False,베이스 없음
20261002,007660,이수페타시스,KOSPI,122000,472175,100478.0,113322.0,114688.0,57900.0,164400.0,110.7,25.8,79.0,True,True,False,False,False,True,False,True,True,4,False,False,1a차
20261002,014680,한솔케미칼,KOSPI,277500,68632,216004.0,259091.0,258118.0,175000.0,346500.0,58.6,19.9,79.0,True,True,True,False,False,True,True,True,True,6,False,False,베이스 없음
20261002,036200,유니셈,KOSDAQ,10900,386623,8732.0,9798.0,9846.0,6000.0,14390.0,81.7,24.3,79.0,True,True,False,False,False,True,True,True,True,5,False,False,베이스 없음
20261002,038500,삼표시멘트,KOSDAQ,6850,266464,7304.0,11352.0,10368.0,2890.0,23500.0,137.0,70.9,79.0,False,False,True,True,False,True,False,True,False,4,False,False,베이스 없음
20261002,038680,에스넷,KOSDAQ,3820,57450,3794.0,3747.0,3666.0,2835.0,6280.0,34.7,39.2,79.0,False,True,True,True,True,True,False,True,True,7,False,False,베이스 없음
20261002,049070,인탑스,KOSDAQ,18800,69192,18194.0,18238.0,18501.0,13000.0,24950.0,44.6,24.6,79.0,True,True,False,True,False,True,True,True,True,6,False,False,베이스 없음
20261002,049550,잉크테크,KOSDAQ,3420,4447,3421.0,3305.0,3302.0,2735.0,4450.0,25.0,23.1,79.0,False,True,True,True,True,True,True,True,False,7,False,False,베이스 없음
20261002,050890,쏠리드,KOSDAQ,10690,4234676,9228.0,12021.0,11032.0,6220.0,20900.0,71.9,48.9,79.0,True,False,True,True,False,True,False,True,True,5,False,False,베이스 없음
20261002,096775,SK이노베이션우,KOSPI,72100,5400,66352.0,67631.0,68792.0,54100.0,86600.0,33.3,16.7,79.0,True,True,False,False,False,True,True,True,True,5,False,False,베이스 없음
20261002,110990,디아이티,KOSDAQ,19210,146595,16247.0,19913.0,19363.0,11950.0,29000.0,60.8,33.8,79.0,True,False,True,True,False,True,False,True,True,5,False,False,베이스 없음
20261002,115530,씨엔플러스,KOSDAQ,2860,21236,2675.0,2699.0,2844.0,1430.0,4330.0,100.0,33.9,79.0,False,True,False,False,False,True,False,True,True,4,False,False,베이스 없음
20261002,155650,와이엠씨,KOSDAQ,3730,72181,3098.0,3426.0,3513.0,2480.0,5130.0,50.4,27.3,79.0,True,True,False,False,False,True,False,True,True,4,False,False,베이스 없음
20261002,161390,한국타이어앤테크놀로지,KOSPI,60000,127236,65366.0,64011.0,63813.0,37650.0,78400.0,59.4,23.5,79.0,False,False,True,True,True,True,True,True,False,6,False,False,베이스 없음
20261002,198440,강동씨앤엘,KOSDAQ,1545,375754,1498.0,1329.0,1267.0,910.0,2930.0,69.8,47.3,79.0,True,True,True,True,True,True,False,True,True,7,False,False,1 형성중
20261002,215480,토박스코리아,KOSDAQ,2150,17230,2031.0,2100.0,2082.0,1500.0,2455.0,43.3,12.4,79.0,False,True,True,False,False,True,True,True,True,6,False,False,Stage2 아님
20261002,264450,유비쿼스,KOSDAQ,11750,157708,10406.0,12268.0,11892.0,8600.0,19000.0,36.6,38.2,79.0,True,False,True,True,False,True,False,True,True,5,False,False,베이스 없음
20261002,294870,IPARK현대산업개발,KOSPI,22350,63883,22394.0,21526.0,21443.0,16900.0,25350.0,32.2,11.8,79.0,False,True,True,True,True,True,True,True,False,7,False,False,1 형성중
20261002,299660,셀리드,KOSDAQ,2425,207775,2076.0,2409.0,2557.0,973.0,4760.0,149.2,49.1,79.0,True,False,False,False,False,True,False,True,True,3,False,False,Stage2 아님
20261002,302430,이노메트리,KOSDAQ,7880,78218,6533.0,7087.0,7186.0,4030.0,11540.0,95.5,31.7,79.0,True,True,False,True,False,True,False,True,True,5,False,False,베이스 없음
20261002,376980,원티드랩,KOSDAQ,3350,10011,3115.0,3093.0,3206.0,1998.0,4950.0,67.7,32.3,79.0,False,True,False,False,False,True,False,True,True,4,False,False,베이스 없음
20261002,480370,씨케이솔루션,KOSPI,2250,1034587,1516.0,1905.0,2173.0,1039.0,4171.0,116.6,46.1,79.0,True,True,False,False,False,True,False,True,True,4,False,False,Stage2 아님
20261002,000210,DL,KOSPI,48700,29732,50428.0,53272.0,49996.0,33900.0,77700.0,43.7,37.3,78.0,False,False,True,True,False,True,False,True,False,4,False,False,2 형성중
20261002,006140,피제이전자,KOSDAQ,5690,1687871,4701.0,5636.0,6079.0,3980.0,12250.0,43.0,53.6,78.0,True,False,False,False,False,True,False,True,True,3,False,False,베이스 없음
20261002,00806K,대덕1우,KOSPI,10920,2750,10717.0,11137.0,10655.0,8220.0,14950.0,32.8,27.0,78.0,False,False,True,True,False,True,False,True,True,5,False,False,베이스 없음
20261002,012630,HDC,KOSPI,23500,122383,23234.0,23748.0,22447.0,15850.0,30650.0,48.3,23.3,78.0,True,False,True,True,False,True,True,True,True,6,False,False,1 형성중
20261002,018880,한온시스템,KOSPI,3840,18945142,3502.0,4014.0,3876.0,2755.0,5940.0,39.4,35.4,78.0,True,False,True,False,False,True,False,True,True,4,False,False,베이스 없음
20261002,049520,유아이엘,KOSDAQ,3755,57231,3767.0,3816.0,3736.0,2905.0,4345.0,29.3,13.6,78.0,False,False,True,True,False,True,True,True,False,5,False,False,베이스 없음
20261002,053160,프리엠스,KOSDAQ,8640,6108,9488.0,8807.0,8328.0,6400.0,11180.0,35.0,22.7,78.0,False,False,True,True,True,True,True,True,False,6,False,False,2 형성중
20261002,066430,아이로보틱스,KOSDAQ,2055,188382,2118.0,2396.0,2347.0,1002.0,5080.0,105.1,59.5,78.0,False,False,True,True,False,True,False,True,False,4,False,False,베이스 없음
20261002,067010,이씨에스,KOSDAQ,2535,27657,2330.0,2234.0,2275.0,1840.0,2730.0,37.8,7.1,78.0,True,True,False,True,True,True,True,True,True,7,False,False,베이스 없음
20261002,067920,이글루,KOSDAQ,5890,46891,5481.0,5735.0,5618.0,4600.0,8700.0,28.0,32.3,78.0,True,True,True,True,False,True,False,True,True,6,False,False,베이스 없음
20261002,078020,LS증권,KOSDAQ,6520,35978,6527.0,6951.0,6554.0,4660.0,9190.0,39.9,29.1,78.0,False,False,True,True,False,True,False,True,False,4,False,False,베이스 없음
20261002,080010,이상네트웍스,KOSDAQ,7390,1245,7640.0,7212.0,7150.0,6100.0,8200.0,21.1,9.9,78.0,False,True,True,True,True,False,True,True,False,6,False,False,1 형성중
20261002,083310,엘오티베큠,KOSDAQ,12860,319301,9373.0,11502.0,11823.0,6070.0,17940.0,111.9,28.3,78.0,True,True,False,False,False,True,False,True,True,4,False,False,베이스 없음
20261002,089030,테크윙,KOSDAQ,55700,953864,47277.0,51913.0,50267.0,31625.0,74000.0,76.1,24.7,78.0,True,True,True,False,False,True,True,True,True,6,False,False,베이스 없음
20261002,089230,THE E&M,KOSDAQ,1843,203005,1891.0,2289.0,2009.0,860.0,4500.0,114.3,59.0,78.0,False,False,True,True,False,True,False,True,False,4,False,False,1 형성중
20261002,108670,LX하우시스,KOSPI,33400,21870,33819.0,32733.0,31906.0,27000.0,43000.0,23.7,22.3,78.0,False,True,True,True,True,False,True,True,False,6,False,False,1 형성중
20261002,120240,대정화금,KOSDAQ,14840,3200,14726.0,14006.0,13760.0,12030.0,15230.0,23.4,2.6,78.0,False,True,True,True,True,False,True,True,True,7,False,False,베이스 없음
20261002,137950,제이씨케미칼,KOSDAQ,3580,31240,3486.0,3663.0,3568.0,2400.0,6480.0,49.2,44.8,78.0,False,False,True,True,False,True,False,True,True,5,False,False,1 형성중
20261002,150900,파수AI,KOSDAQ,4005,61137,3673.0,3844.0,3921.0,2725.0,6890.0,47.0,41.9,78.0,True,True,False,False,False,True,False,True,True,4,False,False,Stage2 아님
20261002,166480,코아스템켐온,KOSDAQ,2330,175831,2070.0,2553.0,2524.0,1014.0,6100.0,129.8,61.8,78.0,True,False,True,True,False,True,False,True,True,5,False,False,베이스 없음
20261002,197140,디지캡,KOSDAQ,2300,13663,2268.0,2093.0,2136.0,1553.0,2570.0,48.1,10.5,78.0,False,True,False,True,True,True,True,True,True,7,False,False,베이스 없음
20261002,224060,더코디,KOSDAQ,4265,247179,4451.0,4797.0,4476.0,2400.0,12750.0,77.7,66.5,78.0,True,False,True,True,False,True,False,True,False,4,False,False,베이스 없음
20261002,282330,BGF리테일,KOSPI,128000,33199,138388.0,131046.0,127225.0,101200.0,156600.0,26.5,18.3,78.0,False,False,True,True,True,True,True,True,False,6,False,False,1 형성중
20261002,294570,쿠콘,KOSDAQ,27400,81638,24062.0,25223.0,26621.0,13000.0,47400.0,110.8,42.2,78.0,True,True,False,False,False,True,False,True,True,4,False,False,1 형성중
20261002,419050,삼기에너지솔루션즈,KOSDAQ,1820,1310683,1560.0,1583.0,1631.0,865.0,2465.0,110.4,26.2,78.0,True,True,False,False,False,True,False,True,True,4,False,False,베이스 없음
20261002,460860,동국제강,KOSPI,9910,407185,9756.0,10064.0,9644.0,7760.0,17710.0,27.7,44.0,78.0,False,False,True,True,False,True,False,True,True,5,False,False,1 형성중
20261002,003670,포스코퓨처엠,KOSPI,186800,228889,168242.0,196532.0,199716.0,114700.0,299500.0,62.9,37.6,77.0,True,False,False,False,False,True,False,True,True,3,False,False,베이스 없음
20261002,005850,에스엘,KOSPI,52500,40235,52943.0,59653.0,57110.0,33200.0,79500.0,58.1,34.0,77.0,False,False,True,True,False,True,False,True,False,4,False,False,베이스 없음
20261002,012750,에스원,KOSPI,84100,35477,78734.0,79265.0,79244.0,66800.0,103000.0,25.9,18.3,77.0,True,True,True,True,False,True,True,True,True,7,False,False,베이스 없음
20250911,020760,일진디스플,KOSPI,902,141093,944.0,844.0,848.0,692.0,1286.0,30.3,29.9,77.0,False,True,False,True,True,True,False,True,False,5,False,False,Stage2 아님
20261002,030190,NICE평가정보,KOSPI,16460,86444,15427.0,15247.0,15664.0,13010.0,18500.0,26.5,11.0,77.0,True,True,False,False,False,True,True,True,True,5,False,False,베이스 없음
20261002,037030,파워넷,KOSDAQ,4150,1139532,3475.0,4703.0,4226.0,2420.0,10400.0,71.5,60.1,77.0,True,False,True,True,False,True,False,True,True,5,False,False,베이스 없음
20261002,037350,성도이엔지,KOSDAQ,8470,265045,7533.0,9386.0,8713.0,4690.0,14450.0,80.6,41.4,77.0,True,False,True,True,False,True,False,True,True,5,False,False,베이스 없음
20261002,039830,오로라,KOSDAQ,15950,33349,18014.0,15876.0,15660.0,9040.0,26400.0,76.4,39.6,77.0,False,True,True,False,True,True,False,True,False,5,False,False,베이스 없음
20261002,039860,나노엔텍,KOSDAQ,4545,182412,3997.0,4749.0,4823.0,3015.0,9390.0,50.7,51.6,77.0,True,False,False,True,False,True,False,True,True,4,False,False,베이스 없음
20261002,040160,누리플렉스,KOSDAQ,6390,8384,5991.0,9360.0,8121.0,2855.0,19350.0,123.8,67.0,77.0,False,False,True,True,False,True,False,True,True,5,False,False,베이스 없음
20261002,041920,메디아나,KOSDAQ,10140,67405,8934.0,14232.0,14480.0,4850.0,29600.0,109.1,65.7,77.0,True,False,False,True,False,True,False,True,True,4,False,False,베이스 없음
20261002,049960,쎌바이오텍,KOSDAQ,15510,12310,15484.0,15508.0,14990.0,11350.0,18500.0,36.7,16.2,77.0,False,True,True,True,False,True,True,True,True,7,False,False,베이스 없음
20261002,060540,에스에이티,KOSDAQ,1332,11964,1260.0,1266.0,1289.0,989.0,1618.0,34.7,17.7,77.0,True,True,False,True,False,True,True,True,True,6,False,False,1 형성중
20261002,078150,HB테크놀러지,KOSDAQ,2315,2092304,1977.0,2425.0,2318.0,1575.0,6140.0,47.0,62.3,77.0,True,False,True,True,False,True,False,True,True,5,False,False,베이스 없음
20261002,084695,대상홀딩스우,KOSPI,14050,1333,12134.0,13058.0,13275.0,10000.0,17500.0,40.5,19.7,77.0,True,True,False,False,False,True,True,True,True,5,False,False,베이스 없음
20261002,090430,아모레퍼시픽,KOSPI,132500,192984,137070.0,129241.0,129694.0,94000.0,169000.0,41.0,21.6,77.0,False,True,False,True,True,True,True,True,False,6,False,False,1 형성중
20261002,109080,옵티시스,KOSDAQ,9900,34858,8694.0,10776.0,10210.0,6840.0,22800.0,44.7,56.6,77.0,True,False,True,True,False,True,False,True,True,5,False,False,베이스 없음
20261002,122900,아이마켓코리아,KOSPI,8200,53218,7947.0,7623.0,7685.0,6890.0,10330.0,19.0,20.6,77.0,False,True,False,True,True,False,True,True,True,6,False,False,Stage2 아님
20261002,122990,와이솔,KOSDAQ,6740,82748,6168.0,6804.0,6602.0,5270.0,9340.0,27.9,27.8,77.0,True,False,True,True,False,True,False,True,True,5,False,False,베이스 없음
20261002,126560,현대퓨처넷,KOSPI,3410,34981,3253.0,3196.0,3204.0,2770.0,3750.0,23.1,9.1,77.0,True,True,False,True,True,False,True,True,True,6,False,False,베이스 없음
20261002,161580,필옵틱스,KOSDAQ,41050,618085,29298.0,38114.0,40301.0,19380.0,64900.0,111.8,36.7,77.0,True,True,False,False,False,True,False,True,True,4,False,False,베이스 없음
20261002,194370,제이에스코퍼레이션,KOSPI,12850,49933,12865.0,12464.0,12511.0,9500.0,16090.0,35.3,20.1,77.0,False,True,False,True,True,True,True,True,False,6,False,False,베이스 없음
20261002,204620,글로벌텍스프리,KOSDAQ,5660,806608,5293.0,5079.0,4983.0,3955.0,7230.0,43.1,21.7,77.0,True,True,True,False,True,True,True,True,True,7,False,False,2 형성중
20261002,254490,미래반도체,KOSDAQ,18880,168234,15619.0,19843.0,18978.0,10520.0,47850.0,79.5,60.5,77.0,True,False,True,True,False,True,False,True,True,5,False,False,베이스 없음
20261002,307870,비투엔,KOSDAQ,1234,309906,1077.0,1070.0,1094.0,521.0,1692.0,136.9,27.1,77.0,True,True,False,False,False,True,False,True,True,4,False,False,1 형성중
20261002,420570,제이투케이바이오,KOSDAQ,9070,32815,9474.0,8532.0,8505.0,6710.0,12860.0,35.2,29.5,77.0,True,True,True,True,True,True,False,True,False,6,False,False,1a차
20261002,441270,파인엠텍,KOSDAQ,9400,385013,8101.0,8731.0,9028.0,5340.0,12800.0,76.0,26.6,77.0,True,True,False,False,False,True,False,True,True,4,False,False,베이스 없음
20261002,001740,SK네트웍스,KOSPI,6520,955783,6889.0,7400.0,6742.0,4275.0,16240.0,52.5,59.9,76.0,False,False,True,True,False,True,False,True,False,4,False,False,베이스 없음
20261002,005440,현대지에프홀딩스,KOSPI,12690,459958,12246.0,13614.0,12552.0,7310.0,19790.0,73.6,35.9,76.0,True,False,True,True,False,True,False,True,True,5,False,False,베이스 없음
20261002,011200,HMM,KOSPI,21400,785203,21195.0,20608.0,20595.0,17910.0,24950.0,19.5,14.2,76.0,False,True,True,True,True,False,True,True,True,7,False,False,베이스 없음
20261002,011760,현대코퍼레이션,KOSPI,25000,17569,25737.0,25956.0,25187.0,20050.0,32850.0,24.7,23.9,76.0,False,False,True,True,False,False,True,True,False,4,False,False,베이스 없음
20261002,011790,SKC,KOSPI,106800,628414,85776.0,103637.0,103548.0,61100.0,184400.0,74.8,42.1,76.0,True,True,True,False,False,True,False,True,True,5,False,False,베이스 없음
20261002,013030,하이록코리아,KOSDAQ,36350,11765,33554.0,35713.0,34950.0,27550.0,48100.0,31.9,24.4,76.0,True,True,True,True,False,True,True,True,True,7,False,False,베이스 없음
20261002,013520,화승코퍼레이션,KOSPI,2540,62470,2562.0,2719.0,2618.0,1943.0,4000.0,30.7,36.5,76.0,False,False,True,True,False,True,False,True,False,4,False,False,베이스 없음
20261002,016380,KG스틸,KOSPI,5720,446625,5544.0,5726.0,5663.0,4825.0,7900.0,18.5,27.6,76.0,True,False,True,True,False,False,False,True,True,4,False,False,베이스 없음
20261002,024070,WISCOM,KOSPI,1999,7840,1954.0,1980.0,1957.0,1646.0,3200.0,21.4,37.5,76.0,False,True,True,True,False,False,False,True,True,5,False,False,Stage2 아님
20261002,030210,다올투자증권,KOSPI,3855,33097,3768.0,3906.0,3867.0,3005.0,5740.0,28.3,32.8,76.0,False,False,True,True,False,True,False,True,True,5,False,False,베이스 없음
20261002,031510,오스템,KOSDAQ,1131,48426,1135.0,1084.0,1076.0,851.0,1324.0,32.9,14.6,76.0,False,True,True,True,True,True,True,True,False,7,False,False,1 형성중
20261002,035080,그래디언트,KOSDAQ,11620,12206,11223.0,10728.0,10915.0,7220.0,15300.0,60.9,24.1,76.0,False,True,False,False,True,True,True,True,True,6,False,False,베이스 없음
20261002,051900,LG생활건강,KOSPI,271500,56820,293770.0,263647.0,264345.0,210000.0,335500.0,29.3,19.1,76.0,False,True,False,True,True,True,True,True,False,6,False,False,Stage2 아님
20261002,066970,엘앤에프,KOSPI,114100,360458,105478.0,130083.0,126488.0,63000.0,225000.0,81.1,49.3,76.0,True,False,True,False,False,True,False,True,True,4,False,False,베이스 없음
20261002,072870,메가스터디,KOSDAQ,13200,10953,13171.0,12842.0,12424.0,10680.0,13710.0,23.6,3.7,76.0,False,True,True,True,True,False,True,True,True,7,False,False,1a차
20260806,082640,,KOSPI,8250,796135,7677.0,7720.0,7483.0,6040.0,9380.0,36.6,12.0,76.0,True,True,True,True,False,True,True,True,True,7,False,False,베이스 없음
20261002,090460,비에이치,KOSPI,20850,532307,18052.0,22688.0,21458.0,12440.0,43400.0,67.6,52.0,76.0,True,False,True,True,False,True,False,True,True,5,False,False,베이스 없음
20261002,143540,영우디에스피,KOSDAQ,1043,90407,1022.0,1161.0,1110.0,663.0,1698.0,57.3,38.6,76.0,True,False,True,True,False,True,False,True,True,5,False,False,베이스 없음
20261002,243840,신흥에스이씨,KOSDAQ,5830,256413,5204.0,6396.0,6188.0,3425.0,12290.0,70.2,52.6,76.0,True,False,True,True,False,True,False,True,True,5,False,False,베이스 없음
20261002,294630,서남,KOSDAQ,3130,120603,2862.0,3419.0,3317.0,2295.0,7150.0,36.4,56.2,76.0,True,False,True,True,False,True,False,True,True,5,False,False,베이스 없음
20261002,311320,지오엘리먼트,KOSDAQ,8820,34406,8065.0,8217.0,7984.0,5110.0,11920.0,72.6,26.0,76.0,False,True,True,True,False,True,False,True,True,6,False,False,1 형성중
20261002,368970,오에스피,KOSDAQ,2455,120311,2435.0,2322.0,2390.0,1491.0,3379.0,64.7,27.3,76.0,True,True,False,False,True,True,False,True,True,5,False,False,1 형성중
20261002,396470,워트,KOSDAQ,7230,132098,6237.0,6746.0,6853.0,4125.0,10960.0,75.3,34.0,76.0,False,True,False,False,False,True,False,True,True,4,False,False,Stage2 아님
20261002,417200,LS머트리얼즈,KOSDAQ,15300,2780232,11883.0,16960.0,16207.0,8700.0,32725.0,75.9,53.2,76.0,True,False,True,True,False,True,False,True,True,5,False,False,베이스 없음
20261002,439090,마녀공장,KOSDAQ,15750,270614,16438.0,14909.0,14755.0,11060.0,21250.0,42.4,25.9,76.0,False,True,True,True,True,True,False,True,False,6,False,False,1 형성중
20260910,489480,키움제11호스팩,KOSDAQ,2200,741,2059.0,2056.0,2056.0,2005.0,2240.0,9.7,1.8,76.0,False,True,True,True,True,False,True,True,True,7,False,False,Stage2 아님
20261002,001530,DI동일,KOSPI,24950,13103,25439.0,24544.0,23510.0,14981.0,35429.0,66.5,29.6,75.0,True,True,True,True,True,True,False,True,False,6,False,False,2 형성중
20261002,002710,TCC스틸,KOSPI,13590,507467,10665.0,13010.0,13590.0,6310.0,22950.0,115.4,40.8,75.0,True,True,False,False,False,True,False,True,True,4,False,False,베이스 없음
20261002,003465,유화증권우,KOSPI,3165,272,3101.0,3218.0,3106.0,2535.0,4000.0,24.9,20.9,75.0,False,False,True,True,False,False,True,True,True,5,False,False,베이스 없음
20261002,005070,코스모신소재,KOSPI,47100,292753,38869.0,46139.0,46838.0,26600.0,66400.0,77.1,29.1,75.0,True,True,False,False,False,True,False,True,True,4,False,False,베이스 없음
20261002,007770,한일화학,KOSDAQ,7910,301,7386.0,7421.0,7586.0,6010.0,9290.0,31.6,14.9,75.0,True,True,False,False,False,True,True,True,True,5,False,False,Stage2 아님
20261002,008370,원풍,KOSDAQ,5170,45067,5022.0,5008.0,4985.0,4555.0,5740.0,13.5,9.9,75.0,False,True,True,False,True,False,True,True,True,6,False,False,베이스 없음
20261002,014130,한익스프레스,KOSPI,2715,17148,2541.0,2529.0,2633.0,1957.0,3440.0,38.7,21.1,75.0,True,True,False,False,False,True,True,True,True,5,False,False,베이스 없음
20261002,015360,INVENI,KOSPI,14700,9810,14282.0,15023.0,14829.0,11840.0,18190.0,24.2,19.2,75.0,True,False,True,True,False,False,True,True,True,5,False,False,베이스 없음
20261002,020560,아시아나항공,KOSPI,8220,57120,7504.0,7287.0,7424.0,6500.0,9580.0,26.5,14.2,75.0,True,True,False,False,True,True,True,True,True,6,False,False,Stage2 아님
20261002,024950,삼천리자전거,KOSDAQ,4230,1722,4207.0,4202.0,4267.0,2795.0,7450.0,51.3,43.2,75.0,False,False,False,False,False,True,False,True,True,3,False,False,1 형성중
20261002,033240,자화전자,KOSPI,28300,89571,27187.0,34128.0,32591.0,16600.0,60000.0,70.5,52.8,75.0,False,False,True,True,False,True,False,True,True,5,False,False,베이스 없음
20261002,039010,현대에이치티,KOSDAQ,8430,7415,7596.0,8634.0,8692.0,5550.0,12450.0,51.9,32.3,75.0,True,False,False,False,False,True,False,True,True,3,False,False,베이스 없음
20261002,054800,아이디스홀딩스,KOSDAQ,14630,3530,14933.0,15025.0,14340.0,10520.0,16980.0,39.1,13.8,75.0,False,False,True,True,False,True,True,True,False,5,False,False,1 형성중
20261002,066310,큐에스아이,KOSDAQ,8770,99243,7413.0,9789.0,9319.0,5360.0,22750.0,63.6,61.5,75.0,True,False,True,True,False,True,False,True,True,5,False,False,베이스 없음
20261002,069330,유아이디,KOSDAQ,1178,12334,1150.0,1087.0,1089.0,710.0,1341.0,65.9,12.2,75.0,True,True,False,True,True,True,True,True,True,7,False,False,Stage2 아님
20261002,084670,동양고속,KOSPI,23450,6008,24175.0,33870.0,40702.0,7170.0,172800.0,227.1,86.4,75.0,False,False,False,True,False,True,False,True,False,3,False,False,베이스 없음
20261002,092460,한라IMS,KOSDAQ,16830,9270,17073.0,17077.0,16980.0,13100.0,22150.0,28.5,24.0,75.0,False,False,True,True,False,True,True,True,False,5,False,False,베이스 없음
20261002,100030,인지소프트,KOSDAQ,19570,2378,19406.0,18762.0,19289.0,15300.0,23700.0,27.9,17.4,75.0,False,True,False,False,True,True,True,True,True,6,False,False,베이스 없음
20261002,101170,우림피티에스,KOSDAQ,8800,40046,8108.0,10744.0,12160.0,4940.0,24000.0,78.1,63.3,75.0,True,False,False,True,False,True,False,True,True,4,False,False,베이스 없음
20261002,101330,모베이스,KOSDAQ,3750,144487,3469.0,4092.0,4251.0,2840.0,9140.0,32.0,59.0,75.0,True,False,False,True,False,True,False,True,True,4,False,False,베이스 없음
20261002,106240,파인테크닉스,KOSDAQ,1353,18960,1225.0,1642.0,1669.0,1001.0,2640.0,35.2,48.8,75.0,False,False,False,False,False,True,False,True,True,3,False,False,베이스 없음
20261002,139670,키네마스터,KOSDAQ,1918,6492,1858.0,1817.0,1927.0,1326.0,3040.0,44.6,36.9,75.0,True,False,False,True,False,True,False,True,True,4,False,False,Stage2 아님
20261002,215380,콜마바이오텍,KOSDAQ,2340,37648,2257.0,2564.0,2452.0,1616.0,4535.0,44.8,48.4,75.0,True,False,True,True,False,True,False,True,True,5,False,False,베이스 없음
20261002,217730,강스템바이오텍,KOSDAQ,2305,290717,2285.0,2727.0,2556.0,1372.0,4690.0,68.0,50.9,75.0,False,False,True,True,False,True,False,True,True,5,False,False,베이스 없음
20261002,321820,아티스트컴퍼니,KOSDAQ,3610,108848,2606.0,3269.0,3447.0,1960.0,6030.0,84.2,40.1,75.0,True,True,False,False,False,True,False,True,True,4,False,False,Stage2 아님
20261002,432470,케이엔에스,KOSDAQ,10430,132821,9019.0,10827.0,11184.0,5920.0,20400.0,76.2,48.9,75.0,True,False,False,False,False,True,False,True,True,3,False,False,베이스 없음
20261002,452450,피아이이,KOSDAQ,5390,187695,3838.0,4754.0,5275.0,1815.0,9850.0,197.0,45.3,75.0,True,True,False,False,False,True,False,True,True,4,False,False,Stage2 아님
20261002,002200,한국수출포장,KOSPI,2795,17626,2596.0,2675.0,2799.0,2150.0,3785.0,30.0,26.2,74.0,True,False,False,False,False,True,False,True,True,3,False,False,베이스 없음
20261002,003100,선광,KOSDAQ,20600,3824,20460.0,20886.0,20715.0,17280.0,30450.0,19.2,32.3,74.0,False,False,True,True,False,False,False,True,True,4,False,False,베이스 없음
20261002,003300,한일홀딩스,KOSPI,17820,3102,17868.0,17359.0,17119.0,15250.0,23800.0,16.9,25.1,74.0,False,True,True,True,True,False,False,True,False,5,False,False,베이스 없음
20261002,004490,세방전지,KOSPI,62200,38190,58174.0,58753.0,60260.0,46900.0,77700.0,32.6,19.9,74.0,True,True,False,False,False,True,True,True,True,5,False,False,베이스 없음
20261002,005940,NH투자증권,KOSPI,26850,338242,27012.0,30641.0,29001.0,18890.0,42600.0,42.1,37.0,74.0,False,False,True,True,False,True,False,True,False,4,False,False,베이스 없음
20261002,006090,사조오양,KOSPI,9030,2416,8724.0,8381.0,8508.0,7550.0,10530.0,19.6,14.2,74.0,True,True,False,False,True,False,True,True,True,5,False,False,베이스 없음
20261002,007070,GS리테일,KOSPI,22200,68875,25299.0,23996.0,23352.0,15950.0,29950.0,39.2,25.9,74.0,False,False,True,True,True,True,False,True,False,5,False,False,베이스 없음
20261002,015230,대창단조,KOSPI,6540,25202,6230.0,6364.0,6406.0,5170.0,7490.0,26.5,12.7,74.0,False,True,False,True,False,True,True,True,True,6,False,False,베이스 없음
20261002,036190,금화피에스시,KOSDAQ,34900,2452,33445.0,34377.0,33701.0,28350.0,42500.0,23.1,17.9,74.0,True,True,True,True,False,False,True,True,True,6,False,False,베이스 없음
20261002,036570,NC,KOSPI,244500,190012,224270.0,239767.0,233946.0,176100.0,343500.0,38.8,28.8,74.0,True,True,True,False,False,True,False,True,True,5,False,False,베이스 없음
20261002,036630,세종텔레콤,KOSDAQ,7700,3867,7867.0,8781.0,9054.0,5540.0,15450.0,39.0,50.2,74.0,False,False,False,False,False,True,False,True,False,2,False,False,베이스 없음
20261002,052330,코텍,KOSDAQ,10490,5816,11599.0,11226.0,10764.0,8430.0,14500.0,24.4,27.7,74.0,False,False,True,True,True,False,False,True,False,4,False,False,베이스 없음
20261002,064400,LG씨엔에스,KOSPI,72000,368239,71092.0,73455.0,71798.0,54100.0,153300.0,33.1,53.0,74.0,False,False,True,True,False,True,False,True,True,5,False,False,베이스 없음
20261002,066620,국보디자인,KOSDAQ,24600,2641,24729.0,23963.0,23595.0,19660.0,27400.0,25.1,10.2,74.0,False,True,True,True,True,True,True,True,False,7,False,False,1a차
20261002,071055,한국금융지주우,KOSPI,142900,7275,147944.0,159346.0,154328.0,100100.0,194300.0,42.8,26.5,74.0,False,False,True,True,False,True,False,True,False,4,False,False,1 형성중
20261002,095270,웨이브일렉트로,KOSDAQ,4735,56862,4155.0,5128.0,5003.0,3215.0,12150.0,47.3,61.0,74.0,True,False,True,False,False,True,False,True,True,4,False,False,베이스 없음
20261002,147830,제룡산업,KOSDAQ,7350,200138,6769.0,7692.0,7492.0,5040.0,15410.0,45.8,52.3,74.0,True,False,True,True,False,True,False,True,True,5,False,False,베이스 없음
20261002,155660,DSR,KOSPI,4335,34111,4452.0,4326.0,4215.0,3630.0,4800.0,19.4,9.7,74.0,False,True,True,True,True,False,True,True,False,6,False,False,2 형성중
20261002,174900,앱클론,KOSDAQ,28250,330955,23950.0,38756.0,42191.0,13150.0,95800.0,114.8,70.5,74.0,False,False,False,False,False,True,False,True,True,3,False,False,베이스 없음
20261002,187790,나노,KOSDAQ,3250,74963,3012.0,4047.0,3955.0,1685.0,7560.0,92.9,57.0,74.0,False,False,True,True,False,True,False,True,True,5,False,False,베이스 없음
20261002,220260,켐트로스,KOSDAQ,4840,235267,3791.0,4613.0,5123.0,2630.0,9570.0,84.0,49.4,74.0,True,False,False,False,False,True,False,True,True,3,False,False,베이스 없음
20261002,232680,라온로보틱스,KOSDAQ,10980,103745,9470.0,12752.0,13210.0,7020.0,23950.0,56.4,54.2,74.0,True,False,False,True,False,True,False,True,True,4,False,False,베이스 없음
20261002,267270,HD건설기계,KOSPI,118000,351346,133056.0,142087.0,135098.0,85800.0,217500.0,37.5,45.7,74.0,False,False,True,True,False,True,False,True,False,4,False,False,1 형성중
20261002,268280,미원에스씨,KOSPI,129100,831,127790.0,118983.0,123942.0,89600.0,149200.0,44.1,13.5,74.0,False,True,False,False,True,True,True,True,True,6,False,False,베이스 없음
20261002,28513K,SK케미칼우,KOSPI,25650,875,23619.0,24350.0,25441.0,19740.0,34300.0,29.9,25.2,74.0,True,True,False,False,False,True,False,True,True,4,False,False,베이스 없음
20261002,340570,티앤엘,KOSDAQ,27600,50998,29618.0,28436.0,27521.0,21812.0,35800.0,26.5,22.9,74.0,False,False,True,True,True,True,True,True,False,6,False,False,1 형성중
20261002,478560,블랙야크아이앤씨,KOSDAQ,3395,27112,2924.0,3025.0,3148.0,2010.0,4150.0,68.9,18.2,74.0,True,True,False,False,False,True,True,True,True,5,False,False,Stage2 아님
20261002,000215,DL우,KOSPI,24300,131,23667.0,24607.0,24422.0,19110.0,32550.0,27.2,25.3,73.0,False,False,True,False,False,True,False,True,True,4,False,False,베이스 없음
20261002,000850,화천기공,KOSPI,37300,1548,35307.0,35791.0,36529.0,29450.0,44850.0,26.7,16.8,73.0,False,True,False,True,False,True,True,True,True,6,False,False,베이스 없음
20261002,001290,상상인증권,KOSPI,4230,50076,4451.0,5057.0,4678.0,2935.0,8910.0,44.1,52.5,73.0,False,False,True,True,False,True,False,True,False,4,False,False,베이스 없음
20261002,001790,대한제당,KOSPI,2815,60335,2784.0,2751.0,2773.0,2150.0,3260.0,30.9,13.7,73.0,False,True,False,True,True,True,True,True,True,7,False,False,베이스 없음
20261002,003120,일성아이에스,KOSPI,22150,4705,20941.0,21314.0,21570.0,17120.0,29300.0,29.4,24.4,73.0,True,True,False,False,False,True,True,True,True,5,False,False,베이스 없음
20261002,003610,방림,KOSPI,5500,23863,5515.0,5365.0,5456.0,4460.0,6280.0,23.3,12.4,73.0,False,True,False,True,True,False,True,True,False,5,False,False,베이스 없음
20261002,004080,신흥,KOSPI,14460,3706,14147.0,13962.0,13911.0,13150.0,16470.0,10.0,12.2,73.0,False,True,True,True,True,False,True,True,True,7,False,False,Stage2 아님
20261002,004370,농심,KOSPI,402000,12192,406840.0,385370.0,395188.0,319000.0,484500.0,26.0,17.0,73.0,False,True,False,False,True,True,True,True,False,5,False,False,베이스 없음
20261002,005720,넥센,KOSPI,6490,155210,5952.0,6360.0,6320.0,4965.0,8090.0,30.7,19.8,73.0,True,True,True,False,False,True,True,True,True,6,False,False,베이스 없음
20261002,016740,두올,KOSPI,3970,11529,3606.0,4159.0,4162.0,3040.0,5420.0,30.6,26.8,73.0,True,False,False,True,False,True,False,True,True,4,False,False,베이스 없음
20261002,026960,동서,KOSPI,27550,237234,25835.0,25804.0,26119.0,22350.0,30950.0,23.3,11.0,73.0,True,True,False,False,False,False,True,True,True,4,False,False,베이스 없음
20261002,037370,EG,KOSDAQ,4305,9209,3640.0,4189.0,4594.0,2510.0,7670.0,71.5,43.9,73.0,True,False,False,False,False,True,False,True,True,3,False,False,베이스 없음
20261002,042500,링네트,KOSDAQ,4230,77854,4284.0,4344.0,4227.0,3410.0,7400.0,24.0,42.8,73.0,False,False,True,True,False,False,False,True,False,3,False,False,1 형성중
20261002,047050,포스코인터내셔널,KOSPI,56600,413878,54549.0,63178.0,61891.0,44850.0,91200.0,26.2,37.9,73.0,True,False,True,True,False,True,False,True,True,5,False,False,베이스 없음
20261002,049470,비트플래닛,KOSDAQ,2710,96333,2108.0,2412.0,2957.0,1002.0,17850.0,170.5,84.8,73.0,True,False,False,False,False,True,False,True,True,3,False,False,1 형성중
20261002,068270,셀트리온,KOSPI,182600,303612,186384.0,186268.0,189050.0,158500.0,239244.0,15.2,23.7,73.0,False,False,False,True,False,False,True,True,False,3,False,False,베이스 없음
20261002,071320,지역난방공사,KOSPI,79500,10165,72690.0,74476.0,81352.0,60400.0,116700.0,31.6,31.9,73.0,True,False,False,False,False,True,False,True,True,3,False,False,베이스 없음
20261002,079190,케스피온,KOSDAQ,1462,415702,1258.0,1380.0,1494.0,890.0,2788.0,64.3,47.6,73.0,True,False,False,False,False,True,False,True,True,3,False,False,베이스 없음
20261002,086520,에코프로,KOSDAQ,89100,1101306,83598.0,116847.0,117979.0,45550.0,190000.0,95.6,53.1,73.0,False,False,False,False,False,True,False,True,True,3,False,False,베이스 없음
20261002,089600,KT나스미디어,KOSDAQ,12120,14449,11992.0,11430.0,11771.0,9040.0,14710.0,34.1,17.6,73.0,False,True,False,False,True,True,True,True,True,6,False,False,Stage2 아님
20261002,099440,스맥,KOSDAQ,3945,145084,3952.0,4040.0,4668.0,2415.0,8340.0,63.4,52.7,73.0,False,False,False,False,False,True,False,True,False,2,False,False,1 형성중
20261002,104540,코렌텍,KOSDAQ,5220,587147,4103.0,4767.0,5233.0,3385.0,7440.0,54.2,29.8,73.0,True,False,False,False,False,True,False,True,True,3,False,False,베이스 없음
20261002,120110,코오롱인더,KOSPI,56400,86607,54591.0,66924.0,62554.0,33750.0,104900.0,67.1,46.2,73.0,False,False,True,True,False,True,False,True,True,5,False,False,베이스 없음
20261002,178920,PI첨단소재,KOSPI,20150,68006,18889.0,21490.0,20332.0,14880.0,32150.0,35.4,37.3,73.0,True,False,True,True,False,True,False,True,True,5,False,False,베이스 없음
20261002,264660,씨앤지하이테크,KOSDAQ,15150,44508,13192.0,15872.0,16165.0,9850.0,26100.0,53.8,42.0,73.0,True,False,False,False,False,True,False,True,True,3,False,False,베이스 없음
20261002,476060,온코닉테라퓨틱스,KOSDAQ,15700,174730,14379.0,17509.0,17887.0,8790.0,28900.0,78.6,45.7,73.0,True,False,False,False,False,True,False,True,True,3,False,False,베이스 없음
20261002,477760,DB금융스팩12호,KOSDAQ,2075,1044,2063.0,2047.0,2029.0,1847.0,2115.0,12.3,1.9,73.0,False,True,True,True,True,False,True,True,True,7,False,False,Stage2 아님
20261002,001465,BYC우,KOSPI,26200,4264,25745.0,27163.0,26610.0,20100.0,34800.0,30.3,24.7,72.0,False,False,True,True,False,True,True,True,True,6,False,False,베이스 없음
20261002,009290,광동제약,KOSPI,6580,137178,6277.0,7121.0,6892.0,5150.0,12800.0,27.8,48.6,72.0,True,False,True,True,False,True,False,True,True,5,False,False,베이스 없음
20261002,009620,삼보산업,KOSDAQ,5110,30985,4496.0,4871.0,5773.0,2440.0,10575.0,109.4,51.7,72.0,True,False,False,False,False,True,False,True,True,3,False,False,베이스 없음
20261002,032540,TJ미디어,KOSDAQ,3780,9289,3408.0,3593.0,3627.0,2995.0,4600.0,26.2,17.8,72.0,True,True,False,True,False,True,True,True,True,6,False,False,베이스 없음
20261002,036010,아비코전자,KOSDAQ,8330,110002,6672.0,8489.0,8296.0,4360.0,14260.0,91.1,41.6,72.0,True,False,True,False,False,True,False,True,True,4,False,False,베이스 없음
20261002,037070,파세코,KOSDAQ,6770,72434,6164.0,7274.0,7388.0,4990.0,9980.0,35.7,32.2,72.0,True,False,False,False,False,True,False,True,True,3,False,False,베이스 없음
20261002,046120,오르비텍,KOSDAQ,5430,391230,4938.0,7374.0,6657.0,3240.0,16410.0,67.6,66.9,72.0,True,False,True,True,False,True,False,True,True,5,False,False,1 형성중
20261002,054090,삼진엘앤디,KOSDAQ,1000,22561,989.0,972.0,929.0,600.0,1500.0,66.7,33.3,72.0,True,True,True,True,True,True,False,True,True,7,False,False,1 형성중
20261002,065060,지엔코,KOSDAQ,3320,12498,3348.0,3106.0,3280.0,2410.0,5400.0,37.8,38.5,72.0,False,True,False,False,True,True,False,True,False,4,False,False,베이스 없음
20261002,079160,CJ CGV,KOSPI,5010,218692,5251.0,4909.0,5180.0,4150.0,6660.0,20.7,24.8,72.0,False,False,False,False,True,False,True,True,False,3,False,False,베이스 없음
20261002,104480,티케이케미칼,KOSDAQ,1816,81708,1693.0,1904.0,1850.0,1358.0,2915.0,33.7,37.7,72.0,True,False,True,True,False,True,False,True,True,5,False,False,베이스 없음
20261002,158430,아톤,KOSDAQ,5690,820595,4704.0,5716.0,5988.0,3300.0,11370.0,72.4,50.0,72.0,True,False,False,False,False,True,False,True,True,3,False,False,베이스 없음
20261002,189300,인텔리안테크,KOSDAQ,73600,119377,66115.0,99770.0,94467.0,39000.0,180200.0,88.7,59.2,72.0,True,False,True,True,False,True,False,True,True,5,False,False,베이스 없음
20261002,190510,나무가,KOSDAQ,15990,69390,14282.0,16163.0,17631.0,11050.0,28600.0,44.7,44.1,72.0,True,False,False,False,False,True,False,True,True,3,False,False,베이스 없음
20261002,247660,나노씨엠에스,KOSDAQ,4125,13014,3319.0,3887.0,4181.0,2260.0,5610.0,82.5,26.5,72.0,True,False,False,False,False,True,False,True,True,3,False,False,Stage2 아님
20261002,263020,디케이앤디,KOSDAQ,3165,41754,3097.0,3165.0,3138.0,2655.0,4875.0,19.2,35.1,72.0,False,True,True,False,False,False,False,True,True,4,False,False,베이스 없음
20261002,267290,경동도시가스,KOSPI,21250,3473,21295.0,21353.0,21396.0,18370.0,24300.0,15.7,12.6,72.0,False,False,False,True,False,False,True,True,False,3,False,False,베이스 없음
20261002,267320,나인테크,KOSDAQ,2830,2521533,2151.0,2671.0,2797.0,1274.0,4720.0,122.1,40.0,72.0,True,True,False,False,False,True,False,True,True,4,False,False,베이스 없음
20261002,339950,아이비김영,KOSDAQ,2395,9082,2635.0,2583.0,2438.0,1790.0,3150.0,33.8,24.0,72.0,False,False,True,True,True,True,True,True,False,6,False,False,베이스 없음
20260911,368600,아이씨에이치,KOSDAQ,956,890698,850.0,894.0,972.0,491.0,2261.0,94.7,57.7,72.0,False,False,False,False,False,True,False,True,True,3,False,False,Stage2 아님
20261002,376290,씨유테크,KOSDAQ,2895,2437,2764.0,2701.0,2764.0,2050.0,3270.0,41.2,11.5,72.0,False,True,False,False,True,True,True,True,True,6,False,False,베이스 없음
20261002,387570,파인메딕스,KOSDAQ,6430,3438,5714.0,6118.0,6493.0,3755.0,9530.0,71.2,32.5,72.0,True,False,False,False,False,True,False,True,True,3,False,False,Stage2 아님
20261002,404990,신한서부티엔디리츠,KOSPI,3900,44124,3918.0,4041.0,3967.0,3245.0,4920.0,20.2,20.7,72.0,False,False,True,True,False,False,True,True,False,4,False,False,베이스 없음
20261002,417010,나노팀,KOSDAQ,6740,505648,5644.0,8085.0,8227.0,3330.0,15930.0,102.4,57.7,72.0,True,False,False,True,False,True,False,True,True,4,False,False,베이스 없음
20261002,419080,엔젯,KOSDAQ,5080,26213,5174.0,5030.0,5812.0,3000.0,12800.0,69.3,60.3,72.0,False,False,False,False,False,True,False,True,False,2,False,False,Stage2 아님
20261002,460850,동국씨엠,KOSPI,5390,19080,5223.0,5433.0,5408.0,4230.0,7790.0,27.4,30.8,72.0,True,False,True,False,False,True,False,True,True,4,False,False,Stage2 아님
20261002,900290,GRT,KOSDAQ,3480,355277,3573.0,4005.0,3874.0,2120.0,7490.0,64.2,53.5,72.0,False,False,True,True,False,True,False,True,False,4,False,False,베이스 없음
20261002,000240,한국앤컴퍼니,KOSPI,25450,32081,24797.0,25143.0,25625.0,21550.0,36450.0,18.1,30.2,71.0,True,False,False,False,False,False,False,True,True,2,False,False,베이스 없음
20261002,000815,삼성화재우,KOSPI,392000,8587,407640.0,396347.0,392435.0,328000.0,472500.0,19.5,17.0,71.0,False,False,True,True,True,False,True,True,False,5,False,False,2 형성중
20261002,002380,KCC,KOSPI,472000,10450,453870.0,501247.0,489695.0,336000.0,692000.0,40.5,31.8,71.0,True,False,True,True,False,True,False,True,True,5,False,False,베이스 없음
20261002,003475,유안타증권우,KOSPI,4160,3835,4242.0,4324.0,4253.0,3590.0,5920.0,15.9,29.7,71.0,False,False,True,True,False,False,False,True,False,3,False,False,베이스 없음
20261002,016450,한세예스24홀딩스,KOSPI,4330,6303,4408.0,4448.0,4377.0,3895.0,5040.0,11.2,14.1,71.0,False,False,True,True,False,False,True,True,False,4,False,False,베이스 없음
20261002,017940,E1,KOSPI,88700,8479,92232.0,92961.0,91792.0,71000.0,114500.0,24.9,22.5,71.0,False,False,True,True,False,False,True,True,False,4,False,False,2 형성중
20261002,018670,SK가스,KOSPI,239500,7262,235310.0,237663.0,235760.0,196100.0,302000.0,22.1,20.7,71.0,False,True,True,False,False,False,True,True,True,5,False,False,베이스 없음
20261002,023160,태광,KOSDAQ,28100,79544,24688.0,30411.0,29221.0,19420.0,51300.0,44.7,45.2,71.0,True,False,True,True,False,True,False,True,True,5,False,False,베이스 없음
20261002,032960,동일기연,KOSDAQ,2695,60586,2132.0,2509.0,2656.0,1740.0,3810.0,54.9,29.3,71.0,True,True,False,False,False,True,False,True,True,4,False,False,베이스 없음
20261002,034950,한국기업평가,KOSDAQ,103000,718,102720.0,102424.0,101750.0,92400.0,115000.0,11.5,10.4,71.0,False,True,True,True,True,False,True,True,True,7,False,False,베이스 없음
20261002,045300,성우테크론,KOSDAQ,2920,43354,2588.0,2830.0,2895.0,1955.0,3845.0,49.4,24.1,71.0,True,True,False,False,False,True,True,True,True,5,False,False,베이스 없음
20261002,058430,포스코스틸리온,KOSPI,4600,271157,4603.0,5138.0,4864.0,3560.0,10500.0,29.2,56.2,71.0,False,False,True,True,False,True,False,True,False,4,False,False,베이스 없음
20261002,082210,옵트론텍,KOSDAQ,1810,52903,1816.0,1819.0,1825.0,1241.0,2540.0,45.9,28.7,71.0,True,False,False,True,False,True,False,True,False,3,False,False,베이스 없음
20261002,084440,유비온,KOSDAQ,4810,1536,5438.0,5254.0,5202.0,3975.0,6830.0,21.0,29.6,71.0,False,False,True,True,True,False,False,True,False,4,False,False,베이스 없음
20261002,086280,현대글로비스,KOSPI,201000,90292,202380.0,214830.0,217083.0,156100.0,296000.0,28.8,32.1,71.0,False,False,False,True,False,True,False,True,False,3,False,False,베이스 없음
20261002,168330,내츄럴엔도텍,KOSDAQ,2410,15708,2103.0,2247.0,2430.0,1668.0,4100.0,44.5,41.2,71.0,True,False,False,False,False,True,False,True,True,3,False,False,Stage2 아님
20261002,169330,엠브레인,KOSDAQ,1864,81474,1383.0,1693.0,1750.0,1175.0,2200.0,58.6,15.3,71.0,True,True,False,False,False,True,True,True,True,5,False,False,베이스 없음
20261002,214430,아이쓰리시스템,KOSDAQ,77900,84326,63714.0,78343.0,82183.0,49250.0,137900.0,58.2,43.5,71.0,True,False,False,False,False,True,False,True,True,3,False,False,베이스 없음
20261002,219550,디와이디,KOSDAQ,1191,8928,1232.0,1408.0,1390.0,798.0,2295.0,49.2,48.1,71.0,False,False,True,True,False,True,False,True,False,4,False,False,베이스 없음
20261002,227840,현대코퍼레이션홀딩스,KOSPI,12720,9840,12824.0,12547.0,12519.0,11140.0,14440.0,14.2,11.9,71.0,False,True,True,True,True,False,True,True,False,6,False,False,베이스 없음
20261002,237880,클리오,KOSDAQ,12060,19591,11950.0,11700.0,12098.0,8800.0,15330.0,37.0,21.3,71.0,False,False,False,False,False,True,True,True,True,4,False,False,베이스 없음
20261002,284740,쿠쿠홈시스,KOSPI,24800,9874,22728.0,23109.0,23388.0,20150.0,27950.0,23.1,11.3,71.0,True,True,False,False,False,False,True,True,True,4,False,False,베이스 없음
20261002,330590,롯데리츠,KOSPI,4055,149698,3868.0,4076.0,4109.0,3260.0,4900.0,24.4,17.2,71.0,True,False,False,True,False,False,True,True,True,4,False,False,베이스 없음
20261002,332370,아이디피,KOSDAQ,5440,5437,5364.0,5218.0,5200.0,4380.0,5740.0,24.2,5.2,71.0,False,True,True,True,True,False,True,True,True,7,False,False,베이스 없음
20261002,336370,솔루스첨단소재,KOSPI,8730,336348,7484.0,9204.0,8878.0,5330.0,16900.0,63.8,48.3,71.0,True,False,True,False,False,True,False,True,True,4,False,False,베이스 없음
20261002,399720,가온칩스,KOSDAQ,48500,131192,44731.0,54034.0,55336.0,34950.0,83200.0,38.8,41.7,71.0,True,False,False,False,False,True,False,True,True,3,False,False,베이스 없음
20261002,461300,아이스크림미디어,KOSDAQ,18460,13166,18038.0,17113.0,16910.0,14130.0,27550.0,30.6,33.0,71.0,True,True,True,True,True,True,False,True,True,7,False,False,베이스 없음
20261002,002355,넥센타이어1우B,KOSPI,3940,152,3896.0,4085.0,4026.0,3185.0,4770.0,23.7,17.4,70.0,False,False,True,True,False,False,True,True,True,5,False,False,베이스 없음
20250320,002410,범양건영,KOSPI,1935,936955,3013.0,2173.0,1970.0,985.0,4195.0,96.4,53.9,70.0,False,False,True,True,True,True,False,True,False,5,False,False,베이스 없음
20261002,002760,보락,KOSPI,999,42491,1000.0,1039.0,1061.0,814.0,1527.0,22.7,34.6,70.0,False,False,False,False,False,False,False,True,False,1,False,False,베이스 없음
20261002,003280,흥아해운,KOSPI,1858,2876162,1757.0,2255.0,2105.0,1524.0,4795.0,21.9,61.3,70.0,False,False,True,True,False,False,False,True,True,4,False,False,베이스 없음
20261002,003470,유안타증권,KOSPI,4345,180855,4556.0,4916.0,4712.0,3535.0,8400.0,22.9,48.3,70.0,False,False,True,True,False,False,False,True,False,3,False,False,1 형성중
20261002,003555,LG우,KOSPI,67000,1862,67828.0,69329.0,69303.0,61000.0,100600.0,9.8,33.4,70.0,False,False,True,True,False,False,False,True,False,3,False,False,베이스 없음
20261002,004700,조광피혁,KOSPI,66600,533,64886.0,65100.0,66227.0,57600.0,84300.0,15.6,21.0,70.0,False,True,False,False,False,False,True,True,True,4,False,False,베이스 없음
20261002,005945,NH투자증권우,KOSPI,22500,24835,23749.0,24950.0,24023.0,17400.0,31000.0,29.3,27.4,70.0,False,False,True,True,False,True,False,True,False,4,False,False,베이스 없음
20261002,013000,세우글로벌,KOSPI,1203,26364,1211.0,1241.0,1222.0,1021.0,1680.0,17.8,28.4,70.0,False,False,True,True,False,False,False,True,False,3,False,False,베이스 없음
20261002,016920,카스,KOSDAQ,1032,52570,1063.0,999.0,1010.0,782.0,1286.0,32.0,19.8,70.0,False,True,False,True,True,True,True,True,False,6,False,False,Stage2 아님
20261002,023450,동남합성,KOSPI,32000,633,30633.0,30110.0,30726.0,26100.0,34400.0,22.6,7.0,70.0,True,True,False,True,False,False,True,True,True,5,False,False,Stage2 아님
20261002,035810,이지홀딩스,KOSDAQ,4555,81289,4492.0,5072.0,5048.0,3615.0,9290.0,26.0,51.0,70.0,False,False,True,True,False,True,False,True,True,5,False,False,베이스 없음
20261002,041190,우리기술투자,KOSDAQ,6410,9147079,5349.0,5819.0,6302.0,3725.0,13140.0,72.1,51.2,70.0,True,True,False,False,False,True,False,True,True,4,False,False,베이스 없음
20261002,086390,유니테스트,KOSDAQ,15210,295944,10586.0,14281.0,14406.0,6030.0,23700.0,152.2,35.8,70.0,True,True,False,False,False,True,False,True,True,4,False,False,베이스 없음
20261002,102710,이엔에프테크놀로지,KOSDAQ,48600,68798,44324.0,48294.0,48793.0,33300.0,65000.0,45.9,25.2,70.0,False,False,False,False,False,True,False,True,True,3,False,False,베이스 없음
20261002,136490,선진,KOSPI,10130,24606,10237.0,10257.0,10330.0,8370.0,13950.0,21.0,27.4,70.0,False,False,False,True,False,False,False,True,False,2,False,False,베이스 없음
20261002,138360,앤로보틱스,KOSDAQ,1423,1781535,1789.0,2203.0,2119.0,728.0,4980.0,95.5,71.4,70.0,False,False,True,True,False,True,False,True,False,4,False,False,1 형성중
20261002,204320,HL만도,KOSPI,47300,145634,48833.0,52602.0,54308.0,32150.0,79100.0,47.1,40.2,70.0,False,False,False,True,False,True,False,True,False,3,False,False,베이스 없음
20261002,226320,잇츠한불,KOSPI,10710,10511,10349.0,10441.0,10713.0,8200.0,14200.0,30.6,24.6,70.0,False,False,False,False,False,True,True,True,True,4,False,False,베이스 없음
20261002,293940,신한알파리츠,KOSPI,5550,104656,5372.0,5520.0,5561.0,5040.0,6270.0,10.1,11.5,70.0,True,False,False,False,False,False,True,True,True,3,False,False,베이스 없음
20261002,415640,KB발해인프라,KOSPI,10040,38607,10414.0,10167.0,10115.0,8500.0,11380.0,18.1,11.8,70.0,False,False,True,True,True,False,True,True,False,5,False,False,1 형성중
20261002,439580,블루엠텍,KOSDAQ,2965,528359,2043.0,2581.0,3072.0,1341.0,6660.0,121.1,55.5,70.0,True,False,False,False,False,True,False,True,True,3,False,False,Stage2 아님
20260518,462020,,KOSDAQ,2120,36434,2097.0,2087.0,2078.0,2010.0,2120.0,5.5,0.0,70.0,False,True,True,True,True,False,True,True,True,7,False,False,Stage2 아님
20260608,464680,,KOSDAQ,2110,268143,2092.0,2079.0,2070.0,2015.0,2135.0,4.7,1.2,70.0,False,True,True,True,True,False,True,True,True,7,False,False,Stage2 아님
20260730,469880,,KOSDAQ,2115,89455,2103.0,2088.0,2082.0,2020.0,2145.0,4.7,1.4,70.0,True,True,True,True,True,False,True,True,True,7,False,False,Stage2 아님
20261002,473050,유안타제15호스팩,KOSDAQ,2105,129441,2095.0,2076.0,2070.0,2015.0,2115.0,4.5,0.5,70.0,True,True,True,True,True,False,True,True,True,7,False,False,Stage2 아님
20260512,482680,미래에셋비전스팩7호,KOSDAQ,2055,14740,2039.0,2025.0,2019.0,1977.0,2070.0,3.9,0.7,70.0,False,True,True,True,True,False,True,True,True,7,False,False,Stage2 아님
20261002,00088K,한화3우B,KOSPI,39400,14379,35650.0,41966.0,42404.0,27839.0,59202.0,41.5,33.4,69.0,True,False,False,True,False,True,False,False,True,3,False,False,베이스 없음
20261002,001060,JW중외제약,KOSPI,26800,21175,26340.0,28195.0,28516.0,20700.0,39250.0,29.5,31.7,69.0,False,False,False,True,False,True,False,False,True,3,False,False,베이스 없음
20261002,002900,TYM,KOSPI,6440,260592,6725.0,6888.0,6848.0,5380.0,9900.0,19.7,34.9,69.0,False,False,True,True,False,False,False,False,False,2,False,False,베이스 없음
20261002,003800,에이스침대,KOSDAQ,32200,1985,32707.0,33111.0,33054.0,26400.0,39850.0,22.0,19.2,69.0,False,False,True,True,False,False,True,False,False,3,False,False,베이스 없음
20261002,004560,현대비앤지스틸,KOSPI,12360,16250,11832.0,14026.0,13831.0,9250.0,25500.0,33.6,51.5,69.0,True,False,True,True,False,True,False,False,True,4,False,False,베이스 없음
20261002,008490,서흥,KOSPI,20300,8128,21874.0,20425.0,20723.0,16000.0,30800.0,26.9,34.1,69.0,False,False,False,False,True,True,False,False,False,2,False,False,베이스 없음
20261002,014440,영보화학,KOSPI,4735,10303,4643.0,4633.0,4680.0,4260.0,5410.0,11.2,12.5,69.0,False,True,False,True,False,False,True,False,True,4,False,False,베이스 없음
20261002,016610,DB증권,KOSPI,10500,26803,9611.0,11371.0,11558.0,7550.0,19350.0,39.1,45.7,69.0,True,False,False,False,False,True,False,False,True,2,False,False,베이스 없음
20261002,017250,인터엠,KOSDAQ,1055,6826,1015.0,1033.0,1029.0,777.0,1291.0,35.8,18.3,69.0,True,True,True,True,False,True,True,False,True,6,False,False,베이스 없음
20261002,024060,흥구석유,KOSDAQ,12140,1048310,11603.0,14745.0,14370.0,8920.0,36200.0,36.1,66.5,69.0,True,False,True,True,False,True,False,False,True,4,False,False,베이스 없음
20261002,025530,SJM홀딩스,KOSPI,3680,3152,3578.0,3593.0,3631.0,3180.0,4005.0,15.7,8.1,69.0,True,True,False,False,False,False,True,False,True,3,False,False,베이스 없음
20261002,054940,엑사이엔씨,KOSDAQ,3545,29979,3696.0,3569.0,3517.0,2815.0,5150.0,25.9,31.2,69.0,False,False,True,True,True,True,False,False,False,4,False,False,1 형성중
20261002,067630,HLB생명과학,KOSDAQ,3575,446568,2668.0,3277.0,3489.0,1608.0,5330.0,122.3,32.9,69.0,True,True,False,False,False,True,False,False,True,3,False,False,베이스 없음
20261002,082740,한화엔진,KOSPI,48600,382908,46616.0,53457.0,52585.0,35800.0,94400.0,35.8,48.5,69.0,True,False,True,True,False,True,False,False,True,4,False,False,베이스 없음
20261002,090710,휴림로봇,KOSDAQ,6490,1315973,6580.0,9563.0,9786.0,3080.0,26600.0,110.7,75.6,69.0,False,False,False,True,False,True,False,False,False,2,False,False,베이스 없음
20261002,109860,동일금속,KOSDAQ,7800,935,7412.0,7371.0,7470.0,6910.0,8480.0,12.9,8.0,69.0,True,True,False,False,False,False,True,False,True,3,False,False,베이스 없음
20261002,123890,한국자산신탁,KOSPI,2410,122377,2430.0,2482.0,2499.0,2040.0,3470.0,18.1,30.5,69.0,False,False,False,True,False,False,False,False,False,1,False,False,베이스 없음
20261002,134380,미원화학,KOSPI,10130,6860,10344.0,10911.0,10638.0,8320.0,15400.0,21.8,34.2,69.0,False,False,True,True,False,False,False,False,False,2,False,False,베이스 없음
20261002,161000,애경케미칼,KOSPI,11040,493823,9663.0,11153.0,10828.0,7000.0,19960.0,57.7,44.7,69.0,True,False,True,False,False,True,False,False,True,3,False,False,베이스 없음
20261002,188260,세니젠,KOSDAQ,2070,8511,2019.0,1912.0,1918.0,1341.0,2890.0,54.4,28.4,69.0,True,True,False,False,True,True,False,False,True,4,False,False,Stage2 아님
20261002,250060,모비스,KOSDAQ,3180,191346,2892.0,3669.0,3857.0,2130.0,9440.0,49.3,66.3,69.0,True,False,False,True,False,True,False,False,True,3,False,False,베이스 없음
20261002,277810,레인보우로보틱스,KOSDAQ,448500,64409,449740.0,573013.0,568878.0,287500.0,979000.0,56.0,54.2,69.0,False,False,True,True,False,True,False,False,False,3,False,False,베이스 없음
20261002,383800,LX홀딩스,KOSPI,8040,60872,8009.0,8216.0,8249.0,7060.0,10340.0,13.9,22.2,69.0,False,False,False,False,False,False,True,False,True,2,False,False,베이스 없음
20260914,465320,,KOSDAQ,2135,169387,2116.0,2105.0,2104.0,2001.0,2140.0,6.7,0.2,69.0,False,True,True,True,True,False,True,False,True,6,False,False,Stage2 아님
20261002,469900,하나31호스팩,KOSDAQ,2100,34169,2090.0,2078.0,2076.0,2030.0,2135.0,3.4,1.6,69.0,True,True,True,True,True,False,True,False,True,6,False,False,Stage2 아님
20261002,472230,에스케이증권제11호스팩,KOSDAQ,2105,54835,2094.0,2076.0,2070.0,2030.0,2110.0,3.7,0.2,69.0,True,True,True,True,True,False,True,False,True,6,False,False,Stage2 아님
20261002,474490,유안타제16호스팩,KOSDAQ,2080,56,2071.0,2056.0,2050.0,2005.0,2155.0,3.7,3.5,69.0,False,True,True,True,True,False,True,False,True,6,False,False,Stage2 아님
20261002,477340,에이치엠씨제7호스팩,KOSDAQ,2065,3744,2054.0,2041.0,2036.0,2000.0,2180.0,3.2,5.3,69.0,False,True,True,True,True,False,True,False,True,6,False,False,Stage2 아님
20261002,000520,삼일제약,KOSPI,8640,99722,6847.0,7957.0,8501.0,5500.0,12860.0,57.1,32.8,68.0,True,True,False,False,False,True,False,False,True,3,False,False,베이스 없음
20261002,003650,미창석유,KOSPI,123000,1947,137626.0,128692.0,127170.0,104000.0,169000.0,18.3,27.2,68.0,False,False,True,True,True,False,False,False,False,3,False,False,베이스 없음
20261002,004590,한국가구,KOSDAQ,5260,16968,5132.0,5349.0,5263.0,4375.0,8590.0,20.2,38.8,68.0,True,False,True,True,False,False,False,False,True,3,False,False,베이스 없음
20261002,007980,TP,KOSPI,1794,175134,1745.0,1831.0,1850.0,1520.0,2235.0,18.0,19.7,68.0,False,False,False,False,False,False,True,False,True,2,False,False,베이스 없음
20261002,014530,극동유화,KOSPI,3395,75681,3252.0,3503.0,3490.0,2950.0,6470.0,15.1,47.5,68.0,False,False,True,True,False,False,False,False,True,3,False,False,베이스 없음
20261002,017550,수산세보틱스,KOSPI,1870,156496,1791.0,2176.0,2068.0,1330.0,4045.0,40.6,53.8,68.0,True,False,True,True,False,True,False,False,True,4,False,False,베이스 없음
20261002,021050,서원,KOSPI,1125,99567,1076.0,1210.0,1200.0,885.0,1990.0,27.1,43.5,68.0,False,False,True,True,False,True,False,False,True,4,False,False,베이스 없음
20261002,032280,삼일,KOSDAQ,1309,6403,1337.0,1332.0,1351.0,995.0,1510.0,31.6,13.3,68.0,False,False,False,False,False,True,True,False,False,2,False,False,베이스 없음
20261002,034020,두산에너빌리티,KOSPI,81400,1806290,79364.0,93527.0,91814.0,57000.0,139200.0,42.8,41.5,68.0,True,False,True,True,False,True,False,False,True,4,False,False,베이스 없음
20261002,053690,한미글로벌,KOSPI,20800,118499,19913.0,21779.0,20987.0,13740.0,34750.0,51.4,40.1,68.0,True,False,True,True,False,True,False,False,True,4,False,False,베이스 없음
20261002,054780,키이스트,KOSDAQ,2225,1069278,1387.0,1876.0,2226.0,1001.0,6270.0,122.3,64.5,68.0,True,False,False,False,False,True,False,False,True,2,False,False,베이스 없음
20261002,058650,세아홀딩스,KOSPI,127800,566,127472.0,138678.0,140532.0,105000.0,184800.0,21.7,30.8,68.0,False,False,False,True,False,False,False,False,True,2,False,False,베이스 없음
20261002,071280,로체시스템즈,KOSDAQ,8630,115840,6854.0,7705.0,8104.0,5150.0,14070.0,67.6,38.7,68.0,True,True,False,False,False,True,False,False,True,3,False,False,베이스 없음
20261002,091440,한울소재과학,KOSDAQ,2795,312183,2906.0,2832.0,2867.0,1790.0,3950.0,56.1,29.2,68.0,False,False,False,True,True,True,False,False,False,3,False,False,1 형성중
20261002,107640,한중엔시에스,KOSDAQ,42300,79969,36987.0,44931.0,45782.0,23200.0,73000.0,82.3,42.1,68.0,True,False,False,False,False,True,False,False,True,2,False,False,베이스 없음
20261002,192080,더블유게임즈,KOSPI,57800,19970,59030.0,58523.0,57262.0,47000.0,76500.0,23.0,24.4,68.0,False,False,True,True,True,False,True,False,False,4,False,False,1 형성중
20261002,285130,SK케미칼,KOSPI,51900,28238,48283.0,49700.0,54173.0,35850.0,81800.0,44.8,36.6,68.0,True,False,False,False,False,True,False,False,True,2,False,False,베이스 없음
20261002,296640,이노에이엑스,KOSDAQ,6090,14121,5601.0,6438.0,6186.0,3510.0,9990.0,73.5,39.0,68.0,False,False,True,True,False,True,False,False,True,4,False,False,베이스 없음
20261002,448280,에코아이,KOSDAQ,9370,8814,8509.0,9665.0,9942.0,5840.0,15240.0,60.4,38.5,68.0,True,False,False,False,False,True,False,False,True,2,False,False,베이스 없음
20261002,473000,에스케이증권제12호스팩,KOSDAQ,2080,1234,2070.0,2061.0,2058.0,2020.0,2200.0,3.0,5.5,68.0,False,True,True,True,True,False,True,False,True,6,False,False,Stage2 아님
20261002,473950,에스케이증권제13호스팩,KOSDAQ,2060,3,2045.0,2040.0,2040.0,2010.0,2140.0,2.5,3.7,68.0,False,True,True,True,True,False,True,False,True,6,False,False,Stage2 아님
20261002,474660,신한제12호스팩,KOSDAQ,2085,32251,2080.0,2064.0,2066.0,2020.0,2150.0,3.2,3.0,68.0,False,True,False,True,True,False,True,False,True,5,False,False,Stage2 아님
20261002,478110,이베스트스팩6호,KOSDAQ,2055,649,2047.0,2039.0,2035.0,2000.0,2085.0,2.8,1.4,68.0,False,True,True,True,True,False,True,False,True,6,False,False,Stage2 아님
20261002,478440,미래에셋비전스팩6호,KOSDAQ,2067,2105,2058.0,2053.0,2053.0,2010.0,2090.0,2.8,1.1,68.0,False,True,True,True,True,False,True,False,True,6,False,False,Stage2 아님
20261002,479880,한국제15호스팩,KOSDAQ,2075,10042,2061.0,2058.0,2058.0,2000.0,2100.0,3.8,1.2,68.0,False,True,True,True,True,False,True,False,True,6,False,False,Stage2 아님
20260918,482520,교보16호스팩,KOSDAQ,2065,109,2045.0,2048.0,2052.0,1991.0,2150.0,3.7,4.0,68.0,False,True,False,True,False,False,True,False,True,4,False,False,Stage2 아님
20261002,493790,유안타제17호스팩,KOSDAQ,2025,186,2017.0,2015.0,2012.0,1971.0,2040.0,2.7,0.7,68.0,False,True,True,True,True,False,True,False,True,6,False,False,Stage2 아님
20261002,000325,노루홀딩스우,KOSPI,28800,23,25975.0,27909.0,28742.0,17550.0,40000.0,64.1,28.0,67.0,True,True,False,False,False,True,False,False,True,3,False,False,베이스 없음
20261002,000640,동아쏘시오홀딩스,KOSPI,94500,12659,91076.0,92196.0,96116.0,74500.0,121887.0,26.8,22.5,67.0,True,False,False,False,False,True,True,False,True,3,False,False,베이스 없음
20261002,001940,KISCO홀딩스,KOSPI,25650,4081,26727.0,25457.0,25430.0,20150.0,28650.0,27.3,10.5,67.0,False,True,True,True,True,True,True,False,False,6,False,False,1 형성중
20261002,003240,태광산업,KOSPI,892000,1590,901280.0,1006773.0,964050.0,708000.0,1634000.0,26.0,45.4,67.0,False,False,True,True,False,True,False,False,False,3,False,False,베이스 없음
20261002,004960,한신공영,KOSPI,10960,19318,11096.0,12430.0,12066.0,7280.0,19510.0,50.5,43.8,67.0,False,False,True,True,False,True,False,False,False,3,False,False,베이스 없음
20261002,006730,서부T&D,KOSDAQ,11400,466159,10721.0,11989.0,12609.0,8450.0,20450.0,34.9,44.3,67.0,True,False,False,True,False,True,False,False,True,3,False,False,베이스 없음
20261002,011780,금호석유화학,KOSPI,117500,30400,122064.0,126828.0,128424.0,102800.0,162300.0,14.3,27.6,67.0,False,False,False,True,False,False,False,False,False,1,False,False,베이스 없음
20261002,012200,계양전기,KOSPI,3125,530377,3757.0,5466.0,5789.0,1253.0,13494.0,149.4,76.8,67.0,False,False,False,True,False,True,False,False,False,2,False,False,베이스 없음
20261002,015590,DKME,KOSPI,2380,139399,1761.0,2189.0,2285.0,1341.0,4260.0,77.5,44.1,67.0,True,True,False,False,False,True,False,False,True,3,False,False,베이스 없음
20261002,033050,제이엠아이,KOSDAQ,810,44291,843.0,873.0,862.0,659.0,1122.0,22.9,27.8,67.0,False,False,True,True,False,False,False,False,False,2,False,False,베이스 없음
20261002,034590,인천도시가스,KOSPI,26300,3934,26476.0,26509.0,26367.0,24600.0,28300.0,6.9,7.1,67.0,False,False,True,True,False,False,True,False,False,3,False,False,Stage2 아님
20261002,035510,신세계 I&C,KOSPI,15450,83907,13925.0,16061.0,16322.0,10310.0,29300.0,49.9,47.3,67.0,True,False,False,False,False,True,False,False,True,2,False,False,베이스 없음
20261002,036030,케이티알파,KOSDAQ,5000,25367,4724.0,4739.0,4859.0,4220.0,6100.0,18.5,18.0,67.0,True,True,False,False,False,False,True,False,True,3,False,False,베이스 없음
20261002,083470,이엠앤아이,KOSDAQ,916,48442,879.0,939.0,920.0,610.0,1550.0,50.2,40.9,67.0,False,False,True,True,False,True,False,False,True,4,False,False,베이스 없음
20261002,089010,켐트로닉스,KOSDAQ,28300,445681,22335.0,27942.0,28976.0,16250.0,48900.0,74.2,42.1,67.0,True,False,False,False,False,True,False,False,True,2,False,False,베이스 없음
20261002,090355,노루페인트우,KOSPI,12290,23,11430.0,11912.0,12179.0,9950.0,15500.0,23.5,20.7,67.0,True,True,False,False,False,False,True,False,True,3,False,False,베이스 없음
20261002,110020,전진바이오팜,KOSDAQ,2200,11902,1991.0,2038.0,2145.0,1482.0,3485.0,48.4,36.9,67.0,True,True,False,False,False,True,False,False,True,3,False,False,베이스 없음
20261002,153490,우리이앤엘하루틴,KOSDAQ,3035,5577,2506.0,3254.0,3278.0,1541.0,4840.0,97.0,37.3,67.0,True,False,False,False,False,True,False,False,True,2,False,False,베이스 없음
20260324,246720,아스타,KOSDAQ,6070,25650,7810.0,7663.0,6997.0,3810.0,11080.0,59.3,45.2,67.0,False,False,True,True,True,True,False,False,False,4,False,False,베이스 없음
20261002,298020,효성티앤씨,KOSPI,274500,21241,323330.0,362250.0,346682.0,199000.0,557000.0,37.9,50.7,67.0,False,False,True,True,False,True,False,False,False,3,False,False,베이스 없음
20261002,308080,바이젠셀,KOSDAQ,5850,48268,5779.0,6945.0,7619.0,3070.0,17360.0,90.6,66.3,67.0,False,False,False,True,False,True,False,False,True,3,False,False,베이스 없음
20261002,317770,엑스페릭스,KOSDAQ,2980,247580,2561.0,2920.0,2920.0,2010.0,4735.0,48.3,37.1,67.0,True,True,True,False,False,True,False,False,True,4,False,False,베이스 없음
20261002,475250,하나33호스팩,KOSDAQ,2095,5205,2076.0,2082.0,2087.0,2025.0,2130.0,3.5,1.6,67.0,False,True,False,False,False,False,True,False,True,3,False,False,Stage2 아님
20261002,477380,미래에셋비전스팩4호,KOSDAQ,2075,7975,2071.0,2068.0,2073.0,1980.0,2130.0,4.8,2.6,67.0,False,True,False,True,False,False,True,False,True,4,False,False,Stage2 아님
20261002,478390,KB제29호스팩,KOSDAQ,2075,779,2061.0,2062.0,2065.0,2005.0,2155.0,3.5,3.7,67.0,False,True,False,True,False,False,True,False,True,4,False,False,Stage2 아님
20261002,486630,KB제30호스팩,KOSDAQ,2050,2437,2040.0,2051.0,2054.0,2000.0,2160.0,2.5,5.1,67.0,False,False,False,True,False,False,True,False,True,3,False,False,Stage2 아님
20261002,487360,신한제14호스팩,KOSDAQ,2045,7546,2023.0,2036.0,2042.0,1900.0,2135.0,7.6,4.2,67.0,False,True,False,False,False,False,True,False,True,3,False,False,Stage2 아님
20261002,003720,삼영,KOSPI,6470,164129,6472.0,7781.0,7440.0,4365.0,13980.0,48.2,53.7,66.0,False,False,True,False,False,True,False,False,False,2,False,False,베이스 없음
20261002,0037T0,KB제32호스팩,KOSDAQ,2010,5608,1991.0,2005.0,2007.0,1901.0,2055.0,5.7,2.2,66.0,False,True,False,False,False,False,True,False,True,3,False,False,Stage2 아님
20261002,005490,POSCO홀딩스,KOSPI,311500,168229,322350.0,358807.0,353602.0,258500.0,542000.0,20.5,42.5,66.0,False,False,True,True,False,False,False,False,False,2,False,False,베이스 없음
20261002,005820,원림,KOSPI,14500,194,14519.0,14931.0,14881.0,12580.0,17900.0,15.3,19.0,66.0,False,False,True,True,False,False,True,False,False,3,False,False,베이스 없음
20261002,009160,SIMPAC,KOSPI,4930,25799,4841.0,5024.0,5051.0,3725.0,6900.0,32.3,28.6,66.0,False,False,False,True,False,True,False,False,True,3,False,False,베이스 없음
20261002,009240,한샘,KOSPI,39550,22829,39006.0,38131.0,40012.0,28300.0,54800.0,39.8,27.8,66.0,False,False,False,False,False,True,False,False,True,2,False,False,베이스 없음
20261002,009900,명신산업,KOSPI,8550,148633,7713.0,9029.0,9064.0,5390.0,14940.0,58.6,42.8,66.0,True,False,False,False,False,True,False,False,True,2,False,False,베이스 없음
20261002,012450,한화에어로스페이스,KOSPI,1069000,105107,1050520.0,1188073.0,1169190.0,783000.0,1655000.0,36.5,35.4,66.0,False,False,True,True,False,True,False,False,True,4,False,False,베이스 없음
20261002,014620,성광벤드,KOSDAQ,30650,104775,29116.0,32470.0,31746.0,22550.0,53300.0,35.9,42.5,66.0,True,False,True,True,False,True,False,False,True,4,False,False,베이스 없음
20261002,019540,일지테크,KOSDAQ,5080,22363,5676.0,6096.0,5737.0,3715.0,8240.0,36.7,38.3,66.0,False,False,True,True,False,True,False,False,False,3,False,False,베이스 없음
20261002,094970,제이엠티,KOSDAQ,2870,120576,2772.0,3002.0,2930.0,2265.0,4275.0,26.7,32.9,66.0,True,False,True,False,False,True,False,False,True,3,False,False,베이스 없음
20261002,120115,코오롱인더우,KOSPI,25300,630,24858.0,26222.0,26157.0,21500.0,33000.0,17.7,23.3,66.0,False,False,True,True,False,False,True,False,True,4,False,False,베이스 없음
20261002,215790,이노인스트루먼트,KOSDAQ,663,1415798,726.0,1118.0,980.0,252.0,5080.0,163.1,86.9,66.0,False,False,True,True,False,True,False,False,False,3,False,False,베이스 없음
20261002,222080,SFA넥셀,KOSDAQ,8360,701485,7572.0,10611.0,10245.0,5690.0,19880.0,46.9,57.9,66.0,True,False,True,True,False,True,False,False,True,4,False,False,베이스 없음
20261002,225570,넥슨게임즈,KOSDAQ,10790,60076,10179.0,10447.0,10952.0,7860.0,15420.0,37.3,30.0,66.0,True,False,False,False,False,True,False,False,True,2,False,False,베이스 없음
20261002,236810,엔비티,KOSDAQ,1608,21025,1527.0,1569.0,1703.0,901.0,4160.0,78.5,61.3,66.0,True,False,False,False,False,True,False,False,True,2,False,False,1 형성중
20261002,256150,한독크린텍,KOSDAQ,5020,1499,4754.0,4936.0,5034.0,4240.0,5990.0,18.4,16.2,66.0,True,False,False,False,False,False,True,False,True,2,False,False,Stage2 아님
20261002,265520,AP시스템,KOSDAQ,20650,58548,19132.0,21589.0,21270.0,15600.0,31100.0,32.4,33.6,66.0,True,False,True,False,False,True,False,False,True,3,False,False,베이스 없음
20261002,352090,스톰테크,KOSDAQ,3680,21176,3630.0,3639.0,3626.0,3330.0,4200.0,10.5,12.4,66.0,False,True,True,True,False,False,True,False,True,5,False,False,베이스 없음
20261002,373220,LG에너지솔루션,KOSPI,369000,210285,352010.0,383357.0,387260.0,290500.0,527000.0,27.0,30.0,66.0,False,False,False,False,False,True,False,False,True,2,False,False,베이스 없음
20261002,483650,달바글로벌,KOSPI,183400,57269,211786.0,200117.0,188504.0,116200.0,283000.0,57.8,35.2,66.0,False,False,True,True,True,True,False,False,False,4,False,False,베이스 없음
20261002,487830,신한제15호스팩,KOSDAQ,2055,55887,2036.0,2045.0,2052.0,2000.0,2345.0,2.8,12.4,66.0,False,True,False,True,False,False,True,False,True,4,False,False,Stage2 아님
20261002,488060,유진스팩11호,KOSDAQ,2040,1668,2035.0,2041.0,2042.0,2000.0,2150.0,2.0,5.1,66.0,False,False,False,True,False,False,True,False,True,3,False,False,Stage2 아님
20261002,489210,교보17호스팩,KOSDAQ,2070,909,2041.0,2070.0,2084.0,1991.0,2205.0,4.0,6.1,66.0,False,False,False,False,False,False,True,False,True,2,False,False,Stage2 아님
20261002,489500,엘케이켐,KOSDAQ,24450,30726,20650.0,27292.0,28455.0,14550.0,59500.0,68.0,58.9,66.0,True,False,False,True,False,True,False,False,True,3,False,False,Stage2 아님
20261002,492220,KB제31호스팩,KOSDAQ,2030,758,2022.0,2036.0,2034.0,1985.0,2110.0,2.3,3.8,66.0,False,False,True,True,False,False,True,False,True,4,False,False,Stage2 아님
20260114,000300,DH오토넥스,KOSPI,4200,0,4200.0,4200.0,4200.0,4200.0,4200.0,0.0,0.0,65.0,False,False,False,False,False,False,True,False,False,1,False,False,베이스 없음
20261002,000390,SP삼화,KOSPI,7100,27724,6436.0,7524.0,7498.0,5180.0,14300.0,37.1,50.3,65.0,True,False,True,True,False,True,False,False,True,4,False,False,베이스 없음
20261002,001067,JW중외제약2우B,KOSPI,51000,19,46667.0,49672.0,52201.0,38500.0,61500.0,32.5,17.1,65.0,True,False,False,False,False,True,True,False,True,3,False,False,Stage2 아님
20260901,001470,삼부토건,KOSPI,5820,0,5820.0,5820.0,5820.0,5820.0,5820.0,0.0,0.0,65.0,False,False,False,False,False,False,True,False,False,1,False,False,베이스 없음
20261002,001800,오리온홀딩스,KOSPI,23100,43891,25386.0,24979.0,24053.0,18360.0,29950.0,25.8,22.9,65.0,False,False,True,True,True,True,True,False,False,5,False,False,베이스 없음
20261002,004170,신세계,KOSPI,332000,49671,405390.0,458157.0,415300.0,170200.0,792000.0,95.1,58.1,65.0,False,False,True,True,False,True,False,False,False,3,False,False,베이스 없음
20261002,0044K0,삼성스팩10호,KOSDAQ,2000,6335,1988.0,2015.0,2014.0,1970.0,2150.0,1.5,7.0,65.0,False,False,True,False,False,False,True,False,True,3,False,False,Stage2 아님
20261002,005725,넥센우,KOSPI,4460,2074,4334.0,4409.0,4454.0,3910.0,5570.0,14.1,19.9,65.0,False,True,False,False,False,False,True,False,True,3,False,False,베이스 없음
20261002,005810,풍산홀딩스,KOSPI,36950,8214,36850.0,38640.0,38686.0,29450.0,60900.0,25.5,39.3,65.0,False,False,False,True,False,True,False,False,True,3,False,False,베이스 없음
20261002,009780,엠에스씨,KOSDAQ,7480,64071,6711.0,6739.0,7009.0,5740.0,12400.0,30.3,39.7,65.0,True,True,False,False,False,True,False,False,True,3,False,False,베이스 없음
20261002,011930,신성이엔지,KOSPI,19940,677973,16252.0,23533.0,22087.0,11300.0,49700.0,76.5,59.9,65.0,True,False,True,True,False,True,False,False,True,4,False,False,베이스 없음
20261002,036460,한국가스공사,KOSPI,35850,194155,35711.0,35820.0,37038.0,31150.0,45700.0,15.1,21.6,65.0,False,False,False,False,False,False,True,False,True,2,False,False,베이스 없음
20260804,066790,씨씨에스,KOSDAQ,2205,0,2205.0,2205.0,2205.0,2205.0,2205.0,0.0,0.0,65.0,True,False,False,False,False,False,True,False,False,1,False,False,베이스 없음
20261002,067390,아스트,KOSDAQ,5710,54543,5274.0,6287.0,6282.0,3990.0,10390.0,43.1,45.0,65.0,True,False,True,True,False,True,False,False,True,4,False,False,1 형성중
20260828,080720,한국유니온제약,KOSDAQ,2410,0,2410.0,2410.0,2410.0,2410.0,2410.0,0.0,0.0,65.0,True,False,False,False,False,False,True,False,False,1,False,False,베이스 없음
20261002,100250,진양홀딩스,KOSPI,3045,23668,3074.0,3031.0,3041.0,2790.0,3360.0,9.1,9.4,65.0,False,True,False,False,True,False,True,False,False,3,False,False,Stage2 아님
20260213,182400,엔케이젠바이오텍코리아,KOSDAQ,3670,0,3670.0,3670.0,3670.0,3670.0,3670.0,0.0,0.0,65.0,False,False,False,False,False,False,True,False,False,1,False,False,Stage2 아님
20251002,217480,에스디생명공학,KOSDAQ,499,0,499.0,499.0,499.0,499.0,499.0,0.0,0.0,65.0,False,False,False,False,False,False,True,False,False,1,False,False,Stage2 아님
20261002,222420,쎄노텍,KOSDAQ,979,129900,906.0,1154.0,1143.0,680.0,2145.0,44.0,54.4,65.0,True,False,True,True,False,True,False,False,True,4,False,False,베이스 없음
20261002,226590,엠디바이스,KOSDAQ,15060,76369,12423.0,18802.0,18088.0,8010.0,38000.0,88.0,60.4,65.0,True,False,True,False,False,True,False,False,True,3,False,False,베이스 없음
20260612,245620,EDGC,KOSDAQ,741,0,741.0,741.0,741.0,741.0,741.0,0.0,0.0,65.0,False,False,False,False,False,False,True,False,False,1,False,False,Stage2 아님
20261002,267250,HD현대,KOSPI,200500,148361,218970.0,242537.0,238122.0,148100.0,333000.0,35.4,39.8,65.0,False,False,True,True,False,True,False,False,False,3,False,False,베이스 없음
20261002,397810,애드포러스,KOSDAQ,6600,136,6197.0,5931.0,6378.0,4000.0,12200.0,65.0,45.9,65.0,False,True,False,False,False,True,False,False,True,3,False,False,Stage2 아님
20261002,432720,퀄리타스반도체,KOSDAQ,12170,264854,9063.0,13189.0,13300.0,5720.0,32150.0,112.8,62.1,65.0,True,False,False,False,False,True,False,False,True,2,False,False,베이스 없음
20261002,462860,더즌,KOSDAQ,2960,994313,2559.0,2895.0,3225.0,1588.0,5530.0,86.4,46.5,65.0,True,False,False,False,False,True,False,False,True,2,False,False,Stage2 아님
20261002,469480,IBKS제24호스팩,KOSDAQ,3360,127859,3293.0,3405.0,3417.0,2770.0,4105.0,21.3,18.1,65.0,False,False,False,False,False,False,True,False,True,2,False,False,Stage2 아님
20261002,484130,하나34호스팩,KOSDAQ,2045,845,2028.0,2042.0,2048.0,2000.0,2150.0,2.2,4.9,65.0,False,False,False,False,False,False,True,False,True,2,False,False,Stage2 아님
20261002,001200,유진투자증권,KOSPI,4095,182309,4245.0,4684.0,4475.0,3325.0,6920.0,23.2,40.8,64.0,False,False,True,True,False,False,False,False,False,2,False,False,1 형성중
20261002,002840,미원상사,KOSPI,135700,1018,129928.0,131031.0,135310.0,109100.0,161900.0,24.4,16.2,64.0,True,True,False,False,False,False,True,False,True,3,False,False,베이스 없음
20261002,0041L0,하나35호스팩,KOSDAQ,1996,23786,1992.0,2004.0,2005.0,1900.0,2055.0,5.1,2.9,64.0,False,False,False,False,False,False,True,False,True,2,False,False,Stage2 아님
20261002,004690,삼천리,KOSPI,127300,2784,127230.0,130193.0,130920.0,107600.0,161900.0,18.3,21.4,64.0,False,False,False,True,False,False,True,False,True,3,False,False,베이스 없음
20261002,005380,현대차,KOSPI,347000,451604,389100.0,496533.0,473312.0,212000.0,783000.0,63.7,55.7,64.0,False,False,True,True,False,True,False,False,False,3,False,False,베이스 없음
20261002,009320,아진전자부품,KOSPI,972,63534,985.0,997.0,1004.0,793.0,1382.0,22.6,29.7,64.0,False,False,False,True,False,False,False,False,False,1,False,False,베이스 없음
20261002,024720,콜마홀딩스,KOSPI,9290,23628,9578.0,9185.0,9348.0,7200.0,13470.0,29.0,31.0,64.0,False,False,False,False,True,True,False,False,False,2,False,False,베이스 없음
20261002,025770,한국정보통신,KOSDAQ,7820,15468,7917.0,8442.0,8308.0,6915.0,16500.0,13.1,52.6,64.0,False,False,True,False,False,False,False,False,False,1,False,False,베이스 없음
20261002,027710,팜스토리,KOSDAQ,1118,91116,1094.0,1190.0,1181.0,925.0,1656.0,20.9,32.5,64.0,True,False,True,False,False,False,False,False,True,2,False,False,베이스 없음
20261002,033170,시그네틱스,KOSDAQ,3095,297133,2000.0,2983.0,3241.0,1600.0,5915.0,93.4,47.7,64.0,True,False,False,False,False,True,False,False,True,2,False,False,베이스 없음
20261002,037440,희림,KOSDAQ,4150,82952,4060.0,4580.0,4550.0,3095.0,7460.0,34.1,44.4,64.0,False,False,True,False,False,True,False,False,True,3,False,False,베이스 없음
20261002,043360,디지아이,KOSDAQ,2275,9232,2329.0,2463.0,2445.0,1871.0,4310.0,21.6,47.2,64.0,False,False,True,True,False,False,False,False,False,2,False,False,1 형성중
20261002,049800,우진플라임,KOSPI,2005,94929,1828.0,2158.0,2155.0,1580.0,3700.0,26.9,45.8,64.0,True,False,True,False,False,True,False,False,True,3,False,False,베이스 없음
20261002,053620,태양,KOSDAQ,6640,10077,6740.0,6845.0,6763.0,5910.0,8210.0,12.4,19.1,64.0,False,False,True,True,False,False,True,False,False,3,False,False,Stage2 아님
20261002,064240,홈캐스트,KOSDAQ,1797,11426,1647.0,1781.0,1820.0,1186.0,2540.0,51.5,29.3,64.0,True,False,False,False,False,True,False,False,True,2,False,False,베이스 없음
20261002,117730,티로보틱스,KOSDAQ,15090,142595,13411.0,16396.0,17785.0,9800.0,30900.0,54.0,51.2,64.0,True,False,False,False,False,True,False,False,True,2,False,False,베이스 없음
20261002,148780,비큐AI,KOSDAQ,3985,43190,3580.0,4320.0,5048.0,1862.0,10025.0,114.0,60.2,64.0,True,False,False,False,False,True,False,False,True,2,False,False,베이스 없음
20261002,248070,솔루엠,KOSPI,16710,1237252,13615.0,16567.0,16519.0,11520.0,24350.0,45.1,31.4,64.0,True,True,True,False,False,True,False,False,True,4,False,False,베이스 없음
20261002,260970,에스앤디,KOSDAQ,61200,8608,54529.0,54411.0,58116.0,42100.0,121100.0,45.4,49.5,64.0,True,True,False,False,False,True,False,False,True,3,False,False,베이스 없음
20261002,318010,팜스빌,KOSDAQ,3510,452,3634.0,3568.0,3548.0,3135.0,4320.0,12.0,18.8,64.0,False,False,True,True,True,False,True,False,False,4,False,False,Stage2 아님
20261002,367000,플래티어,KOSDAQ,3580,14723,3299.0,3461.0,3622.0,2445.0,5200.0,46.4,31.2,64.0,True,False,False,False,False,True,False,False,True,2,False,False,베이스 없음
20260617,464440,,KOSDAQ,2115,56266,2096.0,2106.0,2110.0,1939.0,2200.0,9.1,3.9,64.0,False,True,False,False,False,False,True,False,True,3,False,False,Stage2 아님
20261002,474930,신한제13호스팩,KOSDAQ,2115,102332,2093.0,2108.0,2118.0,2045.0,2255.0,3.4,6.2,64.0,False,False,False,False,False,False,True,False,True,2,False,False,Stage2 아님
20261002,475240,하나32호스팩,KOSDAQ,2090,15158,2090.0,2095.0,2099.0,2005.0,2200.0,4.2,5.0,64.0,False,False,False,False,False,False,True,False,True,2,False,False,Stage2 아님
20261002,487720,키움제10호스팩,KOSDAQ,2060,464,2027.0,2041.0,2054.0,1990.0,2130.0,3.5,3.3,64.0,False,True,False,False,False,False,True,False,True,3,False,False,Stage2 아님
20261002,489730,디비금융제13호스팩,KOSDAQ,2030,1237,2031.0,2047.0,2047.0,1923.0,2130.0,5.6,4.7,64.0,False,False,False,True,False,False,True,False,False,2,False,False,Stage2 아님
20261002,496070,신한제16호스팩,KOSDAQ,2010,62,2001.0,2013.0,2017.0,1974.0,2070.0,1.8,2.9,64.0,False,False,False,False,False,False,True,False,True,2,False,False,Stage2 아님
20261002,002795,아모레퍼시픽홀딩스우,KOSPI,11020,6437,11041.0,11259.0,11495.0,9740.0,13810.0,13.1,20.2,63.0,False,False,False,False,False,False,True,False,False,1,False,False,베이스 없음
20261002,0041J0,엘에스스팩1호,KOSDAQ,1986,2035,1986.0,2001.0,2003.0,1900.0,2065.0,4.5,3.8,63.0,False,False,False,False,False,False,True,False,False,1,False,False,Stage2 아님
20261002,004410,서울식품,KOSPI,1225,97067,1156.0,1381.0,1412.0,870.0,2830.0,40.8,56.7,63.0,True,False,False,False,False,True,False,False,True,2,False,False,베이스 없음
20261002,005500,삼진제약,KOSPI,19090,41276,18306.0,18690.0,18936.0,16580.0,25900.0,15.1,26.3,63.0,True,True,False,False,False,False,False,False,True,2,False,False,베이스 없음
20261002,007540,샘표,KOSPI,46550,7496,45457.0,48061.0,48498.0,39750.0,73100.0,17.1,36.3,63.0,True,False,False,False,False,False,False,False,True,1,False,False,베이스 없음
20261002,010240,흥국,KOSDAQ,5230,3841,5387.0,5435.0,5370.0,4750.0,6110.0,10.1,14.4,63.0,False,False,True,True,False,False,True,False,False,3,False,False,베이스 없음
20261002,017480,삼현철강,KOSDAQ,4700,13910,4790.0,4759.0,4688.0,4110.0,6140.0,14.4,23.5,63.0,False,False,True,True,True,False,True,False,False,4,False,False,1 형성중
20261002,024740,한일단조,KOSDAQ,2240,201277,2154.0,2593.0,2511.0,1750.0,4800.0,28.0,53.3,63.0,True,False,True,True,False,True,False,False,True,4,False,False,베이스 없음
20261002,032560,황금에스티,KOSPI,5550,16271,5517.0,5693.0,5764.0,4915.0,6580.0,12.9,15.7,63.0,False,False,False,False,False,False,True,False,True,2,False,False,베이스 없음
20261002,032640,LG유플러스,KOSPI,14570,377603,14819.0,15321.0,15363.0,13810.0,18800.0,5.5,22.5,63.0,False,False,False,False,False,False,True,False,False,1,False,False,베이스 없음
20261002,071090,하이스틸,KOSPI,3460,811347,3121.0,3468.0,3503.0,2355.0,5680.0,46.9,39.1,63.0,True,False,False,False,False,True,False,False,True,2,False,False,베이스 없음
20261002,083650,비에이치아이,KOSDAQ,59500,184557,57135.0,72515.0,70261.0,33150.0,114200.0,79.5,47.9,63.0,False,False,True,True,False,True,False,False,True,4,False,False,베이스 없음
20261002,099190,아이센스,KOSDAQ,16900,26728,17086.0,18176.0,17928.0,14000.0,27600.0,20.7,38.8,63.0,False,False,True,False,False,False,False,False,False,1,False,False,베이스 없음
20261002,104700,한국철강,KOSPI,9390,30456,9616.0,9464.0,9541.0,7610.0,11720.0,23.4,19.9,63.0,False,False,False,False,True,False,True,False,False,2,False,False,베이스 없음
20261002,115310,인포바인,KOSDAQ,9800,4067,8503.0,10426.0,11392.0,6050.0,20160.0,62.0,51.4,63.0,True,False,False,False,False,True,False,False,True,2,False,False,베이스 없음
20261002,115480,씨유메디칼,KOSDAQ,2350,4430,2149.0,2280.0,2438.0,1624.0,3310.0,44.7,29.0,63.0,True,False,False,False,False,True,False,False,True,2,False,False,베이스 없음
20261002,128660,피제이메탈,KOSDAQ,2855,99276,2873.0,3066.0,3041.0,2450.0,4140.0,16.5,31.0,63.0,False,False,True,True,False,False,False,False,False,2,False,False,베이스 없음
20261002,145990,삼양사,KOSPI,46250,3552,45641.0,45578.0,46352.0,40750.0,54000.0,13.5,14.4,63.0,False,False,False,False,False,False,True,False,True,2,False,False,베이스 없음
20261002,200350,아티스트스튜디오,KOSDAQ,3330,178591,2405.0,3455.0,3976.0,1414.0,8750.0,135.5,61.9,63.0,True,False,False,False,False,True,False,False,True,2,False,False,베이스 없음
20261002,234300,에스트래픽,KOSDAQ,3245,70691,2950.0,3152.0,3262.0,2420.0,4170.0,34.1,22.2,63.0,True,False,False,False,False,True,True,False,True,3,False,False,베이스 없음
20261002,262260,에이프로,KOSDAQ,4475,26736,3536.0,5065.0,5161.0,2105.0,12900.0,112.6,65.3,63.0,True,False,False,False,False,True,False,False,True,2,False,False,베이스 없음
20261002,307280,원바이오젠,KOSDAQ,5950,5493,5900.0,6395.0,6528.0,4765.0,8400.0,24.9,29.2,63.0,False,False,False,True,False,False,False,False,True,2,False,False,베이스 없음
20261002,330350,위더스제약,KOSDAQ,7220,26006,7365.0,7755.0,7896.0,5910.0,11950.0,22.2,39.6,63.0,False,False,False,True,False,False,False,False,False,1,False,False,베이스 없음
20261002,415380,스튜디오삼익,KOSDAQ,2110,15926,2017.0,1993.0,2065.0,1429.0,4040.0,47.7,47.8,63.0,True,True,False,False,False,True,False,False,True,3,False,False,베이스 없음
20260630,468760,유진스팩10호,KOSDAQ,2080,25339,2085.0,2101.0,2104.0,2060.0,2145.0,1.0,3.0,63.0,False,False,False,False,False,False,True,False,False,1,False,False,Stage2 아님
20260831,471050,,KOSDAQ,2120,176026,2098.0,2118.0,2136.0,2060.0,2235.0,2.9,5.1,63.0,True,False,False,False,False,False,True,False,True,2,False,False,Stage2 아님
20261002,482690,대신밸런스제19호스팩,KOSDAQ,2080,161,2075.0,2111.0,2126.0,2040.0,2300.0,2.0,9.6,63.0,False,False,False,False,False,False,True,False,True,2,False,False,Stage2 아님
20261002,0004Y0,디비금융제14호스팩,KOSDAQ,1990,5250,1997.0,2023.0,2024.0,1930.0,2125.0,3.1,6.4,62.0,False,False,False,False,False,False,True,False,False,1,False,False,Stage2 아님
20261002,001525,동양우,KOSPI,8920,492,8733.0,8821.0,9202.0,7110.0,23060.0,25.5,61.3,62.0,False,False,False,False,False,True,False,False,True,2,False,False,베이스 없음
20261002,002620,제일파마홀딩스,KOSPI,7480,3540,7428.0,7829.0,7899.0,6050.0,9850.0,23.6,24.1,62.0,False,False,False,False,False,False,True,False,True,2,False,False,베이스 없음
20261002,002790,아모레퍼시픽홀딩스,KOSPI,25300,157988,26023.0,25916.0,26596.0,19950.0,35950.0,26.8,29.6,62.0,False,False,False,False,False,True,False,False,False,1,False,False,1 형성중
20261002,00279K,아모레퍼시픽홀딩스3우C,KOSPI,20850,6509,21430.0,21922.0,22122.0,18230.0,28200.0,14.4,26.1,62.0,False,False,False,False,False,False,False,False,False,0,False,False,1 형성중
20261002,004450,삼화왕관,KOSPI,28150,833,26629.0,26955.0,27582.0,24100.0,36450.0,16.8,22.8,62.0,True,True,False,False,False,False,True,False,True,3,False,False,베이스 없음
20261002,005800,신영와코루,KOSPI,13720,1075,13500.0,14160.0,14675.0,11400.0,22450.0,20.4,38.9,62.0,False,False,False,False,False,False,False,False,True,1,False,False,베이스 없음
20261002,021320,KCC건설,KOSDAQ,5700,6255,5654.0,6005.0,5947.0,4450.0,7840.0,28.1,27.3,62.0,False,False,True,True,False,True,False,False,True,4,False,False,베이스 없음
20261002,023150,MH에탄올,KOSPI,4535,54936,4133.0,4249.0,4364.0,3530.0,6230.0,28.5,27.2,62.0,True,True,False,False,False,True,False,False,True,3,False,False,Stage2 아님
20261002,023590,다우기술,KOSPI,37950,30212,38600.0,42029.0,42438.0,32300.0,62300.0,17.5,39.1,62.0,False,False,False,True,False,False,False,False,False,1,False,False,베이스 없음
20261002,023600,삼보판지,KOSDAQ,9140,11701,9008.0,9226.0,9338.0,7710.0,11150.0,18.5,18.0,62.0,False,False,False,True,False,False,True,False,True,3,False,False,베이스 없음
20261002,024090,디씨엠,KOSPI,11510,1470,11368.0,11642.0,11773.0,10310.0,13230.0,11.6,13.0,62.0,False,False,False,False,False,False,True,False,True,2,False,False,베이스 없음
20261002,032190,다우데이타,KOSDAQ,18910,100907,19519.0,21079.0,21234.0,15940.0,31450.0,18.6,39.9,62.0,False,False,False,True,False,False,False,False,False,1,False,False,베이스 없음
20261002,033250,체시스,KOSPI,4240,40441,4170.0,4325.0,4526.0,2660.0,5750.0,59.4,26.3,62.0,True,False,False,False,False,True,False,False,True,2,False,False,베이스 없음
20261002,036640,HRS,KOSDAQ,4930,22651,4910.0,4938.0,5018.0,4275.0,5640.0,15.3,12.6,62.0,False,False,False,False,False,False,True,False,True,2,False,False,베이스 없음
20261002,051390,YW,KOSDAQ,3975,4368,4001.0,4158.0,4091.0,3600.0,4895.0,10.4,18.8,62.0,False,False,True,True,False,False,True,False,False,3,False,False,베이스 없음
20261002,083930,아바코,KOSDAQ,12700,39808,11357.0,12776.0,13195.0,9110.0,17500.0,39.4,27.4,62.0,True,False,False,False,False,True,False,False,True,2,False,False,베이스 없음
20261002,091120,이엠텍,KOSDAQ,5560,58411,4549.0,5360.0,5984.0,3400.0,10540.0,63.5,47.2,62.0,True,False,False,False,False,True,False,False,True,2,False,False,베이스 없음
20261002,098660,에스티오,KOSDAQ,1671,64981,1630.0,1611.0,1640.0,1240.0,2280.0,34.8,26.7,62.0,True,True,False,False,False,True,False,False,True,3,False,False,베이스 없음
20261002,113810,디젠스,KOSDAQ,3100,35567,2668.0,3078.0,3292.0,1740.0,5945.0,78.2,47.9,62.0,True,False,False,False,False,True,False,False,True,2,False,False,베이스 없음
20261002,140410,메지온,KOSDAQ,68000,156305,65844.0,76422.0,85438.0,45850.0,179900.0,48.3,62.2,62.0,True,False,False,False,False,True,False,False,True,2,False,False,1 형성중
20261002,170790,파이오링크,KOSDAQ,8400,8870,8294.0,8847.0,8806.0,7070.0,14420.0,18.8,41.7,62.0,False,False,True,False,False,False,False,False,True,2,False,False,베이스 없음
20261002,199480,뱅크웨어글로벌,KOSDAQ,4040,5948,3504.0,3940.0,4347.0,1992.0,9800.0,102.8,58.8,62.0,True,False,False,False,False,True,False,False,True,2,False,False,Stage2 아님
20261002,214320,이노션,KOSPI,18190,35371,18794.0,19103.0,19062.0,16730.0,22650.0,8.7,19.7,62.0,False,False,True,True,False,False,True,False,False,3,False,False,베이스 없음
20261002,255440,야스,KOSDAQ,8560,111429,7083.0,8840.0,9234.0,3650.0,13450.0,134.5,36.4,62.0,True,False,False,False,False,True,False,False,True,2,False,False,베이스 없음
20261002,413390,엠오티,KOSDAQ,6680,16931,6714.0,7348.0,7572.0,4835.0,11660.0,38.2,42.7,62.0,False,False,False,False,False,True,False,False,False,1,False,False,베이스 없음
20261002,448730,삼성FN리츠,KOSPI,5020,31848,5336.0,5494.0,5333.0,4305.0,7620.0,16.6,34.1,62.0,False,False,True,True,False,False,False,False,False,2,False,False,베이스 없음
20261002,001275,부국증권우,KOSPI,30300,97,30194.0,32651.0,31876.0,25850.0,41400.0,17.2,26.8,61.0,False,False,True,True,False,False,False,False,True,3,False,False,베이스 없음
20261002,003460,유화증권,KOSPI,2990,5145,3064.0,3269.0,3180.0,2630.0,4940.0,13.7,39.5,61.0,False,False,True,True,False,False,False,False,False,2,False,False,베이스 없음
20261002,0041B0,교보18호스팩,KOSDAQ,2015,284,2009.0,2035.0,2045.0,1981.0,2110.0,1.7,4.5,61.0,False,False,False,False,False,False,True,False,True,2,False,False,Stage2 아님
20261002,005670,푸드웰,KOSDAQ,6170,3535,6304.0,6242.0,6243.0,5440.0,10220.0,13.4,39.6,61.0,False,False,False,False,True,False,False,False,False,1,False,False,베이스 없음
20261002,011320,유니크,KOSDAQ,3950,25762,3785.0,3962.0,4070.0,3410.0,5130.0,15.8,23.0,61.0,False,False,False,False,False,False,True,False,True,2,False,False,베이스 없음
20261002,016360,삼성증권,KOSPI,90300,176031,90804.0,104047.0,99290.0,70700.0,163000.0,27.7,44.6,61.0,True,False,True,True,False,True,False,False,False,3,False,False,베이스 없음
20261002,024110,기업은행,KOSPI,20300,585232,20493.0,21448.0,21561.0,18660.0,29550.0,8.8,31.3,61.0,False,False,False,True,False,False,False,False,False,1,False,False,베이스 없음
20261002,030610,교보증권,KOSPI,9970,11407,9977.0,11401.0,11252.0,8120.0,18220.0,22.8,45.3,61.0,False,False,True,True,False,False,False,False,False,2,False,False,베이스 없음
20261002,031820,아이티센씨티에스,KOSPI,5760,7385,5749.0,6446.0,6360.0,4570.0,9980.0,26.0,42.3,61.0,False,False,True,True,False,True,False,False,True,4,False,False,베이스 없음
20260813,031860,디에이치엑스컴퍼니,KOSDAQ,6930,0,6930.0,6311.0,6509.0,2020.0,11570.0,243.1,40.1,61.0,True,True,False,False,True,True,False,False,False,3,False,False,베이스 없음
20261002,044780,에이치케이,KOSDAQ,1327,22324,1336.0,1376.0,1363.0,1100.0,1911.0,20.6,30.6,61.0,False,False,True,False,False,False,False,False,False,1,False,False,베이스 없음
20261002,049630,재영솔루텍,KOSDAQ,7310,199460,6828.0,10398.0,13368.0,3835.0,40500.0,90.6,82.0,61.0,False,False,False,False,False,True,False,False,True,2,False,False,베이스 없음
20261002,054950,제이브이엠,KOSDAQ,24350,15744,23546.0,23569.0,24122.0,19930.0,33200.0,22.2,26.7,61.0,False,True,False,False,False,False,False,False,True,2,False,False,베이스 없음
20261002,069510,에스텍,KOSDAQ,13480,7662,12739.0,13483.0,13859.0,11220.0,16670.0,20.1,19.1,61.0,True,False,False,False,False,False,True,False,True,2,False,False,베이스 없음
20261002,078130,국일제지,KOSDAQ,3700,157428,3592.0,3638.0,3599.0,2610.0,5970.0,41.8,38.0,61.0,True,True,True,False,False,True,False,False,True,4,False,False,Stage2 아님
20261002,081580,성우전자,KOSDAQ,2450,134503,2338.0,2654.0,2607.0,2095.0,3695.0,16.9,33.7,61.0,True,False,True,True,False,False,False,False,True,3,False,False,베이스 없음
20261002,083500,에프엔에스테크,KOSDAQ,14680,57337,12054.0,15622.0,15486.0,9550.0,24150.0,53.7,39.2,61.0,True,False,True,False,False,True,False,False,True,3,False,False,베이스 없음
20261002,090350,노루페인트,KOSPI,8100,51819,7856.0,8064.0,8173.0,7000.0,10570.0,15.7,23.4,61.0,False,False,False,False,False,False,True,False,True,2,False,False,베이스 없음
20261002,094170,동운아나텍,KOSDAQ,26750,57716,29590.0,33511.0,32450.0,16280.0,56400.0,64.3,52.6,61.0,False,False,True,True,False,True,False,False,False,3,False,False,베이스 없음
20261002,148150,세경하이테크,KOSDAQ,4015,57740,3628.0,3931.0,4199.0,2580.0,6390.0,55.6,37.2,61.0,True,False,False,False,False,True,False,False,True,2,False,False,베이스 없음
20260914,229000,젠큐릭스,KOSDAQ,1954,166331,1736.0,2376.0,2198.0,1321.0,7320.0,47.9,73.3,61.0,True,False,True,True,False,True,False,False,True,4,False,False,Stage2 아님
20261002,241790,티이엠씨씨엔에스,KOSDAQ,6540,47661,5665.0,6509.0,6633.0,4015.0,9800.0,62.9,33.3,61.0,True,False,False,False,False,True,False,False,True,2,False,False,베이스 없음
20261002,267980,매일유업,KOSDAQ,33900,13589,33998.0,34725.0,35022.0,31100.0,41650.0,9.0,18.6,61.0,False,False,False,False,False,False,True,False,False,1,False,False,Stage2 아님
20261002,317240,TS트릴리온,KOSDAQ,1000,85869,1090.0,1220.0,1385.0,662.0,3120.0,51.1,67.9,61.0,False,False,False,False,False,True,False,False,False,1,False,False,베이스 없음
20261002,408920,메쎄이상,KOSDAQ,3080,45160,3043.0,3175.0,3209.0,2600.0,4385.0,18.5,29.8,61.0,False,False,False,False,False,False,False,False,True,1,False,False,베이스 없음
20260910,472220,,KOSDAQ,2105,115241,2101.0,2139.0,2151.0,2070.0,2275.0,1.7,7.5,61.0,False,False,False,False,False,False,True,False,True,2,False,False,Stage2 아님
20261002,477470,미래에셋비전스팩5호,KOSDAQ,2065,9553,2073.0,2087.0,2096.0,2040.0,2190.0,1.2,5.7,61.0,False,False,False,False,False,False,True,False,False,1,False,False,Stage2 아님
20261002,003200,일신방직,KOSPI,10800,21496,10688.0,11355.0,11758.0,9300.0,17800.0,16.1,39.3,60.0,False,False,False,False,False,False,False,False,True,1,False,False,2 형성중
20261002,004360,세방,KOSPI,13450,16851,13245.0,13984.0,14152.0,11700.0,17110.0,15.0,21.4,60.0,False,False,False,False,False,False,True,False,True,2,False,False,베이스 없음
20261002,004970,신라교역,KOSPI,9060,7536,9225.0,9350.0,9347.0,8500.0,10530.0,6.6,14.0,60.0,False,False,True,False,False,False,True,False,False,2,False,False,베이스 없음
20261002,008260,NI스틸,KOSPI,3325,45899,3309.0,3386.0,3418.0,2800.0,4650.0,18.8,28.5,60.0,True,False,False,False,False,False,False,False,True,1,False,False,베이스 없음
20261002,009180,한솔로지스틱스,KOSPI,2810,33064,2767.0,2887.0,2876.0,2470.0,3750.0,13.8,25.1,60.0,False,False,True,True,False,False,False,False,True,3,False,False,베이스 없음
20261002,011300,우성머티리얼스,KOSPI,2885,44106,2860.0,2902.0,3117.0,1922.0,5880.0,50.1,50.9,60.0,False,False,False,False,False,True,False,False,True,2,False,False,베이스 없음
20261002,011500,한농화성,KOSPI,14870,152172,13035.0,17229.0,17761.0,9250.0,29450.0,60.8,49.5,60.0,True,False,False,False,False,True,False,False,True,2,False,False,베이스 없음
20261002,012800,대창,KOSPI,1213,323136,1168.0,1311.0,1318.0,950.0,2095.0,27.7,42.1,60.0,False,False,False,False,False,True,False,False,True,2,False,False,베이스 없음
20261002,015890,태경산업,KOSPI,4770,20080,4733.0,4796.0,4829.0,4300.0,5340.0,10.9,10.7,60.0,False,False,False,False,False,False,True,False,True,2,False,False,베이스 없음
20261002,016580,환인제약,KOSPI,10180,28179,10119.0,10332.0,10488.0,9160.0,12140.0,11.1,16.1,60.0,False,False,False,False,False,False,True,False,True,2,False,False,Stage2 아님
20261002,035600,KG이니시스,KOSDAQ,9790,14369,9973.0,10206.0,10336.0,8920.0,12280.0,9.8,20.3,60.0,False,False,False,False,False,False,True,False,False,1,False,False,베이스 없음
20261002,038540,상상인,KOSDAQ,1968,40574,2003.0,2078.0,2017.0,1601.0,2545.0,22.9,22.7,60.0,False,False,True,True,False,False,True,False,False,3,False,False,베이스 없음
20261002,040420,정상제이엘에스,KOSDAQ,5850,4789,5811.0,5809.0,5855.0,5530.0,6850.0,5.8,14.6,60.0,False,False,False,False,False,False,True,False,True,2,False,False,Stage2 아님
20261002,060250,NHN KCP,KOSDAQ,13860,134250,13874.0,15987.0,16418.0,10900.0,25500.0,27.2,45.6,60.0,False,False,False,False,False,True,False,False,False,1,False,False,베이스 없음
20261002,060720,KH바텍,KOSDAQ,11580,198329,10674.0,12121.0,12565.0,8250.0,19960.0,40.4,42.0,60.0,True,False,False,False,False,True,False,False,True,2,False,False,베이스 없음
20261002,066900,디에이피,KOSDAQ,1770,17509,1739.0,1712.0,1766.0,1313.0,2365.0,34.8,25.2,60.0,True,True,False,False,False,True,False,False,True,3,False,False,베이스 없음
20261002,107590,미원홀딩스,KOSPI,59700,110,58488.0,59853.0,61824.0,52400.0,73600.0,13.9,18.9,60.0,True,False,False,False,False,False,True,False,True,2,False,False,Stage2 아님
20261002,111380,동인기연,KOSPI,12920,2828,13115.0,13445.0,13651.0,10850.0,17450.0,19.1,26.0,60.0,False,False,False,False,False,False,False,False,False,0,False,False,Stage2 아님
20261002,130660,한전산업,KOSPI,12410,145258,11909.0,15120.0,14704.0,8810.0,27800.0,40.9,55.4,60.0,True,False,True,True,False,True,False,False,True,4,False,False,베이스 없음
20261002,148930,에이치와이티씨,KOSDAQ,3100,2659,3249.0,3076.0,3083.0,2250.0,3920.0,37.8,20.9,60.0,False,True,False,False,True,True,True,False,False,4,False,False,Stage2 아님
20261002,159910,에코글로우,KOSDAQ,3135,14992,3168.0,3322.0,3316.0,2335.0,5750.0,34.3,45.5,60.0,False,False,True,False,False,True,False,False,False,2,False,False,Stage2 아님
20261002,203450,유니온바이오메트릭스,KOSDAQ,2860,39052,2560.0,2814.0,2913.0,2155.0,3970.0,32.7,28.0,60.0,True,False,False,False,False,True,False,False,True,2,False,False,베이스 없음
20261002,300720,한일시멘트,KOSPI,16100,24926,15543.0,15689.0,16249.0,12710.0,20750.0,26.7,22.4,60.0,True,False,False,False,False,True,True,False,True,3,False,False,베이스 없음
20261002,331520,밸로프,KOSDAQ,2215,5443,2323.0,2412.0,2518.0,1500.0,3440.0,47.7,35.6,60.0,False,False,False,False,False,True,False,False,False,1,False,False,Stage2 아님
20261002,363250,진시스템,KOSDAQ,4125,5276,4190.0,4630.0,4608.0,2850.0,7260.0,44.7,43.2,60.0,False,False,True,False,False,True,False,False,False,2,False,False,베이스 없음
20261002,378340,필에너지,KOSDAQ,12870,62791,10933.0,13599.0,13728.0,7330.0,22850.0,75.6,43.7,60.0,True,False,False,False,False,True,False,False,True,2,False,False,베이스 없음
20261002,481890,엔에이치스팩31호,KOSDAQ,2050,5579,2071.0,2093.0,2101.0,2045.0,2180.0,0.2,6.0,60.0,False,False,False,False,False,False,True,False,False,1,False,False,Stage2 아님
20261002,000155,두산우,KOSPI,451000,13820,434790.0,508993.0,506458.0,322500.0,840000.0,39.8,46.3,59.0,True,False,True,False,False,True,False,False,True,3,False,False,1 형성중
20261002,002100,경농,KOSPI,9090,18129,9166.0,9395.0,9367.0,8550.0,11900.0,6.3,23.6,59.0,False,False,True,False,False,False,True,False,False,2,False,False,베이스 없음
20261002,003230,삼양식품,KOSPI,1215000,24045,1291480.0,1228733.0,1224185.0,981000.0,1605000.0,23.9,24.3,59.0,False,False,True,False,True,False,True,False,False,3,False,False,베이스 없음
20261002,003830,대한화섬,KOSPI,109400,144,114150.0,116561.0,116934.0,101200.0,148800.0,8.1,26.5,59.0,False,False,False,False,False,False,False,False,False,0,False,False,1 형성중
20261002,004365,세방우,KOSPI,9170,644,9246.0,9405.0,9362.0,8330.0,10660.0,10.1,14.0,59.0,False,False,True,True,False,False,True,False,False,3,False,False,베이스 없음
20261002,006980,우성,KOSPI,16800,3087,16467.0,18909.0,18448.0,14500.0,25450.0,15.9,34.0,59.0,True,False,True,True,False,False,False,False,True,3,False,False,베이스 없음
20261002,007330,푸른저축은행,KOSDAQ,9950,4330,10080.0,10566.0,10487.0,9038.0,13495.0,10.1,26.3,59.0,False,False,True,False,False,False,False,False,False,1,False,False,베이스 없음
20261002,009420,한올바이오파마,KOSPI,46400,261279,52249.0,53007.0,52010.0,30400.0,73000.0,52.6,36.4,59.0,False,False,True,True,False,True,False,False,False,3,False,False,베이스 없음
20261002,012330,현대모비스,KOSPI,385500,162623,448470.0,481763.0,464225.0,283000.0,822000.0,36.2,53.1,59.0,False,False,True,True,False,True,False,False,False,3,False,False,베이스 없음
20261002,033530,SJG세종,KOSPI,6810,25153,6692.0,7235.0,7999.0,5240.0,12640.0,30.0,46.1,59.0,False,False,False,False,False,True,False,False,True,2,False,False,베이스 없음
20261002,042600,새로닉스,KOSDAQ,10930,133670,10989.0,13678.0,13594.0,6560.0,23200.0,66.6,52.9,59.0,False,False,True,False,False,True,False,False,False,2,False,False,베이스 없음
20261002,045340,토탈소프트,KOSDAQ,6820,9262,6680.0,6828.0,6886.0,5580.0,9580.0,22.2,28.8,59.0,True,False,False,False,False,False,False,False,True,1,False,False,베이스 없음
20261002,047810,한국항공우주,KOSPI,133300,257487,134710.0,156526.0,153434.0,95100.0,215500.0,40.2,38.1,59.0,False,False,True,True,False,True,False,False,False,3,False,False,베이스 없음
20261002,050960,수산아이앤티,KOSDAQ,8580,2095,8587.0,8629.0,8795.0,6860.0,10840.0,25.1,20.8,59.0,False,False,False,False,False,True,True,False,False,2,False,False,베이스 없음
20261002,053300,한국정보인증,KOSDAQ,5270,217223,4797.0,5321.0,5572.0,3780.0,7750.0,39.4,32.0,59.0,True,False,False,False,False,True,False,False,True,2,False,False,베이스 없음
20261002,073560,우리손에프앤지,KOSDAQ,1514,56074,1518.0,1615.0,1611.0,1360.0,2150.0,11.3,29.6,59.0,False,False,True,True,False,False,False,False,False,2,False,False,베이스 없음
20261002,079170,한창산업,KOSDAQ,5550,1620,5600.0,5799.0,5967.0,4230.0,7700.0,31.2,27.9,59.0,False,False,False,False,False,True,False,False,False,1,False,False,베이스 없음
20261002,096870,엘디티,KOSDAQ,2415,59080,2337.0,2254.0,2291.0,1615.0,3355.0,49.5,28.0,59.0,False,True,False,False,True,True,False,False,True,4,False,False,베이스 없음
20261002,114450,그린생명과학,KOSDAQ,2270,52376,2235.0,2436.0,2589.0,1673.0,4590.0,35.7,50.5,59.0,False,False,False,False,False,True,False,False,True,2,False,False,베이스 없음
20261002,160190,하이젠알앤엠,KOSDAQ,29100,117760,20532.0,31241.0,39595.0,11000.0,91200.0,164.5,68.1,59.0,True,False,False,False,False,True,False,False,True,2,False,False,베이스 없음
20261002,198940,한주라이트메탈,KOSDAQ,1419,30178,1350.0,1532.0,1500.0,1096.0,3300.0,29.5,57.0,59.0,True,False,True,True,False,True,False,False,True,4,False,False,Stage2 아님
20261002,216080,제테마,KOSDAQ,6030,98479,5407.0,6150.0,6565.0,3800.0,11280.0,58.7,46.5,59.0,True,False,False,True,False,True,False,False,True,3,False,False,1 형성중
20261002,257720,실리콘투,KOSDAQ,37200,782305,42432.0,40099.0,40958.0,29850.0,56100.0,24.6,33.7,59.0,False,False,False,False,True,False,False,False,False,1,False,False,베이스 없음
20261002,307930,컴퍼니케이,KOSDAQ,6450,43770,6150.0,7165.0,7026.0,4815.0,11100.0,34.0,41.9,59.0,False,False,True,True,False,True,False,False,True,4,False,False,베이스 없음
20261002,318160,셀바이오휴먼텍,KOSDAQ,6910,38645,6605.0,6627.0,7044.0,4960.0,11200.0,39.3,38.3,59.0,True,False,False,False,False,True,False,False,True,2,False,False,베이스 없음
20261002,352940,인바이오,KOSDAQ,2075,5982,2050.0,2103.0,2125.0,1815.0,2440.0,14.3,15.0,59.0,False,False,False,False,False,False,True,False,True,2,False,False,베이스 없음
20261002,460470,아이빔테크놀로지,KOSDAQ,3040,30136,2864.0,3309.0,3257.0,2415.0,4945.0,25.9,38.5,59.0,True,False,True,False,False,True,False,False,True,3,False,False,베이스 없음
20261002,001755,한양증권우,KOSPI,19290,39,19523.0,22642.0,21802.0,16650.0,31200.0,15.9,38.2,58.0,False,False,True,True,False,False,False,False,False,2,False,False,베이스 없음
20261002,003480,한진중공업홀딩스,KOSPI,4720,32646,4716.0,4955.0,4931.0,4230.0,6650.0,11.6,29.0,58.0,False,False,True,True,False,False,False,False,True,3,False,False,베이스 없음
20261002,003850,보령,KOSPI,8500,35743,8671.0,9028.0,9079.0,7410.0,10800.0,14.7,21.3,58.0,False,False,False,False,False,False,True,False,False,1,False,False,베이스 없음
20261002,004650,창해에탄올,KOSDAQ,9340,15970,9341.0,9616.0,9690.0,8770.0,13460.0,6.5,30.6,58.0,False,False,False,False,False,False,False,False,False,0,False,False,Stage2 아님
20261002,008470,부스타,KOSDAQ,1680,12139,1778.0,1793.0,1840.0,1470.0,2350.0,14.3,28.5,58.0,False,False,False,False,False,False,False,False,False,0,False,False,베이스 없음
20261002,009680,모토닉,KOSPI,10050,8208,10152.0,10350.0,10429.0,9290.0,11980.0,8.2,16.1,58.0,False,False,False,False,False,False,True,False,False,1,False,False,베이스 없음
20261002,023000,삼원강재,KOSPI,2215,3178,2213.0,2265.0,2303.0,2050.0,2530.0,8.0,12.5,58.0,False,False,False,False,False,False,True,False,True,2,False,False,베이스 없음
20261002,023530,롯데쇼핑,KOSPI,101800,60274,109446.0,128804.0,117018.0,62700.0,211000.0,62.4,51.8,58.0,False,False,True,True,False,True,False,False,False,3,False,False,베이스 없음
20261002,039420,케이엘넷,KOSDAQ,2675,9662,2727.0,2784.0,2793.0,2420.0,3260.0,10.5,17.9,58.0,False,False,False,False,False,False,True,False,False,1,False,False,베이스 없음
20261002,045520,크린앤사이언스,KOSDAQ,3265,4128,2790.0,2968.0,3080.0,2110.0,4740.0,54.7,31.1,58.0,True,True,False,False,False,True,False,False,True,3,False,False,Stage2 아님
20261002,048470,대동스틸,KOSDAQ,2795,24161,2728.0,2980.0,3002.0,2275.0,4520.0,22.9,38.2,58.0,False,False,False,False,False,False,False,False,True,1,False,False,베이스 없음
20261002,049120,파인디앤씨,KOSDAQ,2820,6412,2616.0,2655.0,2836.0,1620.0,5245.0,74.1,46.2,58.0,True,False,False,False,False,True,False,False,True,2,False,False,Stage2 아님
20261002,052300,오션인더블유,KOSDAQ,1593,42209,1462.0,1473.0,1562.0,1210.0,2311.0,31.7,31.1,58.0,True,True,False,False,False,True,False,False,True,3,False,False,Stage2 아님
20261002,072020,중앙백신,KOSDAQ,9170,4756,9229.0,9386.0,9458.0,8560.0,10350.0,7.1,11.4,58.0,False,False,False,False,False,False,True,False,False,1,False,False,Stage2 아님
20261002,073110,엘엠에스,KOSDAQ,5240,976,4981.0,5375.0,5307.0,3920.0,7300.0,33.7,28.2,58.0,True,False,True,False,False,True,False,False,True,3,False,False,베이스 없음
20261002,078520,에이블씨엔씨,KOSPI,10990,60838,11095.0,11620.0,11355.0,8710.0,16790.0,26.2,34.5,58.0,False,False,True,True,False,True,False,False,False,3,False,False,베이스 없음
20261002,094280,효성ITX,KOSPI,11940,1605,12024.0,12243.0,12358.0,11410.0,13430.0,4.6,11.1,58.0,False,False,False,False,False,False,True,False,False,1,False,False,Stage2 아님
20261002,131180,딜리,KOSDAQ,4245,1162,3915.0,4229.0,4380.0,3405.0,5840.0,24.7,27.3,58.0,True,False,False,False,False,False,False,False,True,1,False,False,베이스 없음
20261002,140520,대창스틸,KOSDAQ,2000,10384,1980.0,2048.0,2069.0,1810.0,2545.0,10.5,21.4,58.0,False,False,False,False,False,False,True,False,True,2,False,False,Stage2 아님
20261002,143160,아이디스,KOSDAQ,16090,5706,15907.0,16485.0,16892.0,13670.0,20750.0,17.7,22.5,58.0,False,False,False,False,False,False,True,False,True,2,False,False,베이스 없음
20261002,200710,에이디테크놀로지,KOSDAQ,29700,162414,26372.0,37851.0,36854.0,20750.0,62000.0,43.1,52.1,58.0,True,False,True,True,False,True,False,False,True,4,False,False,베이스 없음
20261002,217820,원익피앤이,KOSDAQ,2405,274185,2066.0,2609.0,2941.0,1515.0,4625.0,58.7,48.0,58.0,True,False,False,False,False,True,False,False,True,2,False,False,베이스 없음
20261002,238200,비피도,KOSDAQ,2775,1759,2659.0,2712.0,2801.0,2045.0,4390.0,35.7,36.8,58.0,True,False,False,False,False,True,False,False,True,2,False,False,베이스 없음
20261002,263690,디알젬,KOSDAQ,5170,5721,5034.0,5188.0,5249.0,4605.0,6320.0,12.3,18.2,58.0,False,False,False,False,False,False,True,False,True,2,False,False,베이스 없음
20261002,317530,에피소드컴퍼니,KOSDAQ,3200,10817,2973.0,3385.0,3718.0,1960.0,6020.0,63.3,46.8,58.0,True,False,False,False,False,True,False,False,True,2,False,False,베이스 없음
20261002,333050,이노테나,KOSDAQ,5850,4851,5267.0,5751.0,5913.0,4240.0,8871.0,38.0,34.1,58.0,True,False,False,False,False,True,False,False,True,2,False,False,베이스 없음
20261002,403550,쏘카,KOSPI,11280,35706,10653.0,11486.0,11579.0,9000.0,21000.0,25.3,46.3,58.0,True,False,False,False,False,True,False,False,True,2,False,False,베이스 없음
20261002,000970,한국주철관,KOSPI,6600,2738,6648.0,6751.0,6804.0,6130.0,7880.0,7.7,16.2,57.0,False,False,False,False,False,False,True,False,False,1,False,False,Stage2 아님
20261002,004020,현대제철,KOSPI,30100,462524,30046.0,34083.0,33484.0,23650.0,50400.0,27.3,40.3,57.0,True,False,True,True,False,True,False,False,True,4,False,False,베이스 없음
20261002,009450,경동나비엔,KOSPI,61300,25035,63516.0,65553.0,63732.0,53000.0,80100.0,15.7,23.5,57.0,False,False,True,True,False,False,True,False,False,3,False,False,베이스 없음
20261002,013570,디와이,KOSPI,4240,26925,4209.0,4442.0,4566.0,3615.0,5640.0,17.3,24.8,57.0,False,False,False,False,False,False,True,False,True,2,False,False,베이스 없음
20261002,018500,동원모빌리티,KOSPI,1365,54618,1407.0,1521.0,1517.0,1219.0,1967.0,12.0,30.6,57.0,False,False,True,True,False,False,False,False,False,2,False,False,베이스 없음
20261002,030200,KT,KOSPI,52000,156297,53100.0,56290.0,56064.0,48100.0,69400.0,8.1,25.1,57.0,False,False,True,True,False,False,False,False,False,2,False,False,베이스 없음
20261002,036580,팜스코,KOSPI,2490,23800,2568.0,2888.0,2875.0,2185.0,4865.0,14.0,48.8,57.0,False,False,True,True,False,False,False,False,False,2,False,False,베이스 없음
20261002,039560,다산네트웍스,KOSDAQ,3005,2824451,2437.0,3505.0,3482.0,1950.0,6050.0,54.1,50.3,57.0,True,False,True,False,False,True,False,False,True,3,False,False,베이스 없음
20261002,048410,현대바이오,KOSDAQ,7080,1195843,6689.0,10282.0,9545.0,4565.0,21500.0,55.1,67.1,57.0,False,False,True,True,False,True,False,False,True,4,False,False,베이스 없음
20261002,084730,팅크웨어,KOSDAQ,6970,6038,6489.0,7340.0,7739.0,5500.0,10730.0,26.7,35.0,57.0,True,False,False,False,False,True,False,False,True,2,False,False,베이스 없음
20261002,088800,에이스테크,KOSDAQ,2390,3560999,1942.0,2951.0,2958.0,1330.0,7890.0,79.7,69.7,57.0,True,False,False,False,False,True,False,False,True,2,False,False,베이스 없음
20261002,099320,쎄트렉아이,KOSDAQ,82500,88627,74272.0,122077.0,122180.0,45650.0,224000.0,80.7,63.2,57.0,True,False,False,True,False,True,False,False,True,3,False,False,베이스 없음
20261002,100700,세운메디칼,KOSDAQ,2315,54768,2361.0,2451.0,2448.0,2050.0,3430.0,12.9,32.5,57.0,False,False,True,False,False,False,False,False,False,1,False,False,베이스 없음
20261002,115570,스타플렉스,KOSDAQ,2675,21831,2539.0,2724.0,2818.0,1923.0,3440.0,39.1,22.2,57.0,True,False,False,False,False,True,True,False,True,3,False,False,베이스 없음
20261002,125210,아모그린텍,KOSDAQ,6580,244122,5773.0,8002.0,7645.0,4350.0,16750.0,51.3,60.7,57.0,True,False,True,False,False,True,False,False,True,3,False,False,베이스 없음
20261002,171120,라이온켐텍,KOSDAQ,2040,69671,2014.0,2118.0,2126.0,1863.0,3650.0,9.5,44.1,57.0,False,False,False,False,False,False,False,False,True,1,False,False,Stage2 아님
20261002,191410,육일씨엔에쓰,KOSDAQ,1684,93124,1552.0,1910.0,2175.0,1001.0,5100.0,68.2,67.0,57.0,True,False,False,True,False,True,False,False,True,3,False,False,베이스 없음
20261002,213500,한솔제지,KOSPI,7230,27473,7434.0,7569.0,7768.0,5930.0,9810.0,21.9,26.3,57.0,False,False,False,False,False,False,False,False,False,0,False,False,Stage2 아님
20261002,221980,케이디켐,KOSDAQ,9900,70,9444.0,9896.0,10063.0,9100.0,11150.0,8.8,11.2,57.0,True,False,False,False,False,False,True,False,True,2,False,False,Stage2 아님
20261002,263770,유에스티,KOSDAQ,1722,18504,1614.0,1785.0,1833.0,1344.0,2450.0,28.1,29.7,57.0,False,False,False,False,False,True,False,False,True,2,False,False,베이스 없음
20261002,263800,데이타솔루션,KOSDAQ,4705,104761,4985.0,4917.0,4963.0,4115.0,8730.0,14.3,46.1,57.0,False,False,False,False,True,False,False,False,False,1,False,False,베이스 없음
20261002,290520,신도기연,KOSDAQ,1628,30444,1601.0,1910.0,1878.0,1324.0,3515.0,23.0,53.7,57.0,False,False,True,False,False,False,False,False,True,2,False,False,베이스 없음
20261002,320000,한울반도체,KOSDAQ,10350,121776,10725.0,10619.0,10477.0,7079.0,29050.0,46.2,64.4,57.0,False,False,True,True,True,True,False,False,False,4,False,False,베이스 없음
20261002,344820,KCC글라스,KOSPI,24100,8334,24119.0,25004.0,25517.0,21000.0,31450.0,14.8,23.4,57.0,False,False,False,False,False,False,True,False,False,1,False,False,베이스 없음
20261002,348340,뉴로메카,KOSDAQ,22600,592760,19193.0,30767.0,32972.0,14700.0,88302.0,53.7,74.4,57.0,True,False,False,True,False,True,False,False,True,3,False,False,베이스 없음
20261002,372910,한컴라이프케어,KOSPI,2140,156708,1880.0,2117.0,2331.0,1524.0,3780.0,40.4,43.4,57.0,True,False,False,False,False,True,False,False,True,2,False,False,Stage2 아님
20260727,467930,,KOSDAQ,2110,54595,2107.0,2178.0,2183.0,2080.0,2315.0,1.4,8.9,57.0,False,False,False,False,False,False,True,False,True,2,False,False,Stage2 아님
20261002,000070,삼양홀딩스,KOSPI,57300,22082,59158.0,61737.0,61592.0,51500.0,75500.0,11.3,24.1,56.0,False,False,True,False,False,False,True,False,False,2,False,False,베이스 없음
20261002,002310,아세아제지,KOSPI,7900,25825,8081.0,8403.0,8360.0,6800.0,11380.0,16.2,30.6,56.0,False,False,True,True,False,False,False,False,False,2,False,False,1 형성중
20261002,003547,대신증권2우B,KOSPI,19300,1363,19423.0,21114.0,21174.0,17620.0,29750.0,9.5,35.1,56.0,False,False,False,False,False,False,False,False,False,0,False,False,베이스 없음
20261002,006800,미래에셋증권,KOSPI,31600,644610,34261.0,51618.0,47328.0,19764.0,87800.0,59.9,64.0,56.0,False,False,True,True,False,True,False,False,False,3,False,False,베이스 없음
20261002,008350,남선알미늄,KOSPI,1074,367655,1044.0,1401.0,1352.0,881.0,3485.0,21.9,69.2,56.0,True,False,True,True,False,False,False,False,True,3,False,False,베이스 없음
20261002,016100,리더스코스메틱,KOSDAQ,1252,50660,1155.0,1340.0,1469.0,594.0,2660.0,110.8,52.9,56.0,True,False,False,False,False,True,False,False,True,2,False,False,베이스 없음
20261002,018000,유니슨,KOSDAQ,1142,778285,1046.0,1122.0,1123.0,681.0,1794.0,67.7,36.3,56.0,True,True,False,True,False,True,False,False,True,4,False,False,1 형성중
20261002,027360,아주IB투자,KOSDAQ,3950,1613834,3448.0,7271.0,6356.0,1913.0,19950.0,106.5,80.2,56.0,True,False,True,True,False,True,False,False,True,4,False,False,베이스 없음
20261002,030000,제일기획,KOSPI,18770,210569,18730.0,19233.0,19839.0,17100.0,23300.0,9.8,19.4,56.0,False,False,False,False,False,False,True,False,True,2,False,False,베이스 없음
20261002,040910,아이씨디,KOSDAQ,4215,17129,4274.0,4807.0,4624.0,3525.0,6960.0,19.6,39.4,56.0,False,False,True,True,False,False,False,False,False,2,False,False,베이스 없음
20261002,043370,피에이치에이,KOSDAQ,11340,25372,11063.0,11944.0,11965.0,9730.0,15600.0,16.5,27.3,56.0,False,False,False,False,False,False,False,False,True,1,False,False,베이스 없음
20261002,058860,KTis,KOSPI,2585,132524,2544.0,2667.0,2696.0,2370.0,3210.0,9.1,19.5,56.0,False,False,False,False,False,False,True,False,True,2,False,False,베이스 없음
20261002,065440,이루온,KOSDAQ,1619,7495262,1427.0,2163.0,1986.0,1191.0,5200.0,35.9,68.9,56.0,True,False,True,False,False,True,False,False,True,3,False,False,베이스 없음
20261002,074430,아미노로직스,KOSDAQ,1044,33428,1089.0,1222.0,1271.0,855.0,1940.0,22.1,46.2,56.0,False,False,False,True,False,False,False,False,False,1,False,False,베이스 없음
20261002,095570,AJ네트웍스,KOSPI,4280,47480,4293.0,4589.0,4651.0,3825.0,5570.0,11.9,23.2,56.0,False,False,False,False,False,False,True,False,False,1,False,False,베이스 없음
20261002,100840,SNT에너지,KOSPI,36650,109921,31419.0,38950.0,39447.0,21200.0,67400.0,72.9,45.6,56.0,True,False,False,False,False,True,False,False,True,2,False,False,베이스 없음
20261002,102460,이연제약,KOSPI,10130,30218,10007.0,10304.0,10531.0,9100.0,13200.0,11.3,23.3,56.0,False,False,False,False,False,False,True,False,True,2,False,False,Stage2 아님
20261002,138930,BNK금융지주,KOSPI,16020,516011,15581.0,17216.0,17101.0,13650.0,23050.0,17.4,30.5,56.0,True,False,True,True,False,False,False,False,True,3,False,False,베이스 없음
20261002,146060,율촌,KOSDAQ,1070,37230,1059.0,1230.0,1296.0,855.0,2325.0,25.1,54.0,56.0,False,False,False,False,False,True,False,False,True,2,False,False,베이스 없음
20261002,208350,지란지교시큐리티,KOSDAQ,2850,7324,2931.0,2985.0,2973.0,2565.0,3825.0,11.1,25.5,56.0,False,False,True,False,False,False,False,False,False,1,False,False,1 형성중
20261002,209640,와이제이링크,KOSDAQ,4115,6495075,3304.0,4678.0,4588.0,2390.0,10350.0,72.2,60.2,56.0,True,False,True,True,False,True,False,False,True,4,False,False,베이스 없음
20261002,246690,TS인베스트먼트,KOSDAQ,2205,53673,1923.0,2606.0,2667.0,1300.0,4641.0,69.6,52.5,56.0,True,False,False,False,False,True,False,False,True,2,False,False,베이스 없음
20261002,318060,그래피,KOSDAQ,16260,88128,17838.0,27271.0,29516.0,8210.0,69000.0,98.1,76.4,56.0,False,False,False,True,False,True,False,False,False,2,False,False,Stage2 아님
20261002,321260,프로이천,KOSDAQ,1790,222715,1645.0,2197.0,2084.0,1290.0,5610.0,38.8,68.1,56.0,True,False,True,False,False,True,False,False,True,3,False,False,베이스 없음
20261002,347000,센코,KOSDAQ,1889,185746,1811.0,1967.0,2025.0,1212.0,2625.0,55.9,28.0,56.0,False,False,False,False,False,True,False,False,True,2,False,False,베이스 없음
20261002,353810,이지바이오,KOSDAQ,6060,53765,6224.0,6705.0,6667.0,5500.0,8560.0,10.2,29.2,56.0,False,False,True,True,False,False,False,False,False,2,False,False,베이스 없음
20261002,383220,F&F,KOSPI,69200,24470,67996.0,70477.0,70456.0,58000.0,89000.0,19.3,22.2,56.0,True,False,True,False,False,False,True,False,True,3,False,False,베이스 없음
20261002,002460,HS화성,KOSPI,11070,3900,11030.0,11919.0,12067.0,9580.0,15780.0,15.6,29.8,55.0,True,False,False,False,False,False,False,False,True,1,False,False,베이스 없음
20261002,003545,대신증권우,KOSPI,20100,24771,20153.0,21964.0,22037.0,18250.0,30550.0,10.1,34.2,55.0,False,False,False,False,False,False,False,False,False,0,False,False,베이스 없음
20261002,005990,매일홀딩스,KOSDAQ,10250,3074,10777.0,10939.0,10947.0,9690.0,13000.0,5.8,21.2,55.0,False,False,False,False,False,False,True,False,False,1,False,False,베이스 없음
20261002,006840,AK홀딩스,KOSPI,7080,4645,7212.0,7356.0,7604.0,5440.0,11270.0,30.1,37.2,55.0,False,False,False,False,False,True,False,False,False,1,False,False,베이스 없음
20261002,009300,삼아제약,KOSDAQ,13960,854,13514.0,14451.0,14804.0,11950.0,17350.0,16.8,19.5,55.0,False,False,False,False,False,False,True,False,True,2,False,False,베이스 없음
20261002,012610,경인양행,KOSPI,3420,237152,3118.0,3867.0,4026.0,2565.0,6430.0,33.3,46.8,55.0,True,False,False,True,False,True,False,False,True,3,False,False,베이스 없음
20261002,013580,계룡건설,KOSPI,21550,36838,21299.0,23291.0,22892.0,16300.0,33300.0,32.2,35.3,55.0,False,False,True,True,False,True,False,False,True,4,False,False,1 형성중
20261002,018120,진로발효,KOSDAQ,16740,185,16622.0,17119.0,17304.0,15900.0,19340.0,5.3,13.4,55.0,False,False,False,False,False,False,True,False,True,2,False,False,베이스 없음
20261002,019770,서연탑메탈,KOSDAQ,3290,7329,3265.0,3556.0,3635.0,2845.0,4480.0,15.6,26.6,55.0,False,False,False,False,False,False,False,False,True,1,False,False,베이스 없음
20261002,041910,폴라리스AI파마,KOSDAQ,5520,22574,5380.0,6088.0,6187.0,4110.0,10200.0,34.3,45.9,55.0,True,False,False,False,False,True,False,False,True,2,False,False,베이스 없음
20261002,045970,코아시아,KOSDAQ,3840,61499,3077.0,4010.0,4416.0,1706.0,7850.0,125.1,51.1,55.0,True,False,False,False,False,True,False,False,True,2,False,False,베이스 없음
20261002,053270,구영테크,KOSDAQ,1953,21038,1962.0,2094.0,2157.0,1653.0,3005.0,18.1,35.0,55.0,False,False,False,False,False,False,False,False,False,0,False,False,베이스 없음
20261002,066590,스모트로닉,KOSDAQ,2310,51083,2513.0,2512.0,2621.0,1777.0,4200.0,30.0,45.0,55.0,False,False,False,False,False,True,False,False,False,1,False,False,베이스 없음
20261002,067280,멀티캠퍼스,KOSDAQ,26300,3903,24323.0,25749.0,27041.0,21500.0,33500.0,22.3,21.5,55.0,True,False,False,False,False,False,True,False,True,2,False,False,베이스 없음
20261002,071050,한국금융지주,KOSPI,180400,137029,192372.0,222337.0,214414.0,138100.0,300500.0,30.6,40.0,55.0,False,False,True,True,False,True,False,False,False,3,False,False,베이스 없음
20261002,092070,디엔에프,KOSDAQ,14710,82588,12663.0,17073.0,16991.0,9600.0,26000.0,53.2,43.4,55.0,True,False,True,False,False,True,False,False,True,3,False,False,베이스 없음
20261002,119610,인터로조,KOSDAQ,17070,163964,14333.0,17157.0,17089.0,12420.0,23100.0,37.4,26.1,55.0,True,False,True,False,False,True,False,False,True,3,False,False,베이스 없음
20261002,129890,앱코,KOSDAQ,960,207997,965.0,969.0,992.0,835.0,1375.0,15.0,30.2,55.0,False,False,False,False,False,False,False,False,False,0,False,False,베이스 없음
20261002,136540,윈스테크넷,KOSDAQ,10750,5580,10627.0,11054.0,11142.0,9870.0,14580.0,8.9,26.3,55.0,False,False,False,False,False,False,False,False,True,1,False,False,베이스 없음
20261002,142280,녹십자엠에스,KOSDAQ,3345,246784,2936.0,3450.0,3570.0,2200.0,6660.0,52.0,49.8,55.0,True,False,False,False,False,True,False,False,True,2,False,False,베이스 없음
20261002,153710,옵티팜,KOSDAQ,4530,10186,4725.0,4872.0,4956.0,4075.0,6250.0,11.2,27.5,55.0,False,False,False,False,False,False,False,False,False,0,False,False,Stage2 아님
20261002,154040,다산솔루에타,KOSDAQ,9270,5841,9333.0,9946.0,10361.0,6510.0,12840.0,42.4,27.8,55.0,False,False,False,False,False,True,False,False,False,1,False,False,1 형성중
20261002,192400,쿠쿠홀딩스,KOSPI,26950,6213,27052.0,27077.0,27444.0,23300.0,34400.0,15.7,21.7,55.0,False,False,False,False,False,False,True,False,False,1,False,False,베이스 없음
20261002,200880,서연이화,KOSPI,11280,29159,11510.0,12580.0,12999.0,9390.0,18310.0,20.1,38.4,55.0,False,False,False,False,False,False,False,False,False,0,False,False,베이스 없음
20261002,253840,수젠텍,KOSDAQ,4565,101270,4324.0,4819.0,5163.0,3530.0,8250.0,29.3,44.7,55.0,True,False,False,False,False,True,False,False,True,2,False,False,Stage2 아님
20261002,314140,알피바이오,KOSDAQ,5870,19350,6004.0,5988.0,6221.0,4810.0,9130.0,22.0,35.7,55.0,False,False,False,False,False,False,False,False,False,0,False,False,베이스 없음
20261002,334890,이지스밸류플러스리츠,KOSPI,3660,31897,3676.0,3817.0,3914.0,3055.0,4600.0,19.8,20.4,55.0,False,False,False,False,False,False,True,False,False,1,False,False,베이스 없음
20261002,000860,강남제비스코,KOSPI,12040,8728,12336.0,13708.0,14101.0,11110.0,18880.0,8.4,36.2,54.0,False,False,False,True,False,False,False,False,False,1,False,False,베이스 없음
20261002,001560,제일연마,KOSPI,9190,1441,8965.0,9937.0,9869.0,8030.0,12900.0,14.4,28.8,54.0,False,False,True,False,False,False,False,False,True,2,False,False,베이스 없음
20261002,001750,한양증권,KOSPI,19190,2044,19423.0,22682.0,22060.0,17200.0,31500.0,11.6,39.1,54.0,False,False,True,True,False,False,False,False,False,2,False,False,베이스 없음
20261002,002390,한독,KOSPI,8740,1496,9142.0,9292.0,9786.0,6460.0,12150.0,35.3,28.1,54.0,False,False,False,False,False,True,False,False,False,1,False,False,베이스 없음
20261002,003580,HLB글로벌,KOSPI,1791,303149,1559.0,1745.0,1875.0,1000.0,3230.0,79.1,44.6,54.0,True,False,False,False,False,True,False,False,True,2,False,False,베이스 없음
20261002,00499K,롯데지주우,KOSPI,24900,844,23830.0,26101.0,26752.0,20500.0,34700.0,21.5,28.2,54.0,False,False,False,False,False,False,False,False,True,1,False,False,Stage2 아님
20261002,007590,동방아그로,KOSPI,5580,4837,5588.0,5782.0,5827.0,5270.0,6890.0,5.9,19.0,54.0,False,False,False,False,False,False,True,False,False,1,False,False,Stage2 아님
20261002,009770,삼정펄프,KOSPI,27500,3955,27783.0,29220.0,29908.0,24750.0,36450.0,11.1,24.6,54.0,False,False,False,False,False,False,True,False,False,1,False,False,베이스 없음
20261002,024910,경창산업,KOSDAQ,1524,40232,1508.0,1739.0,1803.0,1000.0,3035.0,52.4,49.8,54.0,False,False,False,True,False,True,False,False,True,3,False,False,베이스 없음
20261002,034310,NICE,KOSPI,11880,6487,12674.0,12917.0,13063.0,10660.0,15430.0,11.4,23.0,54.0,False,False,False,False,False,False,True,False,False,1,False,False,베이스 없음
20261002,039340,한국경제TV,KOSDAQ,4825,9260,4875.0,4885.0,5040.0,4270.0,6200.0,13.0,22.2,54.0,False,False,False,False,False,False,True,False,False,1,False,False,베이스 없음
20261002,053700,삼보모터스,KOSDAQ,4045,132422,4002.0,4973.0,5373.0,3520.0,9990.0,14.9,59.5,54.0,False,False,False,True,False,False,False,False,True,2,False,False,베이스 없음
20261002,054050,NH농우바이오,KOSDAQ,7200,11668,6924.0,7363.0,7564.0,6400.0,9020.0,12.5,20.2,54.0,True,False,False,False,False,False,True,False,True,2,False,False,베이스 없음
20261002,058400,KNN,KOSDAQ,6060,4075,5529.0,6282.0,6501.0,4415.0,8950.0,37.3,32.3,54.0,True,False,False,False,False,True,False,False,True,2,False,False,베이스 없음
20261002,066360,체리부로,KOSDAQ,1492,30880,1392.0,1753.0,1708.0,1180.0,2840.0,26.4,47.5,54.0,True,False,True,False,False,True,False,False,True,3,False,False,베이스 없음
20261002,075130,플랜티넷,KOSDAQ,2120,8046,2091.0,2137.0,2209.0,1780.0,3025.0,19.1,29.9,54.0,False,False,False,False,False,False,False,False,True,1,False,False,베이스 없음
20261002,075180,새론오토모티브,KOSPI,2930,3335,2953.0,2977.0,3044.0,2615.0,3495.0,12.0,16.2,54.0,False,False,False,False,False,False,True,False,False,1,False,False,Stage2 아님
20261002,078890,가온그룹,KOSDAQ,4710,93696,4259.0,5681.0,5696.0,3200.0,10920.0,47.2,56.9,54.0,True,False,False,False,False,True,False,False,True,2,False,False,베이스 없음
20261002,100220,비상교육,KOSPI,5000,13376,4986.0,5477.0,5360.0,4460.0,7470.0,12.1,33.1,54.0,False,False,True,False,False,False,False,False,True,2,False,False,베이스 없음
20261002,101490,에스앤에스텍,KOSDAQ,53500,494763,42133.0,65206.0,65372.0,31900.0,108400.0,67.7,50.6,54.0,True,False,False,False,False,True,False,False,True,2,False,False,베이스 없음
20261002,123700,SJM,KOSPI,3280,14448,3391.0,3481.0,3556.0,2945.0,4200.0,11.4,21.9,54.0,False,False,False,False,False,False,True,False,False,1,False,False,베이스 없음
20261002,180400,DXVX,KOSDAQ,2365,32085,2431.0,3268.0,3280.0,1319.0,5360.0,79.3,55.9,54.0,False,False,False,True,False,True,False,False,False,2,False,False,베이스 없음
20261002,192390,윈하이텍,KOSDAQ,1887,8563,1818.0,1867.0,1949.0,1344.0,2780.0,40.4,32.1,54.0,True,False,False,False,False,True,False,False,True,2,False,False,베이스 없음
20261002,205500,넥써쓰,KOSDAQ,1832,53701,1724.0,1726.0,1829.0,1360.0,3380.0,34.7,45.8,54.0,True,True,False,False,False,True,False,False,True,3,False,False,베이스 없음
20261002,339770,교촌에프앤비,KOSPI,3875,23971,3780.0,4006.0,4106.0,3495.0,5050.0,10.9,23.3,54.0,False,False,False,False,False,False,True,False,True,2,False,False,베이스 없음
20261002,395400,SK리츠,KOSPI,5300,169394,5468.0,5798.0,5766.0,4760.0,7200.0,11.3,26.4,54.0,False,False,True,False,False,False,False,False,False,1,False,False,베이스 없음
20261002,456040,OCI,KOSPI,74100,35070,77140.0,94611.0,87966.0,53700.0,163200.0,38.0,54.6,54.0,False,False,True,True,False,True,False,False,False,3,False,False,베이스 없음
20261002,000050,경방,KOSPI,7960,14538,8283.0,8822.0,8966.0,6200.0,15210.0,28.4,47.7,53.0,False,False,False,True,False,True,False,False,False,2,False,False,베이스 없음
20261002,001360,삼성제약,KOSPI,1449,721084,1313.0,1547.0,1590.0,1140.0,2320.0,27.1,37.5,53.0,True,False,False,False,False,True,False,False,True,2,False,False,베이스 없음
20261002,002600,조흥,KOSPI,139000,4,137134.0,141797.0,145878.0,132300.0,164400.0,5.1,15.5,53.0,False,False,False,False,False,False,True,False,True,2,False,False,베이스 없음
20261002,003495,대한항공우,KOSPI,21850,920,21693.0,22585.0,22897.0,20700.0,26800.0,5.6,18.5,53.0,False,False,False,False,False,False,True,False,True,2,False,False,베이스 없음
20261002,005680,삼영전자,KOSPI,12570,15512,12764.0,13772.0,13068.0,10070.0,17990.0,24.8,30.1,53.0,False,False,True,True,False,False,False,False,False,2,False,False,베이스 없음
20261002,009410,태영건설,KOSPI,1635,221896,1650.0,1751.0,1735.0,1510.0,2275.0,8.3,28.1,53.0,False,False,True,True,False,False,False,False,False,2,False,False,Stage2 아님
20261002,009460,한창제지,KOSPI,2770,6781,2943.0,2689.0,2664.0,1730.0,3965.0,60.1,30.1,53.0,False,True,True,True,True,True,False,False,False,5,False,False,베이스 없음
20261002,009520,포스코엠텍,KOSDAQ,13280,345823,11996.0,15042.0,15716.0,8270.0,23100.0,60.6,42.5,53.0,True,False,False,False,False,True,False,False,True,2,False,False,베이스 없음
20261002,012620,원일특강,KOSDAQ,7350,795,6976.0,7738.0,7872.0,6280.0,9850.0,17.0,25.4,53.0,True,False,False,False,False,False,False,False,True,1,False,False,베이스 없음
20261002,013870,지엠비코리아,KOSPI,3820,5303,3862.0,4322.0,4385.0,3510.0,7140.0,8.8,46.5,53.0,False,False,False,False,False,False,False,False,False,0,False,False,베이스 없음
20261002,020710,시공테크,KOSDAQ,3625,47647,3613.0,3932.0,3975.0,3150.0,5990.0,15.1,39.5,53.0,True,False,False,False,False,False,False,False,True,1,False,False,베이스 없음
20261002,033130,디지틀조선,KOSDAQ,1733,14528,1847.0,2169.0,2084.0,1358.0,3070.0,27.6,43.6,53.0,False,False,True,True,False,True,False,False,False,3,False,False,베이스 없음
20260909,056090,시지메드텍,KOSDAQ,1190,2304099,1071.0,1681.0,1568.0,850.0,3555.0,40.0,66.5,53.0,True,False,True,True,False,True,False,False,True,4,False,False,베이스 없음
20261002,065130,탑엔지니어링,KOSDAQ,3010,67221,2821.0,3138.0,3226.0,2345.0,5010.0,28.4,39.9,53.0,False,False,False,False,False,True,False,False,True,2,False,False,베이스 없음
20261002,065710,서호전기,KOSDAQ,43350,4325,44322.0,44776.0,46795.0,37700.0,59900.0,15.0,27.6,53.0,False,False,False,True,False,False,False,False,False,1,False,False,베이스 없음
20261002,078000,텔코웨어,KOSPI,13640,627,13095.0,14868.0,15067.0,11630.0,27450.0,17.3,50.3,53.0,True,False,False,False,False,False,False,False,True,1,False,False,베이스 없음
20261002,090150,아이윈,KOSDAQ,6010,8961,5645.0,6648.0,6814.0,4500.0,10500.0,33.6,42.8,53.0,False,False,False,False,False,True,False,False,True,2,False,False,베이스 없음
20261002,092200,디아이씨,KOSPI,5770,166084,5491.0,6953.0,8163.0,3790.0,15150.0,52.2,61.9,53.0,False,False,False,False,False,True,False,False,True,2,False,False,베이스 없음
20261002,095190,신화프리텍,KOSDAQ,1888,21611,1907.0,2114.0,2147.0,1555.0,2965.0,21.4,36.3,53.0,False,False,False,False,False,False,False,False,False,0,False,False,베이스 없음
20261002,099750,이지케어텍,KOSDAQ,7280,34192,6808.0,7474.0,8018.0,5780.0,11810.0,26.0,38.4,53.0,True,False,False,False,False,True,False,False,True,2,False,False,베이스 없음
20261002,115450,HLB테라퓨틱스,KOSDAQ,2495,507484,2067.0,2566.0,2657.0,1342.0,4160.0,85.9,40.0,53.0,True,False,False,False,False,True,False,False,True,2,False,False,베이스 없음
20261002,221840,하이즈항공,KOSDAQ,2055,7490,2004.0,2309.0,2319.0,1632.0,3500.0,25.9,41.3,53.0,False,False,False,False,False,True,False,False,True,2,False,False,베이스 없음
20261002,274090,켄코아에어로스페이스,KOSDAQ,13320,4802036,10476.0,16714.0,17637.0,7300.0,39600.0,82.5,66.4,53.0,True,False,False,True,False,True,False,False,True,3,False,False,베이스 없음
20261002,434480,모니터랩,KOSDAQ,2960,102942,2590.0,3078.0,3284.0,1800.0,5450.0,64.4,45.7,53.0,True,False,False,False,False,True,False,False,True,2,False,False,Stage2 아님
20261002,484810,티엑스알로보틱스,KOSDAQ,12330,83085,13974.0,14450.0,15348.0,7540.0,26500.0,63.5,53.5,53.0,False,False,False,False,False,True,False,False,False,1,False,False,Stage2 아님
20261002,489790,한화비전,KOSPI,51400,210811,47895.0,63484.0,60303.0,30950.0,97900.0,66.1,47.5,53.0,False,False,True,True,False,True,False,False,True,4,False,False,베이스 없음
20261002,000540,흥국화재,KOSPI,3435,46750,3427.0,3844.0,3819.0,2870.0,7480.0,19.7,54.1,52.0,False,False,True,False,False,False,False,False,True,2,False,False,베이스 없음
20261002,000760,이화산업,KOSPI,12190,325,13098.0,13920.0,14315.0,10380.0,25250.0,17.4,51.7,52.0,False,False,False,False,False,False,False,False,False,0,False,False,베이스 없음
20261002,001065,JW중외제약우,KOSPI,22600,14,22187.0,23751.0,25049.0,19710.0,30300.0,14.7,25.4,52.0,False,False,False,False,False,False,False,False,True,1,False,False,Stage2 아님
20261002,001070,대한방직,KOSPI,5790,8355,6030.0,6261.0,6343.0,4805.0,9460.0,20.5,38.8,52.0,False,False,False,False,False,False,False,False,False,0,False,False,1 형성중
20261002,001685,대상우,KOSPI,14800,435,14486.0,15390.0,15817.0,13500.0,17950.0,9.6,17.5,52.0,False,False,False,False,False,False,True,False,True,2,False,False,Stage2 아님
20261002,002170,SYTS,KOSPI,51800,838,54976.0,56242.0,56291.0,49050.0,62700.0,5.6,17.4,52.0,False,False,False,False,False,False,True,False,False,1,False,False,1 형성중
20261002,0030R0,대신밸류리츠,KOSPI,3920,16244,3826.0,4077.0,4190.0,3455.0,4760.0,13.5,17.6,52.0,False,False,False,False,False,False,True,False,True,2,False,False,Stage2 아님
20261002,005010,휴스틸,KOSPI,4010,379305,3808.0,4568.0,4453.0,3110.0,7300.0,28.9,45.1,52.0,True,False,True,False,False,True,False,False,True,3,False,False,베이스 없음
20261002,014280,금강공업,KOSPI,4560,192806,4320.0,4638.0,5047.0,3420.0,8470.0,33.3,46.2,52.0,False,False,False,False,False,True,False,False,True,2,False,False,베이스 없음
20261002,021820,세원정공,KOSPI,10600,7994,10343.0,12435.0,12448.0,9030.0,17820.0,17.4,40.5,52.0,True,False,False,False,False,False,False,False,True,1,False,False,베이스 없음
20261002,023910,대한약품,KOSDAQ,26100,11092,26482.0,27279.0,27770.0,24000.0,31700.0,8.7,17.7,52.0,False,False,False,False,False,False,True,False,False,1,False,False,베이스 없음
20261002,025820,이구산업,KOSPI,4295,86648,4287.0,4779.0,4975.0,3305.0,7170.0,30.0,40.1,52.0,False,False,False,False,False,True,False,False,True,2,False,False,베이스 없음
20261002,038390,레드캡투어,KOSDAQ,10000,11629,9932.0,10223.0,10631.0,9000.0,13330.0,11.1,25.0,52.0,False,False,False,False,False,False,True,False,True,2,False,False,베이스 없음
20261002,042420,네오위즈홀딩스,KOSDAQ,22200,8621,23591.0,22894.0,23709.0,18640.0,29950.0,19.1,25.9,52.0,False,False,False,False,False,False,False,False,False,0,False,False,베이스 없음
20261002,046310,백금T&A,KOSDAQ,2350,27036,2268.0,2593.0,2897.0,1780.0,5050.0,32.0,53.5,52.0,False,False,False,False,False,True,False,False,True,2,False,False,베이스 없음
20261002,053060,세동,KOSDAQ,1224,12857,1316.0,1315.0,1324.0,1122.0,1678.0,9.1,27.1,52.0,False,False,False,True,False,False,False,False,False,1,False,False,베이스 없음
20261002,090435,아모레퍼시픽우,KOSPI,40150,16059,43981.0,43377.0,44384.0,33300.0,56700.0,20.6,29.2,52.0,False,False,False,False,False,False,False,False,False,0,False,False,베이스 없음
20261002,093920,서원인텍,KOSDAQ,4820,7749,4853.0,4943.0,5042.0,4500.0,5750.0,7.1,16.2,52.0,False,False,False,False,False,False,True,False,False,1,False,False,베이스 없음
20261002,094820,일진파워,KOSDAQ,12220,78850,11705.0,14582.0,14543.0,9010.0,24500.0,35.6,50.1,52.0,True,False,True,True,False,True,False,False,True,4,False,False,베이스 없음
20261002,102260,동성케미컬,KOSPI,3750,66236,3658.0,3896.0,4005.0,3150.0,4773.0,19.0,21.4,52.0,False,False,False,False,False,False,True,False,True,2,False,False,베이스 없음
20261002,123750,알톤,KOSDAQ,1758,8003,1782.0,1991.0,1957.0,1265.0,3500.0,39.0,49.8,52.0,False,False,True,True,False,True,False,False,False,3,False,False,베이스 없음
20261002,126720,수산인더스트리,KOSPI,21450,13304,21682.0,25027.0,24744.0,19430.0,36400.0,10.4,41.1,52.0,False,False,True,True,False,False,False,False,False,2,False,False,베이스 없음
20261002,18064K,한진칼우,KOSPI,30300,319,29521.0,31201.0,33260.0,25100.0,54000.0,20.7,43.9,52.0,True,False,False,False,False,False,False,False,True,1,False,False,베이스 없음
20261002,263810,상신전자,KOSDAQ,2580,25685,2563.0,2729.0,2836.0,2305.0,4215.0,11.9,38.8,52.0,False,False,False,False,False,False,False,False,True,1,False,False,베이스 없음
20261002,357120,코람코라이프인프라리츠,KOSPI,4080,41571,4188.0,4319.0,4355.0,3750.0,4950.0,8.8,17.6,52.0,False,False,False,False,False,False,True,False,False,1,False,False,베이스 없음
20261002,393210,토마토시스템,KOSDAQ,3430,406994,2458.0,3275.0,3744.0,1809.0,6950.0,89.6,50.6,52.0,True,False,False,False,False,True,False,False,True,2,False,False,베이스 없음
20261002,424760,벨로크,KOSDAQ,2075,28542,2187.0,2485.0,2427.0,1700.0,6161.0,22.1,66.3,52.0,False,False,True,False,False,False,False,False,False,1,False,False,베이스 없음
20261002,002920,유성기업,KOSPI,1783,60140,1804.0,1839.0,1926.0,1600.0,2590.0,11.4,31.2,51.0,False,False,False,False,False,False,False,False,False,0,False,False,베이스 없음
20261002,004890,동일산업,KOSPI,34650,499,35266.0,36561.0,37137.0,32000.0,42150.0,8.3,17.8,51.0,False,False,False,False,False,False,True,False,False,1,False,False,베이스 없음
20261002,005305,롯데칠성우,KOSPI,66000,104,67284.0,73707.0,75062.0,64400.0,93400.0,2.5,29.3,51.0,False,False,False,False,False,False,False,False,False,0,False,False,베이스 없음
20261002,006280,녹십자,KOSPI,126600,14875,125010.0,133528.0,140599.0,105900.0,183800.0,19.5,31.1,51.0,True,False,False,False,False,False,False,False,True,1,False,False,베이스 없음
20261002,007160,사조산업,KOSPI,47800,1328,49612.0,49898.0,52135.0,39150.0,72800.0,22.1,34.3,51.0,False,False,False,False,False,False,False,False,False,0,False,False,1 형성중
20261002,007820,엠엑스로보틱스,KOSDAQ,3520,72042,3615.0,4152.0,4401.0,2475.0,7580.0,42.2,53.6,51.0,False,False,False,False,False,True,False,False,False,1,False,False,베이스 없음
20261002,008700,아남전자,KOSPI,1242,74782,1229.0,1297.0,1309.0,1024.0,1938.0,21.3,35.9,51.0,False,False,False,True,False,False,False,False,True,2,False,False,Stage2 아님
20261002,010470,오리콤,KOSDAQ,5040,2557,4828.0,5268.0,5412.0,4255.0,6910.0,18.4,27.1,51.0,True,False,False,False,False,False,False,False,True,1,False,False,베이스 없음
20261002,014190,원익큐브,KOSDAQ,1332,51860,1220.0,1455.0,1565.0,956.0,2730.0,39.3,51.2,51.0,True,False,False,False,False,True,False,False,True,2,False,False,베이스 없음
20261002,037710,광주신세계,KOSPI,33950,13383,36697.0,37912.0,36554.0,29450.0,59600.0,15.3,43.0,51.0,False,False,True,True,False,False,False,False,False,2,False,False,베이스 없음
20261002,039570,HDC랩스,KOSPI,7490,1304,7564.0,7867.0,7975.0,7210.0,8700.0,3.9,13.9,51.0,False,False,False,False,False,False,True,False,False,1,False,False,베이스 없음
20261002,053290,NE능률,KOSDAQ,1549,7476,1707.0,1792.0,1810.0,1065.0,2540.0,45.4,39.0,51.0,False,False,False,False,False,True,False,False,False,1,False,False,베이스 없음
20261002,054300,팬스타엔터프라이즈,KOSDAQ,1038,87218,1048.0,1059.0,1142.0,680.0,1978.0,52.6,47.5,51.0,False,False,False,False,False,True,False,False,False,1,False,False,1 형성중
20261002,060380,동양에스텍,KOSDAQ,1326,6828,1254.0,1315.0,1358.0,1000.0,1912.0,32.6,30.6,51.0,False,False,False,False,False,True,False,False,True,2,False,False,베이스 없음
20261002,066980,한성크린텍,KOSDAQ,1520,203564,1515.0,1610.0,1524.0,1074.0,2745.0,41.5,44.6,51.0,False,False,True,True,False,True,False,False,True,4,False,False,베이스 없음
20261002,072710,농심홀딩스,KOSPI,89200,737,91520.0,92575.0,92188.0,81700.0,127200.0,9.2,29.9,51.0,False,False,True,False,False,False,False,False,False,1,False,False,베이스 없음
20261002,092130,이크레더블,KOSDAQ,14270,1618,14286.0,14511.0,14980.0,13320.0,18490.0,7.1,22.8,51.0,False,False,False,False,False,False,True,False,False,1,False,False,베이스 없음
20261002,151860,KG에코솔루션,KOSDAQ,5400,194803,5534.0,5888.0,5913.0,4745.0,7600.0,13.8,28.9,51.0,False,False,False,False,False,False,False,False,False,0,False,False,베이스 없음
20261002,156100,엘앤케이바이오,KOSDAQ,6310,100806,4572.0,6124.0,8072.0,2730.0,16400.0,131.1,61.5,51.0,True,False,False,False,False,True,False,False,True,2,False,False,베이스 없음
20261002,187270,신화콘텍,KOSDAQ,3005,4057,2958.0,3284.0,3325.0,2400.0,4450.0,25.2,32.5,51.0,False,False,False,False,False,True,False,False,True,2,False,False,베이스 없음
20261002,241560,두산밥캣,KOSPI,55500,83081,61306.0,63900.0,63098.0,53000.0,79700.0,4.7,30.4,51.0,False,False,True,True,False,False,False,False,False,2,False,False,1 형성중
20261002,246710,티앤알바이오팹,KOSDAQ,2305,131816,2399.0,2552.0,2791.0,1127.0,4925.0,104.5,53.2,51.0,False,False,False,True,False,True,False,False,False,2,False,False,Stage2 아님
20261002,293490,카카오게임즈,KOSDAQ,10180,578949,8733.0,10208.0,11516.0,6780.0,18440.0,50.1,44.8,51.0,True,False,False,False,False,True,False,False,True,2,False,False,Stage2 아님
20261002,294140,레몬,KOSDAQ,2940,28501,2262.0,2823.0,3757.0,1200.0,9500.0,145.0,69.1,51.0,True,False,False,False,False,True,False,False,True,2,False,False,베이스 없음
20261002,377330,이지트로닉스,KOSDAQ,2840,3430,2678.0,2966.0,3160.0,2110.0,4600.0,34.6,38.3,51.0,True,False,False,False,False,True,False,False,True,2,False,False,Stage2 아님
20261002,417790,트루엔,KOSDAQ,6880,17729,6451.0,6823.0,7134.0,5100.0,9080.0,34.9,24.2,51.0,True,False,False,False,False,True,True,False,True,3,False,False,Stage2 아님
20261002,950220,네오이뮨텍,KOSDAQ,1991,167478,1930.0,2125.0,2484.0,1115.0,4485.0,78.6,55.6,51.0,True,False,False,False,False,True,False,False,True,2,False,False,베이스 없음
20261002,000680,LS네트웍스,KOSPI,2995,84451,2947.0,3185.0,3243.0,2560.0,4965.0,17.0,39.7,50.0,False,False,False,False,False,False,False,False,True,1,False,False,베이스 없음
20261002,000725,현대건설우,KOSPI,51600,3723,52415.0,60370.0,60629.0,43100.0,85000.0,19.7,39.3,50.0,False,False,False,True,False,False,False,False,False,1,False,False,베이스 없음
20261002,002230,피에스텍,KOSDAQ,5280,51986,5080.0,7095.0,8071.0,3715.0,16990.0,42.1,68.9,50.0,True,False,False,True,False,True,False,False,True,3,False,False,베이스 없음
20261002,002290,삼일기업공사,KOSDAQ,3385,7432,3286.0,3577.0,3625.0,3005.0,4600.0,12.6,26.4,50.0,False,False,False,False,False,False,False,False,True,1,False,False,베이스 없음
20261002,003070,코오롱글로벌,KOSPI,9140,10967,9317.0,9929.0,9758.0,7900.0,13570.0,15.7,32.6,50.0,False,False,True,True,False,False,False,False,False,2,False,False,베이스 없음
20261002,006040,동원산업,KOSPI,35450,16490,36690.0,36708.0,38123.0,29850.0,51500.0,18.8,31.2,50.0,False,False,False,False,False,False,False,False,False,0,False,False,베이스 없음
20261002,008420,문배철강,KOSPI,2085,37284,2147.0,2247.0,2203.0,1880.0,3580.0,10.9,41.8,50.0,False,False,True,True,False,False,False,False,False,2,False,False,Stage2 아님
20261002,009835,한화솔루션우,KOSPI,18710,9766,17368.0,20460.0,20557.0,14630.0,31702.0,27.9,41.0,50.0,False,False,False,False,False,True,False,False,True,2,False,False,베이스 없음
20261002,017800,현대엘리베이터,KOSPI,73100,70964,72610.0,80937.0,84010.0,61800.0,113400.0,18.3,35.5,50.0,False,False,False,False,False,False,False,False,True,1,False,False,베이스 없음
20261002,025900,동화기업,KOSDAQ,7450,69516,6888.0,8438.0,8635.0,4500.0,12980.0,65.6,42.6,50.0,True,False,False,False,False,True,False,False,True,2,False,False,베이스 없음
20261002,026890,스틱인베스트먼트,KOSPI,7920,34608,8123.0,8583.0,9081.0,5990.0,13390.0,32.2,40.9,50.0,False,False,False,False,False,True,False,False,False,1,False,False,베이스 없음
20261002,033270,유나이티드제약,KOSPI,17640,18070,17935.0,18772.0,18902.0,16100.0,21800.0,9.6,19.1,50.0,False,False,False,False,False,False,True,False,False,1,False,False,베이스 없음
20261002,039440,에스티아이,KOSDAQ,25950,165433,21123.0,27889.0,28933.0,17320.0,43200.0,49.8,39.9,50.0,True,False,False,False,False,True,False,False,True,2,False,False,베이스 없음
20261002,049480,오픈베이스,KOSDAQ,1984,102261,1874.0,2196.0,2236.0,1521.0,4195.0,30.4,52.7,50.0,True,False,False,False,False,True,False,False,True,2,False,False,베이스 없음
20261002,084010,대한제강,KOSPI,8860,256441,8239.0,9539.0,10100.0,6800.0,15503.0,30.3,42.8,50.0,True,False,False,False,False,True,False,False,True,2,False,False,베이스 없음
20261002,089980,상아프론테크,KOSDAQ,16500,33650,14601.0,19135.0,18590.0,10600.0,30050.0,55.7,45.1,50.0,True,False,True,False,False,True,False,False,True,3,False,False,베이스 없음
20261002,103140,풍산,KOSPI,79100,84494,77066.0,84559.0,91910.0,55200.0,159200.0,43.3,50.3,50.0,False,False,False,False,False,True,False,False,True,2,False,False,베이스 없음
20261002,123410,코리아에프티,KOSDAQ,5980,51588,5678.0,6315.0,6793.0,4600.0,9550.0,30.0,37.4,50.0,True,False,False,False,False,True,False,False,True,2,False,False,베이스 없음
20261002,126600,BGF에코머티리얼즈,KOSDAQ,3200,62857,2936.0,3395.0,3519.0,2460.0,6520.0,30.1,50.9,50.0,True,False,False,False,False,True,False,False,True,2,False,False,베이스 없음
20261002,126700,하이비젼시스템,KOSDAQ,11790,71487,10796.0,13586.0,14374.0,8000.0,21500.0,47.4,45.2,50.0,True,False,False,False,False,True,False,False,True,2,False,False,베이스 없음
20261002,138070,신진에스엠,KOSDAQ,1482,8258,1518.0,1586.0,1689.0,911.0,2310.0,62.7,35.8,50.0,False,False,False,False,False,True,False,False,False,1,False,False,베이스 없음
20261002,145270,케이탑리츠,KOSPI,803,69461,796.0,826.0,853.0,726.0,974.0,10.6,17.6,50.0,False,False,False,False,False,False,True,False,True,2,False,False,베이스 없음
20261002,192250,케이사인,KOSDAQ,8400,33974,7599.0,9214.0,9408.0,6330.0,16000.0,32.7,47.5,50.0,True,False,False,False,False,True,False,False,True,2,False,False,베이스 없음
20261002,348030,모비릭스,KOSDAQ,2775,26037,3072.0,2714.0,2785.0,2100.0,4310.0,32.1,35.6,50.0,False,False,False,False,True,True,False,False,False,2,False,False,Stage2 아님
20261002,356890,싸이버원,KOSDAQ,2670,39402,2372.0,2820.0,3103.0,1810.0,5420.0,47.5,50.7,50.0,True,False,False,False,False,True,False,False,True,2,False,False,베이스 없음
20261002,361570,알비더블유,KOSDAQ,1592,5696,1556.0,1711.0,1784.0,1211.0,3435.0,31.5,53.7,50.0,False,False,False,False,False,True,False,False,True,2,False,False,베이스 없음
20261002,430690,한싹,KOSDAQ,3200,207123,2561.0,3323.0,3662.0,1722.0,7790.0,85.8,58.9,50.0,True,False,False,False,False,True,False,False,True,2,False,False,베이스 없음
20261002,487570,HS효성,KOSPI,49950,2639,46910.0,52002.0,54230.0,37400.0,75400.0,33.6,33.8,50.0,True,False,False,False,False,True,False,False,True,2,False,False,Stage2 아님
20261002,001420,태원물산,KOSPI,2900,16738,2697.0,2762.0,2898.0,1943.0,3850.0,49.3,24.7,49.0,True,True,False,False,False,True,True,False,True,4,False,False,베이스 없음
20261002,004000,롯데정밀화학,KOSPI,42850,23742,45694.0,49301.0,48580.0,41350.0,71800.0,3.6,40.3,49.0,False,False,True,False,False,False,False,False,False,1,False,False,베이스 없음
20261002,009970,영원무역홀딩스,KOSPI,164600,9442,178892.0,195157.0,196643.0,129500.0,262000.0,27.1,37.2,49.0,False,False,False,False,False,True,False,False,False,1,False,False,베이스 없음
20261002,011040,경동제약,KOSDAQ,5020,7739,5038.0,5229.0,5376.0,4700.0,6270.0,6.8,19.9,49.0,False,False,False,False,False,False,True,False,False,1,False,False,Stage2 아님
20261002,011690,와이투솔루션,KOSPI,3715,336167,3292.0,4953.0,4950.0,2400.0,9900.0,54.8,62.5,49.0,True,False,True,True,False,True,False,False,True,4,False,False,베이스 없음
20261002,032620,GC메디아이,KOSDAQ,3200,30334,3043.0,3420.0,3543.0,2645.0,4390.0,21.0,27.1,49.0,True,False,False,False,False,False,False,False,True,1,False,False,베이스 없음
20261002,050860,아세아텍,KOSDAQ,1748,11288,1678.0,1851.0,1865.0,1560.0,2165.0,12.1,19.3,49.0,True,False,False,False,False,False,True,False,True,2,False,False,Stage2 아님
20261002,060980,HL홀딩스,KOSPI,38350,9422,39244.0,41695.0,42776.0,35500.0,54700.0,8.0,29.9,49.0,False,False,False,False,False,False,False,False,False,0,False,False,베이스 없음
20261002,069080,웹젠,KOSDAQ,11700,93954,11506.0,11684.0,12223.0,9530.0,18010.0,22.8,35.0,49.0,False,False,False,False,False,False,False,False,True,1,False,False,베이스 없음
20261002,069260,TKG휴켐스,KOSPI,15990,28959,15932.0,16832.0,17457.0,14300.0,21550.0,11.8,25.8,49.0,False,False,False,False,False,False,False,False,True,1,False,False,베이스 없음
20261002,076080,웰크론한텍,KOSDAQ,1013,31431,1062.0,1063.0,1094.0,623.0,1761.0,62.6,42.5,49.0,False,False,False,False,False,True,False,False,False,1,False,False,1 형성중
20261002,081660,미스토홀딩스,KOSPI,39050,111049,41775.0,42383.0,43257.0,36000.0,55800.0,8.5,30.0,49.0,False,False,False,False,False,False,False,False,False,0,False,False,베이스 없음
20261002,140430,카티스,KOSDAQ,2485,50515,2024.0,2750.0,3202.0,1500.0,10325.0,65.7,75.9,49.0,True,False,False,False,False,True,False,False,True,2,False,False,베이스 없음
20261002,145995,삼양사우,KOSPI,32000,3609,33051.0,33138.0,34185.0,30000.0,38550.0,6.7,17.0,49.0,False,False,False,False,False,False,True,False,False,1,False,False,베이스 없음
20261002,183190,아세아시멘트,KOSPI,10180,21377,10008.0,10497.0,10981.0,8310.0,14170.0,22.5,28.2,49.0,True,False,False,False,False,False,False,False,True,1,False,False,베이스 없음
20261002,208140,정다운,KOSDAQ,2245,27487,2255.0,2359.0,2423.0,2050.0,2785.0,9.5,19.4,49.0,False,False,False,False,False,False,True,False,False,1,False,False,베이스 없음
20261002,214390,경보제약,KOSPI,5460,22669,5304.0,5847.0,5854.0,4700.0,9300.0,16.2,41.3,49.0,True,False,False,False,False,False,False,False,True,1,False,False,베이스 없음
20261002,241520,DSC인베스트먼트,KOSDAQ,8550,115160,7999.0,11395.0,10661.0,6120.0,19700.0,39.7,56.6,49.0,True,False,True,True,False,True,False,False,True,4,False,False,베이스 없음
20261002,290560,파라택시스이더리움,KOSDAQ,1297,113220,1173.0,1395.0,1456.0,769.0,2265.0,68.7,42.7,49.0,True,False,False,False,False,True,False,False,True,2,False,False,베이스 없음
20261002,300080,플리토,KOSDAQ,9090,21368,8574.0,9483.0,11135.0,5510.0,20200.0,65.0,55.0,49.0,True,False,False,False,False,True,False,False,True,2,False,False,베이스 없음
20261002,318410,비비씨,KOSDAQ,6450,6322,6245.0,6643.0,6874.0,5090.0,9470.0,26.7,31.9,49.0,False,False,False,False,False,True,False,False,True,2,False,False,베이스 없음
20261002,338100,NH프라임리츠,KOSPI,3890,45458,3808.0,4148.0,4221.0,3390.0,4975.0,14.7,21.8,49.0,False,False,False,False,False,False,True,False,True,2,False,False,베이스 없음
20261002,363280,티와이홀딩스,KOSPI,2085,4396,1947.0,2258.0,2350.0,1635.0,3180.0,27.5,34.4,49.0,True,False,False,False,False,True,False,False,True,2,False,False,Stage2 아님
20261002,372800,아이티아이즈,KOSDAQ,2930,12906,2961.0,3404.0,3797.0,1511.0,8570.0,93.9,65.8,49.0,False,False,False,False,False,True,False,False,False,1,False,False,Stage2 아님
20261002,445680,큐리옥스바이오시스템즈,KOSDAQ,56500,59113,46377.0,70124.0,80134.0,31650.0,149200.0,78.5,62.1,49.0,True,False,False,False,False,True,False,False,True,2,False,False,베이스 없음
20261002,454910,두산로보틱스,KOSPI,73100,371254,69724.0,87103.0,89127.0,54200.0,170000.0,34.9,57.0,49.0,False,False,False,False,False,True,False,False,True,2,False,False,베이스 없음
20261002,469750,아이비젼웍스,KOSDAQ,5690,904623,4170.0,5282.0,5652.0,2550.0,10500.0,123.1,45.8,49.0,True,True,False,False,False,True,False,False,True,3,False,False,베이스 없음
20261002,000220,유유제약,KOSPI,3785,22463,3749.0,3957.0,4081.0,3320.0,5100.0,14.0,25.8,48.0,False,False,False,False,False,False,False,False,True,1,False,False,Stage2 아님
20261002,000590,CS홀딩스,KOSPI,70300,238,67128.0,73083.0,74638.0,60300.0,91000.0,16.6,22.7,48.0,True,False,False,False,False,False,True,False,True,2,False,False,베이스 없음
20261002,001460,BYC,KOSPI,35900,800,36188.0,40814.0,41923.0,29150.0,71500.0,23.2,49.8,48.0,False,False,False,False,False,False,False,False,False,0,False,False,베이스 없음
20261002,001795,대한제당우,KOSPI,2140,5294,2126.0,2247.0,2315.0,1951.0,3075.0,9.7,30.4,48.0,False,False,False,False,False,False,False,False,True,1,False,False,Stage2 아님
20261002,004090,한국석유,KOSPI,11980,151278,11274.0,13731.0,13932.0,9690.0,33575.0,23.6,64.3,48.0,True,False,False,False,False,False,False,False,True,1,False,False,베이스 없음
20261002,005610,삼립,KOSPI,41950,5359,40053.0,43787.0,45812.0,34650.0,56300.0,21.1,25.5,48.0,True,False,False,False,False,False,False,False,True,1,False,False,베이스 없음
20261002,007280,한국특강,KOSPI,2350,10016,2202.0,2431.0,2534.0,1693.0,3600.0,38.8,34.7,48.0,False,False,False,False,False,True,False,False,True,2,False,False,베이스 없음
20261002,010640,진양폴리,KOSPI,2085,58600,1863.0,2095.0,2320.0,1433.0,4484.0,45.5,53.5,48.0,True,False,False,False,False,True,False,False,True,2,False,False,베이스 없음
20261002,025860,남해화학,KOSPI,6030,147177,5990.0,7071.0,7006.0,5250.0,12820.0,14.9,53.0,48.0,False,False,True,False,False,False,False,False,True,2,False,False,베이스 없음
20261002,033920,무학,KOSPI,7420,15619,7617.0,8123.0,8330.0,7080.0,10490.0,4.8,29.3,48.0,False,False,False,False,False,False,False,False,False,0,False,False,베이스 없음
20261002,038460,바이오스마트,KOSDAQ,2895,124034,2748.0,3379.0,3591.0,2305.0,6930.0,25.6,58.2,48.0,True,False,False,True,False,True,False,False,True,3,False,False,베이스 없음
20261002,038950,파인디지털,KOSDAQ,2925,1298,3018.0,3118.0,3106.0,2740.0,3735.0,6.8,21.7,48.0,False,False,True,False,False,False,True,False,False,2,False,False,베이스 없음
20261002,047080,한빛소프트,KOSDAQ,1083,96719,1023.0,1184.0,1189.0,823.0,1942.0,31.6,44.2,48.0,True,False,False,False,False,True,False,False,True,2,False,False,Stage2 아님
20261002,049830,승일,KOSDAQ,6750,71,6401.0,6875.0,7210.0,5760.0,9800.0,17.2,31.1,48.0,True,False,False,False,False,False,False,False,True,1,False,False,베이스 없음
20261002,078070,유비쿼스홀딩스,KOSDAQ,9230,45965,8765.0,11447.0,11291.0,7200.0,21550.0,28.2,57.2,48.0,False,False,True,False,False,True,False,False,True,3,False,False,베이스 없음
20261002,080520,오디텍,KOSDAQ,2890,7872,2891.0,3285.0,3242.0,2500.0,5720.0,15.6,49.5,48.0,False,False,True,False,False,False,False,False,False,1,False,False,베이스 없음
20261002,092780,DYP,KOSPI,3405,35921,3326.0,4057.0,4210.0,2870.0,10250.0,18.6,66.8,48.0,False,False,False,True,False,False,False,False,True,2,False,False,베이스 없음
20261002,096690,에이루트,KOSDAQ,6410,2216,6361.0,6607.0,7612.0,4755.0,12942.0,34.8,50.5,48.0,False,False,False,False,False,True,False,False,True,2,False,False,1 형성중
20261002,117580,대성에너지,KOSPI,7100,57666,6955.0,8056.0,8062.0,6400.0,16150.0,10.9,56.0,48.0,True,False,False,False,False,False,False,False,True,1,False,False,베이스 없음
20261002,130740,티피씨글로벌,KOSDAQ,1847,5420,1991.0,2035.0,2043.0,1610.0,3495.0,14.7,47.2,48.0,False,False,False,True,False,False,False,False,False,1,False,False,베이스 없음
20261002,207940,삼성바이오로직스,KOSPI,1366000,51556,1468777.0,1467162.0,1537416.0,1218547.0,1971704.0,12.1,30.7,48.0,False,False,False,False,False,False,False,False,False,0,False,False,베이스 없음
20250609,246250,에스엘에스바이오,KOSDAQ,1969,285747,1829.0,1944.0,2435.0,1431.0,5430.0,37.6,63.7,48.0,True,False,False,False,False,True,False,False,True,2,False,False,베이스 없음
20261002,272450,진에어,KOSPI,5910,51597,5622.0,5944.0,6193.0,4710.0,8470.0,25.5,30.2,48.0,True,False,False,False,False,True,False,False,True,2,False,False,베이스 없음
20261002,357580,아모센스,KOSDAQ,8100,451127,5923.0,11613.0,11158.0,4090.0,29900.0,98.0,72.9,48.0,True,False,True,False,False,True,False,False,True,3,False,False,베이스 없음
20261002,372170,윤성에프앤씨,KOSDAQ,22100,14969,19406.0,24437.0,26441.0,11230.0,43900.0,96.8,49.7,48.0,True,False,False,False,False,True,False,False,True,2,False,False,Stage2 아님
20261002,455900,엔젤로보틱스,KOSDAQ,21850,29295,20832.0,24074.0,26444.0,14860.0,43950.0,47.0,50.3,48.0,False,False,False,False,False,True,False,False,True,2,False,False,베이스 없음
20261002,460870,에스엠씨지,KOSDAQ,3030,46971,2832.0,2979.0,3150.0,1790.0,6550.0,69.3,53.7,48.0,True,False,False,False,False,True,False,False,True,2,False,False,Stage2 아님
20260123,001840,이화공영,KOSDAQ,2215,0,2215.0,2215.0,2215.0,1781.0,4112.0,24.4,46.1,47.0,False,False,False,False,False,False,False,False,False,0,False,False,Stage2 아님
20261002,003080,SB성보,KOSPI,2245,19194,2235.0,2386.0,2485.0,2040.0,2985.0,10.0,24.8,47.0,False,False,False,False,False,False,True,False,True,2,False,False,Stage2 아님
20261002,003535,한화투자증권우,KOSPI,6540,13220,6186.0,7354.0,7625.0,4600.0,16920.0,42.2,61.3,47.0,True,False,False,False,False,True,False,False,True,2,False,False,베이스 없음
20261002,010130,고려아연,KOSPI,1083000,9625,1159800.0,1343113.0,1387365.0,877000.0,2188000.0,23.5,50.5,47.0,False,False,False,False,False,False,False,False,False,0,False,False,1 형성중
20261002,010770,평화홀딩스,KOSPI,3540,12432,3660.0,3899.0,3891.0,3450.0,5390.0,2.6,34.3,47.0,False,False,True,False,False,False,False,False,False,1,False,False,베이스 없음
20261002,014790,HL D&I,KOSPI,2510,25227,2504.0,2869.0,2859.0,2110.0,4120.0,19.0,39.1,47.0,False,False,True,False,False,False,False,False,True,2,False,False,베이스 없음
20261002,014820,동원시스템즈,KOSPI,21350,15611,21242.0,22729.0,23722.0,17520.0,30700.0,21.9,30.5,47.0,True,False,False,False,False,False,False,False,True,1,False,False,베이스 없음
20261002,019570,GMI벤처,KOSDAQ,2780,10644,2707.0,3326.0,3268.0,2155.0,9380.0,29.0,70.4,47.0,True,False,True,True,False,True,False,False,True,4,False,False,베이스 없음
20261002,024120,KB오토시스,KOSDAQ,3060,11230,3087.0,3378.0,3443.0,2905.0,4440.0,5.3,31.1,47.0,False,False,False,False,False,False,False,False,False,0,False,False,베이스 없음
20261002,025980,아난티,KOSDAQ,5120,695716,4670.0,5635.0,6227.0,3150.0,10480.0,62.5,51.1,47.0,False,False,False,False,False,True,False,False,True,2,False,False,베이스 없음
20261002,027410,BGF,KOSPI,3725,42339,3906.0,4266.0,4200.0,3605.0,5420.0,3.3,31.3,47.0,False,False,True,False,False,False,False,False,False,1,False,False,베이스 없음
20261002,038620,위즈코프,KOSDAQ,2155,18142,1900.0,2204.0,2377.0,1678.0,3415.0,28.4,36.9,47.0,True,False,False,False,False,True,False,False,True,2,False,False,베이스 없음
20261002,039310,세중,KOSDAQ,1177,11527,1313.0,1395.0,1379.0,830.0,2900.0,41.8,59.4,47.0,False,False,True,False,False,True,False,False,False,2,False,False,Stage2 아님
20261002,039740,한국정보공학,KOSDAQ,2960,3521,3078.0,3478.0,3378.0,2660.0,6050.0,11.3,51.1,47.0,False,False,True,True,False,False,False,False,False,2,False,False,베이스 없음
20261002,045660,에이텍,KOSDAQ,8560,5377,8791.0,9015.0,9298.0,7300.0,12940.0,17.3,33.8,47.0,False,False,False,False,False,False,False,False,False,0,False,False,베이스 없음
20261002,049720,고려신용정보,KOSDAQ,9150,9129,9230.0,9738.0,9908.0,8820.0,11940.0,3.7,23.4,47.0,False,False,False,False,False,False,True,False,False,1,False,False,Stage2 아님
20261002,084690,대상홀딩스,KOSPI,7850,13425,7785.0,8535.0,8841.0,6470.0,11060.0,21.3,29.0,47.0,False,False,False,False,False,False,False,False,True,1,False,False,베이스 없음
20261002,089470,HDC현대EP,KOSPI,3790,54635,3877.0,4449.0,4504.0,3400.0,6600.0,11.5,42.6,47.0,False,False,False,False,False,False,False,False,False,0,False,False,베이스 없음
20261002,134790,시디즈,KOSPI,18600,135,19414.0,19190.0,19598.0,15300.0,26350.0,21.6,29.4,47.0,False,False,False,False,False,False,False,False,False,0,False,False,베이스 없음
20261002,178780,일월지엠엘,KOSDAQ,2470,51604,2344.0,2442.0,2527.0,1997.0,3300.0,23.7,25.2,47.0,True,False,False,False,False,False,False,False,True,1,False,False,Stage2 아님
20261002,298540,더네이쳐홀딩스,KOSDAQ,6780,69791,6638.0,6944.0,7308.0,5580.0,10520.0,21.5,35.6,47.0,False,False,False,False,False,False,False,False,True,1,False,False,베이스 없음
20261002,322510,제이엘케이,KOSDAQ,5160,88311,5039.0,5693.0,5898.0,3765.0,9210.0,37.1,44.0,47.0,True,False,False,True,False,True,False,False,True,3,False,False,베이스 없음
20261002,382900,범한퓨얼셀,KOSDAQ,25050,78295,19038.0,25091.0,26322.0,11810.0,44200.0,112.1,43.3,47.0,True,False,False,False,False,True,False,False,True,2,False,False,베이스 없음
20261002,38380K,LX홀딩스1우,KOSPI,7410,1636,7429.0,7890.0,8112.0,6810.0,9500.0,8.8,22.0,47.0,False,False,False,False,False,False,True,False,False,1,False,False,Stage2 아님
20261002,405920,나라셀라,KOSDAQ,1938,12611,1794.0,2118.0,2203.0,1561.0,2790.0,24.2,30.5,47.0,True,False,False,False,False,False,False,False,True,1,False,False,Stage2 아님
20261002,416180,신성에스티,KOSDAQ,26500,30792,22323.0,27960.0,29825.0,13800.0,51900.0,92.0,48.9,47.0,True,False,False,False,False,True,False,False,True,2,False,False,베이스 없음
20261002,464080,에스오에스랩,KOSDAQ,10570,109704,9445.0,12350.0,13708.0,6550.0,28700.0,61.4,63.2,47.0,True,False,False,True,False,True,False,False,True,3,False,False,베이스 없음
20261002,001260,남광토건,KOSPI,8170,63420,7693.0,8472.0,8440.0,6420.0,13400.0,27.3,39.0,46.0,False,False,True,True,False,True,False,False,True,4,False,False,베이스 없음
20261002,001680,대상,KOSPI,17810,40157,18067.0,19053.0,19722.0,15880.0,24150.0,12.2,26.3,46.0,False,False,False,False,False,False,False,False,False,0,False,False,베이스 없음
20261002,003000,부광약품,KOSPI,4120,207832,4108.0,5182.0,4890.0,3460.0,9890.0,19.1,58.3,46.0,False,False,True,True,False,False,False,False,True,3,False,False,베이스 없음
20261002,003680,한성기업,KOSPI,4470,84093,5467.0,5305.0,5340.0,3915.0,17340.0,14.2,74.2,46.0,False,False,False,False,True,False,False,False,False,1,False,False,1 형성중
20261002,009140,케이아이이,KOSPI,19900,1085,21846.0,23071.0,22410.0,18500.0,35000.0,7.6,43.1,46.0,False,False,True,True,False,False,False,False,False,2,False,False,1 형성중
20261002,017390,서울가스,KOSPI,54000,4590,55106.0,59058.0,60404.0,51800.0,84200.0,4.2,35.9,46.0,False,False,False,False,False,False,False,False,False,0,False,False,베이스 없음
20261002,018620,우진비앤지,KOSDAQ,2665,4345,2690.0,2778.0,2939.0,2120.0,4362.0,25.7,38.9,46.0,False,False,False,False,False,True,False,False,False,1,False,False,베이스 없음
20261002,026040,제이에스티나,KOSDAQ,2220,36860,2056.0,2416.0,2577.0,1491.0,4980.0,48.9,55.4,46.0,False,False,False,False,False,True,False,False,True,2,False,False,베이스 없음
20261002,042520,한스바이오메드,KOSDAQ,21700,77501,19832.0,28087.0,29147.0,12710.0,57800.0,70.7,62.5,46.0,True,False,False,False,False,True,False,False,True,2,False,False,베이스 없음
20261002,066700,테라젠이텍스,KOSDAQ,2285,23901,2132.0,2432.0,2571.0,1845.0,3470.0,23.8,34.1,46.0,True,False,False,False,False,False,False,False,True,1,False,False,베이스 없음
20261002,067080,대화제약,KOSDAQ,11620,31444,10436.0,12070.0,13302.0,7460.0,24900.0,55.8,53.3,46.0,True,False,False,False,False,True,False,False,True,2,False,False,베이스 없음
20261002,067370,선바이오,KOSDAQ,5550,996,6104.0,6152.0,6020.0,4840.0,8500.0,14.7,34.7,46.0,False,False,True,False,False,False,False,False,False,1,False,False,베이스 없음
20261002,068100,케이웨더,KOSDAQ,2365,5470,2324.0,2461.0,2626.0,1900.0,4175.0,24.5,43.4,46.0,False,False,False,False,False,False,False,False,True,1,False,False,Stage2 아님
20261002,069920,엑시온그룹,KOSDAQ,1349,1306705,1130.0,1831.0,2685.0,499.0,13281.0,170.3,89.8,46.0,True,False,False,False,False,True,False,False,True,2,False,False,Stage2 아님
20261002,079810,APS이노베이션,KOSDAQ,3695,74382,3438.0,4198.0,4455.0,2270.0,8440.0,62.8,56.2,46.0,True,False,False,False,False,True,False,False,True,2,False,False,베이스 없음
20261002,088980,맥쿼리인프라,KOSPI,9820,424912,9861.0,10638.0,10823.0,9320.0,11890.0,5.4,17.4,46.0,True,False,False,False,False,False,True,False,False,1,False,False,베이스 없음
20261002,089140,넥스턴앤롤코리아,KOSDAQ,2165,43561,2179.0,2224.0,2273.0,1853.0,3250.0,16.8,33.4,46.0,False,False,False,False,False,False,False,False,False,0,False,False,Stage2 아님
20261002,111770,영원무역,KOSPI,67300,63523,78720.0,81574.0,82900.0,56800.0,103200.0,18.5,34.8,46.0,False,False,False,False,False,False,False,False,False,0,False,False,1 형성중
20261002,136480,하림,KOSDAQ,2660,130212,2666.0,2903.0,2941.0,2550.0,3565.0,4.3,25.4,46.0,False,False,False,False,False,False,False,False,False,0,False,False,베이스 없음
20261002,176750,듀켐바이오,KOSDAQ,7270,156047,6326.0,7482.0,7982.0,5100.0,12770.0,42.5,43.1,46.0,True,False,False,False,False,True,False,False,True,2,False,False,베이스 없음
20261002,204020,그리티,KOSDAQ,1876,3673,1843.0,1987.0,2031.0,1721.0,2485.0,9.0,24.5,46.0,False,False,False,False,False,False,True,False,True,2,False,False,베이스 없음
20261002,222110,팬젠,KOSDAQ,4850,1427,4898.0,5128.0,5216.0,4220.0,8510.0,14.9,43.0,46.0,False,False,False,False,False,False,False,False,False,0,False,False,베이스 없음
20261002,240550,동방메디컬,KOSDAQ,6370,108863,5870.0,6371.0,6736.0,4500.0,11440.0,41.6,44.3,46.0,False,False,False,False,False,True,False,False,True,2,False,False,Stage2 아님
20261002,357230,에이치피오,KOSDAQ,2125,14964,2152.0,2331.0,2356.0,1926.0,3295.0,10.3,35.5,46.0,False,False,False,False,False,False,False,False,False,0,False,False,베이스 없음
20261002,365900,브이씨,KOSDAQ,2450,9814,2545.0,2764.0,2778.0,2140.0,3945.0,14.5,37.9,46.0,False,False,False,False,False,False,False,False,False,0,False,False,1 형성중
20261002,377740,바이오노트,KOSPI,4695,28645,4722.0,4910.0,5069.0,4050.0,6300.0,15.9,25.5,46.0,False,False,False,False,False,False,False,False,False,0,False,False,베이스 없음
20261002,418420,라온텍,KOSDAQ,4300,129124,3864.0,5429.0,5347.0,2635.0,12500.0,63.2,65.6,46.0,True,False,True,False,False,True,False,False,True,3,False,False,베이스 없음
20261002,002450,삼익악기,KOSPI,1096,73125,1119.0,1187.0,1189.0,1045.0,1361.0,4.9,19.5,45.0,False,False,False,False,False,False,True,False,False,1,False,False,베이스 없음
20261002,004270,남성,KOSPI,5560,13103,5449.0,5703.0,5962.0,4670.0,8149.0,19.1,31.8,45.0,True,False,False,False,False,False,False,False,True,1,False,False,Stage2 아님
20261002,005750,대림바스,KOSPI,4230,17879,4469.0,4846.0,4884.0,3845.0,6450.0,10.0,34.4,45.0,False,False,False,False,False,False,False,False,False,0,False,False,1 형성중
20261002,007310,오뚜기,KOSPI,318000,2100,325850.0,340150.0,352062.0,290500.0,433000.0,9.5,26.6,45.0,False,False,False,False,False,False,False,False,False,0,False,False,베이스 없음
20261002,014100,메디앙스,KOSDAQ,1598,14353,1736.0,1688.0,1701.0,1126.0,2125.0,41.9,24.8,45.0,False,False,False,False,True,True,True,False,False,3,False,False,베이스 없음
20261002,018470,조일알미늄,KOSPI,5240,48727,4989.0,6040.0,6128.0,4260.0,11175.0,23.0,53.1,45.0,True,False,False,False,False,False,False,False,True,1,False,False,베이스 없음
20261002,021650,한국큐빅,KOSDAQ,1975,2785,2034.0,2132.0,2191.0,1905.0,2510.0,3.7,21.3,45.0,False,False,False,False,False,False,True,False,False,1,False,False,베이스 없음
20261002,031210,서울보증보험,KOSPI,42250,28978,43032.0,46263.0,47376.0,39650.0,64800.0,6.6,34.8,45.0,False,False,False,False,False,False,False,False,False,0,False,False,베이스 없음
20261002,035420,NAVER,KOSPI,192200,436417,210346.0,213451.0,222978.0,181100.0,304000.0,6.1,36.8,45.0,False,False,False,False,False,False,False,False,False,0,False,False,베이스 없음
20261002,039290,인포뱅크,KOSDAQ,4195,1340,3767.0,4061.0,4507.0,2520.0,6750.0,66.5,37.9,45.0,True,False,False,False,False,True,False,False,True,2,False,False,Stage2 아님
20261002,045060,오공,KOSDAQ,2080,40080,2125.0,2208.0,2243.0,1951.0,2580.0,6.6,19.4,45.0,False,False,False,False,False,False,True,False,False,1,False,False,Stage2 아님
20261002,045390,대아티아이,KOSDAQ,3100,449864,2994.0,3501.0,3682.0,2065.0,5140.0,50.1,39.7,45.0,False,False,False,False,False,True,False,False,True,2,False,False,베이스 없음
20261002,051600,한전KPS,KOSPI,45050,83430,45987.0,51656.0,52479.0,41500.0,69000.0,8.6,34.7,45.0,False,False,False,False,False,False,False,False,False,0,False,False,1 형성중
20261002,064550,바이오니아,KOSDAQ,8580,101094,8225.0,9128.0,10092.0,5470.0,15640.0,56.9,45.1,45.0,False,False,False,False,False,True,False,False,True,2,False,False,베이스 없음
20261002,079900,전진건설로봇,KOSPI,40550,25017,36809.0,48423.0,49229.0,25600.0,74350.0,58.4,45.5,45.0,True,False,False,False,False,True,False,False,True,2,False,False,베이스 없음
20261002,080420,모다이노칩,KOSDAQ,1567,597,1604.0,1726.0,1803.0,1269.0,2380.0,23.5,34.2,45.0,False,False,False,False,False,False,False,False,False,0,False,False,1 형성중
20261002,086890,이수앱지스,KOSDAQ,3955,51885,3447.0,3932.0,4354.0,2890.0,6350.0,36.9,37.7,45.0,True,False,False,False,False,True,False,False,True,2,False,False,베이스 없음
20261002,101240,씨큐브,KOSDAQ,3315,2580,3338.0,3559.0,3693.0,2680.0,5300.0,23.7,37.5,45.0,False,False,False,False,False,False,False,False,False,0,False,False,베이스 없음
20261002,101730,위메이드맥스,KOSDAQ,4640,169855,4141.0,4537.0,5042.0,2600.0,8160.0,78.5,43.1,45.0,False,False,False,False,False,True,False,False,True,2,False,False,Stage2 아님
20261002,170030,현대공업,KOSDAQ,4940,24627,4812.0,5258.0,5521.0,4050.0,7320.0,22.0,32.5,45.0,False,False,False,False,False,False,False,False,True,1,False,False,베이스 없음
20261002,198080,캐프,KOSDAQ,2100,20906,2182.0,2495.0,2454.0,1927.0,3595.0,9.0,41.6,45.0,False,False,True,False,False,False,False,False,False,1,False,False,베이스 없음
20261002,234080,JW생명과학,KOSPI,11070,3957,11178.0,11866.0,12192.0,10550.0,15580.0,4.9,28.9,45.0,False,False,False,False,False,False,False,False,False,0,False,False,베이스 없음
20261002,256630,포인트엔지니어링,KOSDAQ,4435,3070,4334.0,4762.0,4847.0,3900.0,6105.0,13.7,27.4,45.0,False,False,False,False,False,False,False,False,True,1,False,False,베이스 없음
20261002,298000,효성화학,KOSPI,53900,12758,61246.0,68928.0,71146.0,40050.0,87500.0,34.6,38.4,45.0,False,False,False,False,False,True,False,False,False,1,False,False,베이스 없음
20261002,378850,화승알앤에이,KOSPI,2840,19097,2892.0,3170.0,3237.0,2375.0,4500.0,19.6,36.9,45.0,False,False,False,False,False,False,False,False,False,0,False,False,베이스 없음
20261002,388720,유일로보틱스,KOSDAQ,70700,21322,67466.0,82899.0,87766.0,53800.0,155000.0,31.4,54.4,45.0,False,False,False,False,False,True,False,False,True,2,False,False,베이스 없음
20261002,462310,뉴키즈온,KOSDAQ,3890,4477,3819.0,3832.0,4175.0,2700.0,8400.0,44.1,53.7,45.0,False,False,False,False,False,True,False,False,True,2,False,False,Stage2 아님
20261002,000020,동화약품,KOSPI,5100,24683,5073.0,5500.0,5672.0,4450.0,7560.0,14.6,32.5,44.0,False,False,False,False,False,False,False,False,True,1,False,False,베이스 없음
20261002,000080,하이트진로,KOSPI,14810,31085,15293.0,16000.0,16551.0,13830.0,19340.0,7.1,23.4,44.0,False,False,False,False,False,False,True,False,False,1,False,False,Stage2 아님
20261002,004990,롯데지주,KOSPI,23900,43041,23800.0,26444.0,27182.0,21150.0,39600.0,13.0,39.6,44.0,True,False,False,False,False,False,False,False,True,1,False,False,베이스 없음
20261002,009200,무림페이퍼,KOSPI,1532,39356,1509.0,1702.0,1769.0,1256.0,2685.0,22.0,42.9,44.0,False,False,False,False,False,False,False,False,True,1,False,False,베이스 없음
20261002,011230,삼화전자,KOSPI,2675,155766,2692.0,2687.0,2727.0,2010.0,4820.0,33.1,44.5,44.0,False,False,False,False,False,True,False,False,False,1,False,False,베이스 없음
20261002,011785,금호석유화학우,KOSPI,49750,4000,50768.0,54847.0,57572.0,47200.0,74000.0,5.4,32.8,44.0,False,False,False,False,False,False,False,False,False,0,False,False,베이스 없음
20261002,012205,계양전기우,KOSPI,4980,6233,5745.0,7597.0,7566.0,2736.0,26008.0,82.0,80.9,44.0,False,False,True,True,False,True,False,False,False,3,False,False,베이스 없음
20261002,027580,상보,KOSDAQ,1960,80604,1667.0,2171.0,2599.0,1150.0,5360.0,70.4,63.4,44.0,True,False,False,False,False,True,False,False,True,2,False,False,베이스 없음
20261002,032750,삼진,KOSDAQ,2920,1222,2960.0,3123.0,3247.0,2595.0,4205.0,12.5,30.6,44.0,False,False,False,False,False,False,False,False,False,0,False,False,베이스 없음
20261002,032850,비트컴퓨터,KOSDAQ,4155,35074,3988.0,4553.0,4641.0,3410.0,5920.0,21.8,29.8,44.0,False,False,False,False,False,False,False,False,True,1,False,False,베이스 없음
20261002,041650,상신브레이크,KOSPI,2185,2522,2185.0,2393.0,2481.0,1900.0,2975.0,15.0,26.6,44.0,False,False,False,False,False,False,False,False,True,1,False,False,베이스 없음
20261002,041930,SY동아,KOSDAQ,5020,9178,4820.0,5561.0,5852.0,4015.0,8640.0,25.0,41.9,44.0,True,False,False,False,False,True,False,False,True,2,False,False,베이스 없음
20261002,046440,KG파이낸셜,KOSDAQ,4070,14871,4094.0,4461.0,4586.0,3640.0,6380.0,11.8,36.2,44.0,False,False,False,False,False,False,False,False,False,0,False,False,베이스 없음
20261002,063570,NICE인프라,KOSDAQ,3310,6090,3284.0,3653.0,3790.0,2840.0,4845.0,16.5,31.7,44.0,False,False,False,False,False,False,False,False,True,1,False,False,베이스 없음
20261002,063760,이엘피,KOSDAQ,2150,32295,2421.0,2781.0,2711.0,1819.0,4500.0,18.2,52.2,44.0,False,False,True,True,False,False,False,False,False,2,False,False,1 형성중
20261002,072130,유엔젤,KOSPI,4780,14025,4852.0,5026.0,4944.0,4160.0,6700.0,14.9,28.7,44.0,False,False,True,False,False,False,False,False,False,1,False,False,베이스 없음
20261002,081150,티플랙스,KOSDAQ,2600,41271,2659.0,3041.0,3031.0,2275.0,5570.0,14.3,53.3,44.0,False,False,True,False,False,False,False,False,False,1,False,False,베이스 없음
20261002,090370,메타랩스,KOSPI,1188,11401,1133.0,1254.0,1360.0,911.0,2630.0,30.4,54.8,44.0,True,False,False,False,False,True,False,False,True,2,False,False,베이스 없음
20261002,111110,호전실업,KOSPI,6400,1493,6533.0,6952.0,7216.0,6100.0,8840.0,4.9,27.6,44.0,False,False,False,False,False,False,False,False,False,0,False,False,베이스 없음
20260922,254120,자비스,KOSDAQ,905,65281,922.0,1094.0,1195.0,610.0,1993.0,48.4,54.6,44.0,False,False,False,False,False,True,False,False,False,1,False,False,1 형성중
20261002,256840,한국비엔씨,KOSDAQ,3160,1948294,2652.0,3179.0,3607.0,2050.0,6180.0,54.1,48.9,44.0,True,False,False,False,False,True,False,False,True,2,False,False,베이스 없음
20261002,267790,배럴,KOSDAQ,3225,5330,3276.0,3380.0,3447.0,2750.0,4300.0,17.3,25.0,44.0,False,False,False,False,False,False,True,False,False,1,False,False,베이스 없음
20261002,271940,일진하이솔루스,KOSPI,11750,49825,10816.0,13380.0,13535.0,8000.0,21200.0,46.9,44.6,44.0,True,False,False,False,False,True,False,False,True,2,False,False,베이스 없음
20261002,272550,삼양패키징,KOSPI,9800,10703,9634.0,10284.0,10985.0,7900.0,17540.0,24.1,44.1,44.0,False,False,False,False,False,False,False,False,True,1,False,False,베이스 없음
20261002,350520,이지스레지던스리츠,KOSPI,3275,43903,3347.0,3534.0,3621.0,3155.0,4055.0,3.8,19.2,44.0,False,False,False,False,False,False,True,False,False,1,False,False,베이스 없음
20261002,481850,신한글로벌액티브리츠,KOSPI,978,9401,988.0,1022.0,1090.0,851.0,1454.0,14.9,32.7,44.0,False,False,False,False,False,False,False,False,False,0,False,False,Stage2 아님
20261002,499790,GS피앤엘,KOSPI,38150,67153,40167.0,44159.0,45198.0,32250.0,67000.0,18.3,43.1,44.0,False,False,False,False,False,False,False,False,False,0,False,False,베이스 없음
20261002,000670,영풍,KOSPI,40600,20256,39517.0,48972.0,50730.0,31000.0,71797.0,31.0,43.5,43.0,True,False,False,False,False,True,False,False,True,2,False,False,베이스 없음
20261002,001080,만호제강,KOSPI,4000,30579,3978.0,4586.0,4608.0,3390.0,6240.0,18.0,35.9,43.0,False,False,False,False,False,False,False,False,True,1,False,False,베이스 없음
20261002,001500,현대차증권,KOSPI,7790,13489,7884.0,9438.0,9292.0,6560.0,14880.0,18.8,47.6,43.0,False,False,True,False,False,False,False,False,False,1,False,False,베이스 없음
20261002,002240,고려제강,KOSPI,16970,43383,17008.0,19609.0,20031.0,15300.0,28300.0,10.9,40.0,43.0,False,False,False,False,False,False,False,False,False,0,False,False,베이스 없음
20261002,010040,한국내화,KOSPI,1648,33845,1593.0,1734.0,1819.0,1339.0,2470.0,23.1,33.3,43.0,False,False,False,False,False,False,False,False,True,1,False,False,베이스 없음
20261002,015750,성우하이텍,KOSDAQ,5930,171221,5912.0,7241.0,7264.0,4880.0,11990.0,21.5,50.5,43.0,False,False,False,False,False,False,False,False,True,1,False,False,베이스 없음
20261002,023760,한국캐피탈,KOSDAQ,1411,44962,1381.0,1624.0,1635.0,1224.0,2500.0,15.3,43.6,43.0,True,False,False,False,False,False,False,False,True,1,False,False,베이스 없음
20261002,040610,SG&G,KOSDAQ,3200,15935,3142.0,3554.0,3591.0,2685.0,5010.0,19.2,36.1,43.0,False,False,False,False,False,False,False,False,True,1,False,False,베이스 없음
20261002,052420,오성첨단소재,KOSDAQ,9710,13524,9444.0,11218.0,12192.0,6990.0,20700.0,38.9,53.1,43.0,True,False,False,False,False,True,False,False,True,2,False,False,베이스 없음
20261002,054450,텔레칩스,KOSDAQ,10530,88612,9509.0,11873.0,12621.0,7050.0,19530.0,49.4,46.1,43.0,True,False,False,False,False,True,False,False,True,2,False,False,베이스 없음
20261002,065510,휴비츠,KOSDAQ,7100,48031,6863.0,7379.0,7731.0,6270.0,10090.0,13.2,29.6,43.0,True,False,False,False,False,False,False,False,True,1,False,False,베이스 없음
20261002,067730,로지시스,KOSDAQ,2195,7697,2193.0,2473.0,2515.0,1940.0,5180.0,13.1,57.6,43.0,False,False,False,False,False,False,False,False,True,1,False,False,베이스 없음
20261002,079430,현대리바트,KOSPI,5660,12188,5845.0,6470.0,6505.0,5100.0,9300.0,11.0,39.1,43.0,False,False,False,False,False,False,False,False,False,0,False,False,베이스 없음
20261002,082800,비보존 제약,KOSDAQ,2955,110223,2839.0,3035.0,3347.0,2070.0,7022.0,42.8,57.9,43.0,False,False,False,False,False,True,False,False,True,2,False,False,베이스 없음
20261002,088390,이녹스,KOSDAQ,8220,5717,7635.0,9764.0,9965.0,5120.0,17300.0,60.5,52.5,43.0,True,False,False,False,False,True,False,False,True,2,False,False,베이스 없음
20261002,096350,대창솔루션,KOSDAQ,1901,63936,1861.0,2256.0,2251.0,1348.0,4180.0,41.0,54.5,43.0,True,False,True,False,False,True,False,False,True,3,False,False,베이스 없음
20261002,118990,모트렉스,KOSDAQ,6350,35950,5871.0,7113.0,7714.0,4240.0,11570.0,49.8,45.1,43.0,True,False,False,False,False,True,False,False,True,2,False,False,베이스 없음
20261002,123330,제닉,KOSDAQ,21850,255696,27463.0,25735.0,24019.0,15570.0,38900.0,40.3,43.8,43.0,False,False,True,True,True,True,False,False,False,4,False,False,베이스 없음
20261002,196700,웹스,KOSDAQ,1235,20519,1338.0,1600.0,1749.0,945.0,3490.0,30.7,64.6,43.0,False,False,False,False,False,True,False,False,False,1,False,False,1 형성중
20261002,210540,디와이파워,KOSPI,11180,15986,11271.0,12666.0,12964.0,9910.0,16390.0,12.8,31.8,43.0,False,False,False,False,False,False,False,False,False,0,False,False,베이스 없음
20261002,256940,킵스파마,KOSDAQ,7120,76916,5890.0,6713.0,7586.0,5110.0,12880.0,39.3,44.7,43.0,True,False,False,False,False,True,False,False,True,2,False,False,베이스 없음
20261002,267850,아시아나IDT,KOSPI,9240,2617,9257.0,9799.0,10142.0,8610.0,12880.0,7.3,28.3,43.0,False,False,False,False,False,False,False,False,False,0,False,False,베이스 없음
20261002,290120,DH오토리드,KOSDAQ,2160,17676,2272.0,2525.0,2569.0,2070.0,3900.0,4.3,44.6,43.0,False,False,False,False,False,False,False,False,False,0,False,False,베이스 없음
20261002,315640,딥노이드,KOSDAQ,2205,197694,1708.0,2459.0,2716.0,1120.0,5145.0,96.9,57.1,43.0,True,False,False,False,False,True,False,False,True,2,False,False,베이스 없음
20261002,357430,마스턴프리미어리츠,KOSPI,790,125066,864.0,1006.0,1158.0,500.0,1660.0,58.0,52.4,43.0,False,False,False,False,False,True,False,False,False,1,False,False,Stage2 아님
20261002,400760,NH올원리츠,KOSPI,2815,58074,2880.0,3057.0,3142.0,2700.0,3615.0,4.3,22.1,43.0,False,False,False,False,False,False,True,False,False,1,False,False,베이스 없음
20261002,462980,아이지넷,KOSDAQ,1674,9394,1493.0,1788.0,1835.0,1178.0,2655.0,42.1,36.9,43.0,True,False,False,False,False,True,False,False,True,2,False,False,Stage2 아님
20261002,000490,대동,KOSPI,7650,69086,7541.0,8549.0,8953.0,5470.0,13640.0,39.9,43.9,42.0,False,False,False,False,False,True,False,False,True,2,False,False,베이스 없음
20261002,000950,전방,KOSPI,29100,657,31045.0,31224.0,32899.0,22750.0,45500.0,27.9,36.0,42.0,False,False,False,False,False,True,False,False,False,1,False,False,베이스 없음
20261002,007370,진양제약,KOSDAQ,3970,3994,3956.0,4240.0,4444.0,3350.0,6040.0,18.5,34.3,42.0,False,False,False,False,False,False,False,False,True,1,False,False,베이스 없음
20261002,008250,이건산업,KOSPI,3120,25626,2918.0,3286.0,3597.0,2400.0,5910.0,30.0,47.2,42.0,True,False,False,False,False,True,False,False,True,2,False,False,베이스 없음
20261002,016250,SGC E&C,KOSDAQ,12280,2859,11831.0,13981.0,14387.0,9910.0,21750.0,23.9,43.5,42.0,False,False,False,False,False,False,False,False,True,1,False,False,베이스 없음
20261002,023960,에쓰씨엔지니어링,KOSPI,1046,18895,1009.0,1156.0,1231.0,880.0,1958.0,18.9,46.6,42.0,True,False,False,False,False,False,False,False,True,1,False,False,베이스 없음
20261002,026940,부국철강,KOSPI,2110,113950,2094.0,2257.0,2208.0,1725.0,4690.0,22.3,55.0,42.0,False,False,True,True,False,False,False,False,True,3,False,False,베이스 없음
20261002,031430,신세계인터내셔날,KOSPI,10490,121058,10663.0,12453.0,12194.0,9550.0,17130.0,9.8,38.8,42.0,False,False,True,True,False,False,False,False,False,2,False,False,베이스 없음
20261002,035150,백산,KOSPI,10480,11918,10452.0,11290.0,11742.0,9050.0,14500.0,15.8,27.7,42.0,False,False,False,False,False,False,False,False,True,1,False,False,베이스 없음
20261002,036000,예림당,KOSDAQ,2700,23255,2851.0,3010.0,3067.0,2505.0,4035.0,7.8,33.1,42.0,False,False,False,False,False,False,False,False,False,0,False,False,베이스 없음
20261002,039610,화성밸브,KOSDAQ,6400,158772,5630.0,6990.0,7320.0,4260.0,11680.0,50.2,45.2,42.0,True,False,False,False,False,True,False,False,True,2,False,False,베이스 없음
20261002,048530,인트론바이오,KOSDAQ,2845,44005,2731.0,3230.0,3289.0,2250.0,7010.0,26.4,59.4,42.0,True,False,False,False,False,True,False,False,True,2,False,False,Stage2 아님
20261002,051905,LG생활건강우,KOSPI,93500,7417,105160.0,105146.0,107342.0,88800.0,125500.0,5.3,25.5,42.0,False,False,False,False,False,False,False,False,False,0,False,False,Stage2 아님
20261002,054040,한국컴퓨터,KOSDAQ,4430,10560,4669.0,5015.0,4997.0,4360.0,5930.0,1.6,25.3,42.0,False,False,True,False,False,False,False,False,False,1,False,False,베이스 없음
20261002,067900,와이엔텍,KOSDAQ,5910,17414,5973.0,6523.0,6586.0,5360.0,8190.0,10.3,27.8,42.0,False,False,False,False,False,False,False,False,False,0,False,False,베이스 없음
20261002,067990,도이치모터스,KOSDAQ,3945,25956,3804.0,4233.0,4278.0,3500.0,5820.0,12.7,32.2,42.0,True,False,False,False,False,False,False,False,True,1,False,False,Stage2 아님
20261002,094360,칩스앤미디어,KOSDAQ,12880,108623,10693.0,13957.0,15021.0,7740.0,21150.0,66.4,39.1,42.0,True,False,False,False,False,True,False,False,True,2,False,False,베이스 없음
20261002,145170,노브랜드,KOSDAQ,3300,356560,2850.0,3564.0,3679.0,2375.0,6140.0,38.9,46.3,42.0,True,False,False,False,False,True,False,False,True,2,False,False,Stage2 아님
20261002,225220,제놀루션,KOSDAQ,1450,48075,1383.0,1561.0,1651.0,957.0,2490.0,51.5,41.8,42.0,True,False,False,False,False,True,False,False,True,2,False,False,Stage2 아님
20261002,264900,크라운제과,KOSPI,7650,6119,8033.0,8252.0,8374.0,7560.0,10160.0,1.2,24.7,42.0,False,False,False,False,False,False,True,False,False,1,False,False,1 형성중
20261002,286940,롯데이노베이트,KOSPI,17340,6392,18083.0,19825.0,20148.0,15260.0,25400.0,13.6,31.7,42.0,False,False,False,False,False,False,False,False,False,0,False,False,베이스 없음
20261002,290270,휴네시온,KOSDAQ,2835,8975,2787.0,3177.0,3340.0,2305.0,5720.0,23.0,50.4,42.0,True,False,False,False,False,False,False,False,True,1,False,False,베이스 없음
20261002,302550,리메드,KOSDAQ,2670,6498,2738.0,2887.0,2909.0,2300.0,4595.0,16.1,41.9,42.0,False,False,False,False,False,False,False,False,False,0,False,False,베이스 없음
20261002,336680,탑런토탈솔루션,KOSDAQ,2980,9914,2715.0,3174.0,3464.0,1721.0,5280.0,73.2,43.6,42.0,True,False,False,False,False,True,False,False,True,2,False,False,Stage2 아님
20261002,365340,성일하이텍,KOSDAQ,38050,49880,34238.0,49878.0,50426.0,23800.0,85500.0,59.9,55.5,42.0,True,False,False,False,False,True,False,False,True,2,False,False,베이스 없음
20261002,383310,에코프로에이치엔,KOSDAQ,24850,371626,23534.0,28030.0,28301.0,20000.0,46900.0,24.2,47.0,42.0,False,False,False,False,False,False,False,False,True,1,False,False,베이스 없음
20261002,388870,파로스아이바이오,KOSDAQ,6020,45837,5389.0,6952.0,7687.0,3710.0,12120.0,62.3,50.3,42.0,True,False,False,False,False,True,False,False,True,2,False,False,베이스 없음
20261002,000087,하이트진로2우B,KOSPI,12180,405,12326.0,13106.0,13522.0,11950.0,15840.0,1.9,23.1,41.0,False,False,False,False,False,False,True,False,False,1,False,False,Stage2 아님
20261002,000157,두산2우B,KOSPI,364000,259,345950.0,425197.0,428478.0,252000.0,656000.0,44.4,44.5,41.0,True,False,False,False,False,True,False,False,True,2,False,False,1 형성중
20261002,000270,기아,KOSPI,113200,780472,127898.0,148419.0,146806.0,100000.0,212500.0,13.2,46.7,41.0,False,False,True,True,False,False,False,False,False,2,False,False,베이스 없음
20261002,000545,흥국화재우,KOSPI,5600,11,5481.0,6169.0,6458.0,4780.0,9800.0,17.2,42.9,41.0,False,False,False,False,False,False,False,False,True,1,False,False,베이스 없음
20261002,005690,파미셀,KOSPI,12400,946380,11195.0,13981.0,14182.0,8140.0,21150.0,52.3,41.4,41.0,True,False,False,False,False,True,False,False,True,2,False,False,베이스 없음
20261002,005710,대원산업,KOSDAQ,10470,8172,10896.0,11773.0,12271.0,9510.0,18930.0,10.1,44.7,41.0,False,False,False,False,False,False,False,False,False,0,False,False,베이스 없음
20261002,009270,신원,KOSPI,1099,199419,1087.0,1190.0,1263.0,898.0,1890.0,22.4,41.9,41.0,False,False,False,False,False,False,False,False,True,1,False,False,베이스 없음
20261002,019170,신풍제약,KOSPI,9310,111506,8980.0,9787.0,10692.0,6310.0,15900.0,47.5,41.4,41.0,True,False,False,False,False,True,False,False,True,2,False,False,베이스 없음
20261002,023770,플레이위드,KOSDAQ,2610,13419,2502.0,2648.0,2737.0,2135.0,6810.0,22.2,61.7,41.0,True,False,False,False,False,False,False,False,True,1,False,False,베이스 없음
20261002,033310,엠투엔,KOSDAQ,1470,29917,1397.0,1558.0,1632.0,1100.0,2280.0,33.6,35.5,41.0,True,False,False,False,False,True,False,False,True,2,False,False,베이스 없음
20261002,036560,KZ정밀,KOSDAQ,12050,4177,12108.0,12863.0,13255.0,11110.0,19130.0,8.5,37.0,41.0,False,False,False,False,False,False,False,False,False,0,False,False,베이스 없음
20261002,039200,오스코텍,KOSDAQ,36650,114016,35139.0,42054.0,43902.0,27300.0,66000.0,34.2,44.5,41.0,False,False,False,False,False,True,False,False,True,2,False,False,베이스 없음
20261002,053080,케이엔솔,KOSDAQ,9640,92166,8757.0,10830.0,11175.0,6490.0,18430.0,48.5,47.7,41.0,False,False,False,False,False,True,False,False,True,2,False,False,베이스 없음
20261002,054220,비츠로시스,KOSDAQ,1703,39930,1594.0,2100.0,2128.0,1220.0,4995.0,39.6,65.9,41.0,False,False,False,False,False,True,False,False,True,2,False,False,베이스 없음
20261002,054670,대한뉴팜,KOSDAQ,5550,17025,5629.0,6145.0,6276.0,5030.0,7900.0,10.3,29.7,41.0,False,False,False,False,False,False,False,False,False,0,False,False,Stage2 아님
20261002,066130,하츠,KOSDAQ,3455,4129,3443.0,3757.0,3917.0,2970.0,4875.0,16.3,29.1,41.0,False,False,False,False,False,False,False,False,True,1,False,False,베이스 없음
20261002,086820,바이오솔루션,KOSDAQ,6720,64130,6433.0,8324.0,8232.0,5240.0,13450.0,28.2,50.0,41.0,False,False,True,False,False,True,False,False,True,3,False,False,베이스 없음
20261002,086960,MDS테크,KOSDAQ,2370,419200,1994.0,2488.0,2736.0,1550.0,4554.0,52.9,48.0,41.0,True,False,False,False,False,True,False,False,True,2,False,False,베이스 없음
20261002,092300,현우산업,KOSDAQ,2635,82799,2495.0,3025.0,3116.0,1860.0,4972.0,41.7,47.0,41.0,False,False,False,False,False,True,False,False,True,2,False,False,베이스 없음
20261002,099390,브레인즈컴퍼니,KOSDAQ,3785,5139,3599.0,3915.0,4187.0,2850.0,6650.0,32.8,43.1,41.0,True,False,False,False,False,True,False,False,True,2,False,False,Stage2 아님
20260916,101530,해태제과식품,KOSPI,5560,25162,5599.0,6103.0,6287.0,5350.0,7380.0,3.9,24.7,41.0,False,False,False,False,False,False,True,False,False,1,False,False,베이스 없음
20261002,102120,어보브반도체,KOSDAQ,8800,438074,7234.0,9808.0,10315.0,5410.0,16850.0,62.7,47.8,41.0,True,False,False,False,False,True,False,False,True,2,False,False,베이스 없음
20261002,163560,동일고무벨트,KOSPI,5580,7686,5663.0,6346.0,6503.0,5200.0,8700.0,7.3,35.9,41.0,False,False,False,False,False,False,False,False,False,0,False,False,베이스 없음
20261002,217330,싸이토젠,KOSDAQ,3215,99848,3187.0,3987.0,4775.0,2260.0,11200.0,42.3,71.3,41.0,False,False,False,False,False,True,False,False,True,2,False,False,Stage2 아님
20261002,298050,HS효성첨단소재,KOSPI,163200,5670,167394.0,194629.0,199605.0,135000.0,282000.0,20.9,42.1,41.0,False,False,False,False,False,False,False,False,False,0,False,False,베이스 없음
20261002,303810,동국생명과학,KOSDAQ,2780,1792625,2411.0,2863.0,3045.0,2155.0,4395.0,29.0,36.7,41.0,True,False,False,False,False,True,False,False,True,2,False,False,Stage2 아님
20261002,323410,카카오뱅크,KOSPI,19730,630564,21423.0,22859.0,22922.0,19110.0,29500.0,3.2,33.1,41.0,False,False,False,False,False,False,False,False,False,0,False,False,베이스 없음
20261002,001390,KG케미칼,KOSPI,4235,56717,4336.0,4826.0,4996.0,3570.0,7400.0,18.6,42.8,40.0,False,False,False,False,False,False,False,False,False,0,False,False,베이스 없음
20261002,002140,고려산업,KOSPI,1940,100376,2065.0,2286.0,2335.0,1648.0,3320.0,17.7,41.6,40.0,False,False,False,False,False,False,False,False,False,0,False,False,베이스 없음
20261002,002800,신신제약,KOSDAQ,4440,6151,4438.0,4933.0,5144.0,3900.0,6990.0,13.8,36.5,40.0,False,False,False,False,False,False,False,False,True,1,False,False,베이스 없음
20261002,006570,대림통상,KOSPI,1987,28608,1958.0,1997.0,2046.0,1612.0,3100.0,23.3,35.9,40.0,False,False,False,False,False,False,False,False,True,1,False,False,Stage2 아님
20261002,011170,롯데케미칼,KOSPI,60900,133587,59514.0,73395.0,73942.0,52500.0,119500.0,16.0,49.0,40.0,True,False,False,False,False,False,False,False,True,1,False,False,베이스 없음
20261002,014580,태경비케이,KOSPI,3880,118080,3897.0,4199.0,4320.0,3590.0,5210.0,8.1,25.5,40.0,False,False,False,False,False,False,False,False,False,0,False,False,베이스 없음
20261002,017510,세명전기,KOSDAQ,7930,192545,7240.0,8961.0,9107.0,5090.0,17970.0,55.8,55.9,40.0,True,False,False,False,False,True,False,False,True,2,False,False,베이스 없음
20261002,023800,인지컨트롤스,KOSPI,5050,19684,5221.0,6144.0,6328.0,4770.0,8460.0,5.9,40.3,40.0,False,False,False,False,False,False,False,False,False,0,False,False,베이스 없음
20261002,041440,현대에버다임,KOSDAQ,6620,56131,6434.0,7595.0,7800.0,5020.0,11320.0,31.9,41.5,40.0,True,False,False,False,False,True,False,False,True,2,False,False,베이스 없음
20261002,043150,바텍,KOSDAQ,17870,15234,18364.0,20125.0,20063.0,16030.0,27350.0,11.5,34.7,40.0,False,False,True,False,False,False,False,False,False,1,False,False,베이스 없음
20261002,052790,액토즈소프트,KOSDAQ,4720,33518,4128.0,4722.0,5058.0,3680.0,7420.0,28.3,36.4,40.0,True,False,False,False,False,True,False,False,True,2,False,False,Stage2 아님
20261002,062970,한국첨단소재,KOSDAQ,3040,1479049,2505.0,3971.0,3795.0,1815.0,10104.0,67.5,69.9,40.0,True,False,True,False,False,True,False,False,True,3,False,False,베이스 없음
20261002,063170,서울옥션,KOSDAQ,5610,21522,5543.0,6143.0,6503.0,4100.0,9950.0,36.8,43.6,40.0,True,False,False,False,False,True,False,False,True,2,False,False,1 형성중
20261002,089850,유비벨록스,KOSDAQ,4330,6547,4205.0,4644.0,4844.0,3660.0,6680.0,18.3,35.2,40.0,True,False,False,False,False,False,False,False,True,1,False,False,베이스 없음
20261002,146320,비씨엔씨,KOSDAQ,11330,21112,9717.0,12717.0,13108.0,7120.0,19050.0,59.1,40.5,40.0,True,False,False,False,False,True,False,False,True,2,False,False,베이스 없음
20261002,195940,HK이노엔,KOSDAQ,40300,40323,40353.0,44663.0,46501.0,34800.0,58600.0,15.8,31.2,40.0,False,False,False,False,False,False,False,False,False,0,False,False,베이스 없음
20261002,214180,헥토이노베이션,KOSDAQ,14040,16569,14222.0,16534.0,16953.0,12210.0,25700.0,15.0,45.4,40.0,False,False,False,False,False,False,False,False,False,0,False,False,베이스 없음
20261002,223250,드림씨아이에스,KOSDAQ,3685,463020,3282.0,4242.0,4726.0,2360.0,8640.0,56.1,57.3,40.0,True,False,False,False,False,True,False,False,True,2,False,False,베이스 없음
20261002,258610,케일럼,KOSDAQ,1220,8349,1133.0,1213.0,1254.0,907.0,2105.0,34.5,42.0,40.0,True,False,False,False,False,True,False,False,True,2,False,False,베이스 없음
20261002,272290,이녹스첨단소재,KOSDAQ,22750,121316,20775.0,27142.0,27428.0,16700.0,44400.0,36.2,48.8,40.0,True,False,False,False,False,True,False,False,True,2,False,False,베이스 없음
20261002,277880,티에스아이,KOSDAQ,3755,36815,3386.0,4200.0,4506.0,2345.0,6550.0,60.1,42.7,40.0,True,False,False,False,False,True,False,False,True,2,False,False,베이스 없음
20261002,306620,지아이에스,KOSDAQ,2195,364232,1803.0,2508.0,2493.0,1260.0,4140.0,74.2,47.0,40.0,True,False,True,False,False,True,False,False,True,3,False,False,베이스 없음
20261002,309930,조이웍스앤코,KOSDAQ,899,106996,905.0,1316.0,1452.0,588.0,4284.0,52.9,79.0,40.0,False,False,False,False,False,True,False,False,False,1,False,False,베이스 없음
20261002,317120,라닉스,KOSDAQ,1425,48129,1414.0,1773.0,1859.0,1100.0,3660.0,29.5,61.1,40.0,False,False,False,False,False,True,False,False,True,2,False,False,Stage2 아님
20261002,318020,포인트모바일,KOSDAQ,2615,5461,2530.0,2834.0,3080.0,1800.0,5820.0,45.3,55.1,40.0,False,False,False,False,False,True,False,False,True,2,False,False,베이스 없음
20261002,330730,스톤브릿지벤처스,KOSDAQ,4625,9637,4735.0,5394.0,5454.0,4000.0,7270.0,15.6,36.4,40.0,False,False,False,False,False,False,False,False,False,0,False,False,베이스 없음
20261002,452300,캡스톤파트너스,KOSDAQ,2555,44745,2268.0,3002.0,3000.0,1726.0,5730.0,48.0,55.4,40.0,True,False,True,False,False,True,False,False,True,3,False,False,베이스 없음
20261002,000140,하이트진로홀딩스,KOSPI,7800,1447,8079.0,8515.0,8820.0,7310.0,10430.0,6.7,25.2,39.0,False,False,False,False,False,False,False,False,False,0,False,False,베이스 없음
20261002,001620,케이비아이동국실업,KOSPI,2195,7531,2166.0,2661.0,2657.0,1890.0,4820.0,16.1,54.5,39.0,False,False,True,False,False,False,False,False,True,2,False,False,베이스 없음
20261002,001720,신영증권,KOSPI,139400,13841,147736.0,174055.0,170705.0,119300.0,272000.0,16.8,48.8,39.0,False,False,True,False,False,False,False,False,False,1,False,False,베이스 없음
20261002,003540,대신증권,KOSPI,25450,15555,26256.0,31792.0,31314.0,22750.0,51400.0,11.9,50.5,39.0,False,False,True,False,False,False,False,False,False,1,False,False,베이스 없음
20261002,003920,남양유업,KOSPI,42250,4842,43203.0,46462.0,47380.0,39500.0,59800.0,7.0,29.3,39.0,False,False,False,False,False,False,False,False,False,0,False,False,베이스 없음
20261002,003925,남양유업우,KOSPI,31700,4165,30338.0,34175.0,34060.0,28800.0,47400.0,10.1,33.1,39.0,True,False,True,False,False,False,False,False,True,2,False,False,베이스 없음
20261002,014470,부방,KOSDAQ,1084,28983,987.0,1164.0,1216.0,750.0,1575.0,44.5,31.2,39.0,True,False,False,False,False,True,False,False,True,2,False,False,베이스 없음
20261002,016710,대성홀딩스,KOSPI,6880,10611,6969.0,7640.0,7898.0,6550.0,9480.0,5.0,27.4,39.0,False,False,False,False,False,False,False,False,False,0,False,False,베이스 없음
20261002,023900,풍국주정,KOSDAQ,7270,6074,7288.0,8391.0,8585.0,6500.0,13140.0,11.8,44.7,39.0,False,False,False,False,False,False,False,False,False,0,False,False,Stage2 아님
20261002,025880,케이씨피드,KOSDAQ,2315,13624,2428.0,2644.0,2660.0,2270.0,3375.0,2.0,31.4,39.0,False,False,False,False,False,False,False,False,False,0,False,False,베이스 없음
20261002,027740,마니커,KOSPI,1168,21766,1274.0,1377.0,1425.0,913.0,1868.0,27.9,37.5,39.0,False,False,False,False,False,True,False,False,False,1,False,False,베이스 없음
20260720,031440,,KOSPI,38150,2402,44121.0,46727.0,44776.0,35250.0,58800.0,8.2,35.1,39.0,False,False,True,False,False,False,False,False,False,1,False,False,베이스 없음
20261002,035250,강원랜드,KOSPI,14330,181612,14525.0,15719.0,16327.0,13920.0,19590.0,2.9,26.9,39.0,False,False,False,False,False,False,False,False,False,0,False,False,베이스 없음
20261002,036670,삼양케이씨아이,KOSDAQ,5090,5346,5093.0,5511.0,5742.0,4710.0,7440.0,8.1,31.6,39.0,False,False,False,False,False,False,False,False,False,0,False,False,베이스 없음
20261002,038010,제일테크노스,KOSDAQ,5500,25403,5345.0,5902.0,5933.0,4590.0,7080.0,19.8,22.3,39.0,False,False,False,False,False,False,True,False,True,2,False,False,베이스 없음
20261002,049950,미래컴퍼니,KOSDAQ,11540,31926,10475.0,12581.0,13778.0,8000.0,21750.0,44.2,46.9,39.0,False,False,False,False,False,True,False,False,True,2,False,False,베이스 없음
20261002,058730,다스코,KOSPI,3175,158155,3387.0,3470.0,3457.0,2270.0,5800.0,39.9,45.3,39.0,False,False,True,True,False,True,False,False,False,3,False,False,베이스 없음
20261002,089590,제주항공,KOSPI,4520,159020,4432.0,4806.0,5006.0,3985.0,6790.0,13.4,33.4,39.0,True,False,False,False,False,False,False,False,True,1,False,False,Stage2 아님
20261002,092600,앤씨앤,KOSDAQ,2530,78579,2177.0,3274.0,3197.0,1647.0,9735.0,53.6,74.0,39.0,True,False,True,False,False,True,False,False,True,3,False,False,베이스 없음
20261002,179530,애드바이오텍,KOSDAQ,2080,353968,2133.0,2271.0,2215.0,1300.0,4385.0,60.0,52.6,39.0,False,False,True,False,False,True,False,False,False,2,False,False,베이스 없음
20261002,184230,SGA솔루션즈,KOSDAQ,2115,44844,1941.0,2545.0,2689.0,1620.0,6795.0,30.6,68.9,39.0,True,False,False,False,False,True,False,False,True,2,False,False,베이스 없음
20261002,215360,우리산업,KOSDAQ,6440,13075,6393.0,7473.0,7741.0,5610.0,10400.0,14.8,38.1,39.0,False,False,False,False,False,False,False,False,True,1,False,False,베이스 없음
20261002,224110,에이텍모빌리티,KOSDAQ,7940,6892,8701.0,8609.0,8897.0,7380.0,11970.0,7.6,33.7,39.0,False,False,False,False,False,False,False,False,False,0,False,False,1 형성중
20261002,226950,올릭스,KOSDAQ,116800,182339,107100.0,143033.0,141350.0,81700.0,217000.0,43.0,46.2,39.0,False,False,True,False,False,True,False,False,True,3,False,False,베이스 없음
20261002,248170,샘표식품,KOSPI,21900,17156,23185.0,24772.0,25927.0,20450.0,36200.0,7.1,39.5,39.0,False,False,False,False,False,False,False,False,False,0,False,False,베이스 없음
20261002,317850,대모,KOSDAQ,6230,56808,5856.0,7195.0,7458.0,4800.0,10910.0,29.8,42.9,39.0,True,False,False,False,False,True,False,False,True,2,False,False,베이스 없음
20261002,462520,조선내화,KOSPI,12900,1425,13240.0,14043.0,14043.0,12000.0,18800.0,7.5,31.4,39.0,False,False,True,False,False,False,False,False,False,1,False,False,Stage2 아님
20261002,000480,CR홀딩스,KOSPI,4320,9187,4522.0,4762.0,4784.0,4175.0,5620.0,3.5,23.1,38.0,False,False,False,False,False,False,True,False,False,1,False,False,베이스 없음
20261002,015710,코콤,KOSDAQ,2910,10282,2852.0,3249.0,3322.0,2335.0,4540.0,24.6,35.9,38.0,False,False,False,False,False,False,False,False,True,1,False,False,베이스 없음
20261002,016090,대현,KOSPI,1410,12675,1454.0,1576.0,1605.0,1369.0,1900.0,3.0,25.8,38.0,False,False,False,False,False,False,False,False,False,0,False,False,베이스 없음
20261002,029530,신도리코,KOSPI,38700,2990,40234.0,45145.0,46630.0,37000.0,73200.0,4.6,47.1,38.0,False,False,False,False,False,False,False,False,False,0,False,False,베이스 없음
20260914,038060,루멘스바이오스,KOSDAQ,690,703770,795.0,899.0,840.0,581.0,2100.0,18.8,67.1,38.0,False,False,True,True,False,False,False,False,False,2,False,False,베이스 없음
20261002,041460,한국전자인증,KOSDAQ,3310,25182,3424.0,3659.0,3715.0,2990.0,4945.0,10.7,33.1,38.0,False,False,False,False,False,False,False,False,False,0,False,False,베이스 없음
20251209,043220,티에스넥스젠,KOSDAQ,1710,0,1710.0,1710.0,1771.0,1570.0,4900.0,8.9,65.1,38.0,False,False,False,False,False,False,False,False,False,0,False,False,1 형성중
20261002,044960,이글벳,KOSDAQ,3115,14178,3092.0,3421.0,3635.0,2705.0,4840.0,15.2,35.6,38.0,False,False,False,False,False,False,False,False,True,1,False,False,Stage2 아님
20261002,051910,LG화학,KOSPI,262000,129176,265830.0,311103.0,317565.0,224000.0,437500.0,17.0,40.1,38.0,False,False,False,False,False,False,False,False,False,0,False,False,베이스 없음
20261002,053580,웹케시,KOSDAQ,7250,15994,6924.0,7535.0,8172.0,5700.0,14020.0,27.2,48.3,38.0,False,False,False,False,False,True,False,False,True,2,False,False,베이스 없음
20261002,064520,테크엘,KOSDAQ,1491,6365,1497.0,1630.0,1657.0,1350.0,2380.0,10.4,37.4,38.0,False,False,False,False,False,False,False,False,False,0,False,False,Stage2 아님
20261002,088910,동우팜투테이블,KOSDAQ,1961,71882,2084.0,2273.0,2229.0,1948.0,2730.0,0.7,28.2,38.0,False,False,True,False,False,False,False,False,False,1,False,False,베이스 없음
20261002,090850,현대이지웰,KOSDAQ,4920,16386,5266.0,5648.0,5541.0,4765.0,6690.0,3.3,26.5,38.0,False,False,True,False,False,False,False,False,False,1,False,False,베이스 없음
20261002,092440,기신정기,KOSPI,1862,40661,1933.0,2068.0,2138.0,1782.0,2645.0,4.5,29.6,38.0,False,False,False,False,False,False,False,False,False,0,False,False,Stage2 아님
20261002,097950,CJ제일제당,KOSPI,179600,21886,185548.0,201933.0,204688.0,172600.0,252000.0,4.1,28.7,38.0,False,False,False,False,False,False,False,False,False,0,False,False,베이스 없음
20261002,115610,이미지스,KOSDAQ,1650,56791,1580.0,2044.0,2270.0,1190.0,5003.0,38.7,67.0,38.0,True,False,False,False,False,True,False,False,True,2,False,False,베이스 없음
20261002,120030,조선선재,KOSPI,83000,413,83834.0,91359.0,93412.0,76000.0,114100.0,9.2,27.3,38.0,False,False,False,False,False,False,False,False,False,0,False,False,베이스 없음
20261002,154030,아시아종묘,KOSDAQ,1610,5619,1652.0,1800.0,1864.0,1462.0,3000.0,10.1,46.3,38.0,False,False,False,False,False,False,False,False,False,0,False,False,베이스 없음
20261002,204840,지엘팜텍,KOSDAQ,4240,23498,4423.0,4727.0,4934.0,3760.0,6650.0,12.8,36.2,38.0,True,False,False,False,False,False,False,False,False,0,False,False,베이스 없음
20261002,227610,아우딘퓨쳐스,KOSDAQ,1003,25173,1162.0,1252.0,1326.0,725.0,2098.0,38.3,52.2,38.0,False,False,False,False,False,True,False,False,False,1,False,False,베이스 없음
20261002,26490K,크라운제과우,KOSPI,7400,202,7559.0,8260.0,8594.0,6810.0,11600.0,8.7,36.2,38.0,False,False,False,False,False,False,False,False,False,0,False,False,Stage2 아님
20261002,265560,영화테크,KOSDAQ,6330,10251,6866.0,7850.0,7797.0,5930.0,11120.0,6.7,43.1,38.0,False,False,True,False,False,False,False,False,False,1,False,False,베이스 없음
20261002,270660,에브리봇,KOSDAQ,13640,29164,13842.0,15240.0,17197.0,9470.0,31900.0,44.0,57.2,38.0,False,False,False,False,False,True,False,False,False,1,False,False,베이스 없음
20261002,271560,오리온,KOSPI,105700,106030,124356.0,130643.0,126328.0,99000.0,150100.0,6.8,29.6,38.0,False,False,True,True,False,False,False,False,False,2,False,False,1 형성중
20261002,298690,에어부산,KOSPI,1504,42064,1514.0,1707.0,1736.0,1400.0,2240.0,7.4,32.9,38.0,True,False,False,False,False,False,False,False,False,0,False,False,Stage2 아님
20261002,383930,디티앤씨알오,KOSDAQ,2015,94248,1706.0,2420.0,2496.0,1430.0,4115.0,40.9,51.0,38.0,True,False,False,False,False,True,False,False,True,2,False,False,베이스 없음
20261002,462870,시프트업,KOSPI,31000,25346,31671.0,31899.0,32707.0,27500.0,42300.0,12.7,26.7,38.0,False,False,False,False,False,False,False,False,False,0,False,False,Stage2 아님
20261002,001340,PKC,KOSPI,5280,141253,4981.0,5954.0,5956.0,4075.0,8200.0,29.6,35.6,37.0,True,False,False,False,False,True,False,False,True,2,False,False,베이스 없음
20261002,005389,현대차3우B,KOSPI,173000,2010,184898.0,220488.0,224326.0,162500.0,310500.0,6.5,44.3,37.0,False,False,False,False,False,False,False,False,False,0,False,False,베이스 없음
20261002,009540,HD한국조선해양,KOSPI,326500,97035,358230.0,387017.0,396130.0,314000.0,494500.0,4.0,34.0,37.0,False,False,False,False,False,False,False,False,False,0,False,False,베이스 없음
20261002,014825,동원시스템즈우,KOSPI,13690,30,13739.0,14963.0,15613.0,12800.0,19340.0,7.0,29.2,37.0,False,False,False,False,False,False,False,False,False,0,False,False,Stage2 아님
20261002,014830,유니드,KOSPI,61100,7680,62232.0,71735.0,72144.0,55800.0,101600.0,9.5,39.9,37.0,False,False,False,False,False,False,False,False,False,0,False,False,베이스 없음
20261002,032790,엠젠솔루션,KOSDAQ,1249,93341,1103.0,1346.0,1536.0,797.0,2550.0,56.7,51.0,37.0,True,False,False,False,False,True,False,False,True,2,False,False,베이스 없음
20261002,040300,YTN,KOSDAQ,2280,100630,2089.0,2606.0,2878.0,1770.0,4900.0,28.8,53.5,37.0,True,False,False,False,False,True,False,False,True,2,False,False,베이스 없음
20261002,054930,유신,KOSDAQ,17760,3479,17739.0,20578.0,21238.0,14300.0,29150.0,24.2,39.1,37.0,False,False,False,False,False,False,False,False,True,1,False,False,Stage2 아님
20261002,064960,SNT모티브,KOSPI,26950,38569,26586.0,29853.0,31212.0,24100.0,40800.0,11.8,33.9,37.0,False,False,False,False,False,False,False,False,True,1,False,False,베이스 없음
20261002,073010,케이에스피,KOSDAQ,3320,150291,2965.0,3586.0,3779.0,2050.0,7080.0,62.0,53.1,37.0,True,False,False,False,False,True,False,False,True,2,False,False,베이스 없음
20261002,081000,일진다이아,KOSPI,9460,22468,9286.0,11255.0,11610.0,7440.0,17190.0,27.2,45.0,37.0,False,False,False,False,False,True,False,False,True,2,False,False,베이스 없음
20261002,086040,바이오톡스텍,KOSDAQ,2270,3972,2292.0,2671.0,2682.0,1896.0,4115.0,19.7,44.8,37.0,False,False,False,False,False,False,False,False,False,0,False,False,베이스 없음
20261002,105630,한세실업,KOSPI,8780,34370,9018.0,10041.0,10990.0,7800.0,15540.0,12.6,43.5,37.0,False,False,False,False,False,False,False,False,False,0,False,False,베이스 없음
20261002,108230,톱텍,KOSDAQ,3255,125775,3119.0,3660.0,3925.0,2550.0,5260.0,27.6,38.1,37.0,True,False,False,False,False,True,False,False,True,2,False,False,베이스 없음
20261002,108860,셀바스AI,KOSDAQ,8990,112667,9119.0,10251.0,10792.0,6100.0,17580.0,47.4,48.9,37.0,False,False,False,False,False,True,False,False,False,1,False,False,베이스 없음
20261002,130500,GH신소재,KOSDAQ,1900,16017,1872.0,2149.0,2250.0,1675.0,3195.0,13.4,40.5,37.0,False,False,False,False,False,False,False,False,True,1,False,False,베이스 없음
20261002,131220,대한과학,KOSDAQ,3620,9131,3610.0,4064.0,4244.0,3120.0,5060.0,16.0,28.5,37.0,False,False,False,False,False,False,False,False,True,1,False,False,Stage2 아님
20261002,196170,알테오젠,KOSDAQ,259500,234723,276902.0,274009.0,288640.0,194671.0,437818.0,33.3,40.7,37.0,False,False,False,False,False,True,False,False,False,1,False,False,베이스 없음
20261002,263700,케어랩스,KOSDAQ,2240,22108,1943.0,2181.0,2363.0,1300.0,5900.0,72.3,62.0,37.0,True,False,False,False,False,True,False,False,True,2,False,False,베이스 없음
20261002,289930,웨이비스,KOSDAQ,8510,70801,7095.0,12355.0,12176.0,5630.0,24650.0,51.2,65.5,37.0,True,False,True,False,False,True,False,False,True,3,False,False,베이스 없음
20261002,297090,씨에스베어링,KOSDAQ,5010,83836,4091.0,5563.0,5720.0,3050.0,9600.0,64.3,47.8,37.0,True,False,False,False,False,True,False,False,True,2,False,False,베이스 없음
20261002,302440,SK바이오사이언스,KOSPI,36500,46272,36335.0,39542.0,42152.0,31800.0,61300.0,14.8,40.5,37.0,False,False,False,False,False,False,False,False,True,1,False,False,베이스 없음
20261002,33626K,두산퓨얼셀1우,KOSPI,6300,4863,5698.0,7371.0,7335.0,3500.0,13780.0,80.0,54.3,37.0,True,False,True,False,False,True,False,False,True,3,False,False,베이스 없음
20261002,377300,카카오페이,KOSPI,40150,98054,43475.0,48217.0,49943.0,36550.0,79200.0,9.8,49.3,37.0,False,False,False,False,False,False,False,False,False,0,False,False,베이스 없음
20261002,445090,에이직랜드,KOSDAQ,22700,29912,20307.0,25082.0,26195.0,13910.0,34800.0,63.2,34.8,37.0,False,False,False,False,False,True,False,False,True,2,False,False,Stage2 아님
20261002,474650,링크솔루션,KOSDAQ,29600,48239,24594.0,42243.0,47417.0,16020.0,93300.0,84.8,68.3,37.0,True,False,False,False,False,True,False,False,True,2,False,False,Stage2 아님
20261002,900310,컬러레이,KOSDAQ,2080,1144,2071.0,2265.0,2421.0,1650.0,4340.0,26.1,52.1,37.0,False,False,False,False,False,True,False,False,True,2,False,False,베이스 없음
20261002,001550,조비,KOSPI,10210,8644,10464.0,12373.0,12245.0,8640.0,20950.0,18.2,51.3,36.0,False,False,True,False,False,False,False,False,False,1,False,False,1 형성중
20261002,002150,도화엔지니어링,KOSPI,4995,37326,5129.0,5742.0,5890.0,4465.0,7650.0,11.9,34.7,36.0,False,False,False,False,False,False,False,False,False,0,False,False,Stage2 아님
20261002,002320,한진,KOSPI,15560,23662,14923.0,16977.0,17804.0,13700.0,23650.0,13.6,34.2,36.0,False,False,False,False,False,False,False,False,True,1,False,False,베이스 없음
20261002,003530,한화투자증권,KOSPI,4675,960694,4598.0,5919.0,5827.0,3515.0,10300.0,33.0,54.6,36.0,True,False,True,False,False,True,False,False,True,3,False,False,베이스 없음
20261002,005300,롯데칠성,KOSPI,95500,6842,98368.0,108540.0,114844.0,93800.0,154800.0,1.8,38.3,36.0,False,False,False,False,False,False,False,False,False,0,False,False,베이스 없음
20261002,008870,금비,KOSPI,39400,524,39821.0,42197.0,44277.0,37050.0,62000.0,6.3,36.5,36.0,False,False,False,False,False,False,False,False,False,0,False,False,베이스 없음
20261002,009415,태영건설우,KOSPI,6170,1704,6384.0,7511.0,7894.0,4500.0,18900.0,37.1,67.4,36.0,False,False,False,True,False,True,False,False,False,2,False,False,1 형성중
20261002,012700,리드코프,KOSDAQ,2915,14208,2985.0,3220.0,3333.0,2655.0,4165.0,9.8,30.0,36.0,False,False,False,False,False,False,False,False,False,0,False,False,Stage2 아님
20261002,018310,삼목에스폼,KOSDAQ,15000,9000,14088.0,16578.0,17406.0,12570.0,22950.0,19.3,34.6,36.0,True,False,False,False,False,False,False,False,True,1,False,False,베이스 없음
20261002,028300,HLB,KOSDAQ,40650,701513,35120.0,45928.0,47519.0,24150.0,69200.0,68.3,41.3,36.0,False,False,False,False,False,True,False,False,True,2,False,False,베이스 없음
20261002,034830,한국토지신탁,KOSPI,1124,202263,1146.0,1315.0,1304.0,1039.0,1878.0,8.2,40.1,36.0,False,False,True,False,False,False,False,False,False,1,False,False,베이스 없음
20261002,036480,대성미생물,KOSDAQ,5990,3210,6199.0,6776.0,6896.0,5400.0,10960.0,10.9,45.3,36.0,False,False,False,False,False,False,False,False,False,0,False,False,Stage2 아님
20261002,038290,마크로젠,KOSDAQ,12520,13735,12122.0,13848.0,14694.0,10440.0,20900.0,19.9,40.1,36.0,False,False,False,False,False,False,False,False,True,1,False,False,베이스 없음
20261002,038870,에코심플렉스,KOSDAQ,2125,10571,1890.0,2353.0,2543.0,1365.0,4435.0,55.7,52.1,36.0,True,False,False,False,False,True,False,False,True,2,False,False,베이스 없음
20261002,065450,빅텍,KOSDAQ,3100,1031184,2903.0,3930.0,3892.0,2500.0,7050.0,24.0,56.0,36.0,False,False,True,False,False,False,False,False,True,2,False,False,베이스 없음
20251229,074610,이엔플러스,KOSPI,5110,0,5110.0,5110.0,5277.0,5110.0,12970.0,0.0,60.6,36.0,False,False,False,False,False,False,False,False,False,0,False,False,베이스 없음
20261002,094940,푸른로보틱스,KOSDAQ,6260,34652,6233.0,8003.0,8451.0,4715.0,15700.0,32.8,60.1,36.0,False,False,False,False,False,True,False,False,True,2,False,False,베이스 없음
20261002,097520,엠씨넥스,KOSPI,19530,36465,19168.0,21029.0,23101.0,15600.0,32500.0,25.2,39.9,36.0,False,False,False,False,False,True,False,False,True,2,False,False,베이스 없음
20261002,101000,KS인더스트리,KOSDAQ,1518,67151,1085.0,1793.0,1944.0,680.0,5814.0,123.2,73.9,36.0,True,False,False,False,False,True,False,False,True,2,False,False,베이스 없음
20261002,190650,코리아에셋투자증권,KOSDAQ,6500,1318,6696.0,7560.0,7558.0,6190.0,13410.0,5.0,51.5,36.0,False,False,True,False,False,False,False,False,False,1,False,False,베이스 없음
20261002,278280,천보,KOSDAQ,38150,25185,36371.0,44774.0,47006.0,25900.0,80600.0,47.3,52.7,36.0,True,False,False,False,False,True,False,False,True,2,False,False,베이스 없음
20261002,317330,덕산테코피아,KOSDAQ,13070,146092,11484.0,15732.0,16347.0,7850.0,33000.0,66.5,60.4,36.0,True,False,False,False,False,True,False,False,True,2,False,False,베이스 없음
20261002,440290,HB인베스트먼트,KOSDAQ,1723,5572,1718.0,1885.0,1949.0,1581.0,2490.0,9.0,30.8,36.0,False,False,False,False,False,False,False,False,True,1,False,False,베이스 없음
20261002,451250,삐아,KOSDAQ,7340,6707,7373.0,7819.0,8191.0,6200.0,12550.0,18.4,41.5,36.0,False,False,False,False,False,False,False,False,False,0,False,False,Stage2 아님
20261002,459510,나우로보틱스,KOSDAQ,15870,36158,15454.0,19163.0,21022.0,10700.0,38250.0,48.3,58.5,36.0,False,False,False,False,False,True,False,False,True,2,False,False,Stage2 아님
20261002,462510,라메디텍,KOSDAQ,3560,81715,2845.0,3715.0,4328.0,2290.0,9300.0,55.5,61.7,36.0,True,False,False,False,False,True,False,False,True,2,False,False,Stage2 아님
20261002,475230,엔알비,KOSDAQ,10080,83574,9092.0,14067.0,14918.0,5600.0,29650.0,80.0,66.0,36.0,True,False,False,False,False,True,False,False,True,2,False,False,Stage2 아님
20261002,001520,동양,KOSPI,1137,195577,1100.0,1310.0,1419.0,970.0,2660.0,17.2,57.3,35.0,True,False,False,False,False,False,False,False,True,1,False,False,베이스 없음
20261002,001810,무림SP,KOSDAQ,1131,1551,1180.0,1323.0,1357.0,995.0,2320.0,13.7,51.2,35.0,False,False,False,False,False,False,False,False,False,0,False,False,Stage2 아님
20261002,002030,아세아,KOSPI,203000,1246,200310.0,223532.0,245334.0,157800.0,402000.0,28.6,49.5,35.0,True,False,False,False,False,True,False,False,True,2,False,False,1 형성중
20261002,004440,삼일씨엔에스,KOSPI,5440,23940,5119.0,5989.0,5895.0,3990.0,11070.0,36.3,50.9,35.0,True,False,True,True,False,True,False,False,True,4,False,False,베이스 없음
20261002,004840,DRB동일,KOSPI,4010,46107,4206.0,4713.0,4833.0,3860.0,6470.0,3.9,38.0,35.0,False,False,False,False,False,False,False,False,False,0,False,False,베이스 없음
20261002,007860,서연,KOSPI,7750,12904,7725.0,8588.0,9001.0,6550.0,11990.0,18.3,35.4,35.0,False,False,False,False,False,False,False,False,True,1,False,False,베이스 없음
20261002,018700,졸스,KOSDAQ,1291,26555,1404.0,1515.0,1816.0,801.0,3477.0,61.2,62.9,35.0,False,False,False,False,False,True,False,False,False,1,False,False,베이스 없음
20261002,022100,포스코DX,KOSPI,20950,208174,20596.0,26757.0,28526.0,16510.0,45600.0,26.9,54.1,35.0,True,False,False,False,False,True,False,False,True,2,False,False,베이스 없음
20261002,041510,에스엠,KOSDAQ,78800,161371,76494.0,83589.0,91406.0,63900.0,153000.0,23.3,48.5,35.0,True,False,False,False,False,False,False,False,True,1,False,False,베이스 없음
20261002,053050,지에스이,KOSDAQ,1889,56322,1839.0,2227.0,2266.0,1415.0,4345.0,33.5,56.5,35.0,True,False,False,False,False,True,False,False,True,2,False,False,베이스 없음
20261002,053280,예스24,KOSDAQ,2900,12379,3087.0,3225.0,3335.0,2715.0,3985.0,6.8,27.2,35.0,False,False,False,False,False,False,False,False,False,0,False,False,베이스 없음
20261002,058850,KTcs,KOSPI,2210,42251,2200.0,2414.0,2515.0,2040.0,3135.0,8.3,29.5,35.0,False,False,False,False,False,False,False,False,True,1,False,False,베이스 없음
20261002,060570,드림어스컴퍼니,KOSDAQ,5100,5270,4155.0,4957.0,5563.0,3310.0,10250.0,54.1,50.2,35.0,True,False,False,False,False,True,False,False,True,2,False,False,베이스 없음
20261002,085670,뉴프렉스,KOSDAQ,3745,1107547,3018.0,4360.0,4709.0,2260.0,7280.0,65.7,48.6,35.0,True,False,False,False,False,True,False,False,True,2,False,False,베이스 없음
20261002,088290,이원컴포텍,KOSDAQ,2520,5041,2355.0,2487.0,2852.0,1358.0,6740.0,85.6,62.6,35.0,True,False,False,False,False,True,False,False,True,2,False,False,베이스 없음
20261002,100660,서암기계공업,KOSDAQ,3295,24290,3014.0,3657.0,3960.0,2505.0,6180.0,31.5,46.7,35.0,True,False,False,False,False,True,False,False,True,2,False,False,베이스 없음
20261002,114190,강원에너지,KOSDAQ,8970,172198,8634.0,10996.0,12049.0,6040.0,20250.0,48.5,55.7,35.0,False,False,False,False,False,True,False,False,True,2,False,False,베이스 없음
20261002,168360,펨트론,KOSDAQ,16040,802541,12972.0,18587.0,18271.0,8670.0,34700.0,85.0,53.8,35.0,True,False,True,False,False,True,False,False,True,3,False,False,베이스 없음
20261002,170900,동아에스티,KOSPI,34900,3789,36526.0,39696.0,42610.0,31600.0,56460.0,10.4,38.2,35.0,False,False,False,False,False,False,False,False,False,0,False,False,베이스 없음
20261002,211050,인카금융서비스,KOSDAQ,9780,53417,10385.0,10813.0,11532.0,8100.0,17330.0,20.7,43.6,35.0,False,False,False,False,False,False,False,False,False,0,False,False,1 형성중
20261002,277070,린드먼아시아,KOSDAQ,3435,2120,3186.0,3668.0,3957.0,2820.0,5920.0,21.8,42.0,35.0,True,False,False,False,False,False,False,False,True,1,False,False,베이스 없음
20261002,281740,레이크머티리얼즈,KOSDAQ,12630,893787,11635.0,16350.0,16947.0,9200.0,28700.0,37.3,56.0,35.0,False,False,False,False,False,True,False,False,True,2,False,False,베이스 없음
20261002,293580,나우IB,KOSDAQ,1279,167753,1375.0,1717.0,1688.0,985.0,3350.0,29.8,61.8,35.0,False,False,True,True,False,True,False,False,False,3,False,False,베이스 없음
20261002,366030,나인앤컴퍼니,KOSDAQ,4400,29076,4677.0,5236.0,5399.0,3900.0,7100.0,12.8,38.0,35.0,False,False,False,False,False,False,False,False,False,0,False,False,베이스 없음
20261002,464580,닷밀,KOSDAQ,1638,5931,1593.0,1789.0,1975.0,1220.0,3110.0,34.3,47.3,35.0,False,False,False,False,False,True,False,False,True,2,False,False,Stage2 아님
20261002,465480,인스피언,KOSDAQ,3960,10384,3456.0,4426.0,4628.0,2600.0,7860.0,52.3,49.6,35.0,True,False,False,False,False,True,False,False,True,2,False,False,Stage2 아님
20261002,950170,JTC,KOSDAQ,4235,3698,4392.0,4668.0,4659.0,3350.0,7420.0,26.4,42.9,35.0,False,False,True,True,False,True,False,False,False,3,False,False,베이스 없음
20261002,000225,유유제약1우,KOSPI,3625,851,3686.0,4007.0,4230.0,3345.0,5700.0,8.4,36.4,34.0,False,False,False,False,False,False,False,False,False,0,False,False,Stage2 아님
20261002,005385,현대차우,KOSPI,175400,31805,189312.0,228916.0,231904.0,162100.0,329000.0,8.2,46.7,34.0,False,False,False,False,False,False,False,False,False,0,False,False,베이스 없음
20261002,009580,무림P&P,KOSPI,1760,162915,1666.0,2109.0,2199.0,1415.0,4420.0,24.4,60.2,34.0,True,False,False,False,False,False,False,False,True,1,False,False,Stage2 아님
20261002,017000,신원종합개발,KOSDAQ,2325,62695,2351.0,2653.0,2802.0,1975.0,4470.0,17.7,48.0,34.0,False,False,False,False,False,False,False,False,False,0,False,False,Stage2 아님
20261002,025440,DH오토웨어,KOSDAQ,3230,3954,3394.0,3816.0,4065.0,3110.0,7650.0,3.9,57.8,34.0,False,False,False,False,False,False,False,False,False,0,False,False,베이스 없음
20261002,042000,카페24,KOSDAQ,20500,1414991,16970.0,21350.0,24365.0,14870.0,43950.0,37.9,53.4,34.0,True,False,False,False,False,True,False,False,True,2,False,False,베이스 없음
20261002,048430,유라테크,KOSDAQ,5910,32846,5974.0,6721.0,7075.0,5130.0,9760.0,15.2,39.4,34.0,False,False,False,False,False,False,False,False,False,0,False,False,1 형성중
20261002,053210,스카이라이프,KOSPI,4005,17162,4076.0,4460.0,4608.0,3895.0,5510.0,2.8,27.3,34.0,False,False,False,False,False,False,False,False,False,0,False,False,베이스 없음
20261002,054410,케이피티유,KOSDAQ,2895,23705,3478.0,3430.0,3481.0,2440.0,4250.0,18.6,31.9,34.0,False,False,False,False,False,False,False,False,False,0,False,False,1 형성중
20261002,083420,그린케미칼,KOSPI,4740,21303,4742.0,5125.0,5428.0,4095.0,7650.0,15.8,38.0,34.0,False,False,False,False,False,False,False,False,False,0,False,False,베이스 없음
20261002,090470,제이스로보틱스,KOSDAQ,4130,18415,4317.0,6088.0,5896.0,2965.0,10100.0,39.3,59.1,34.0,False,False,True,True,False,True,False,False,False,3,False,False,베이스 없음
20261002,094480,갤럭시아머니트리,KOSDAQ,5970,255519,5464.0,6682.0,7498.0,4055.0,12250.0,47.2,51.3,34.0,True,False,False,False,False,True,False,False,True,2,False,False,베이스 없음
20261002,097955,CJ제일제당 우,KOSPI,109500,3377,120892.0,126362.0,129511.0,108100.0,144200.0,1.3,24.1,34.0,False,False,False,False,False,False,True,False,False,1,False,False,베이스 없음
20261002,123040,엠에스오토텍,KOSDAQ,1656,70446,1665.0,1980.0,2047.0,1260.0,3355.0,31.4,50.6,34.0,False,False,False,False,False,True,False,False,False,1,False,False,베이스 없음
20261002,123570,이엠넷,KOSDAQ,1648,10123,1654.0,1802.0,1837.0,1525.0,2390.0,8.1,31.0,34.0,False,False,False,False,False,False,False,False,False,0,False,False,Stage2 아님
20261002,129260,인터지스,KOSPI,1939,13440,1917.0,2149.0,2229.0,1795.0,2820.0,8.0,31.2,34.0,False,False,False,False,False,False,False,False,True,1,False,False,베이스 없음
20261002,139480,이마트,KOSPI,72000,72916,75900.0,87675.0,88376.0,70300.0,136400.0,2.4,47.2,34.0,False,False,False,False,False,False,False,False,False,0,False,False,베이스 없음
20261002,215200,메가스터디교육,KOSDAQ,37800,35779,37189.0,41144.0,41719.0,33650.0,50800.0,12.3,25.6,34.0,True,False,False,False,False,False,False,False,True,1,False,False,베이스 없음
20261002,217500,러셀,KOSDAQ,1620,143200,1549.0,2090.0,2309.0,1205.0,5930.0,34.4,72.7,34.0,False,False,False,False,False,True,False,False,True,2,False,False,베이스 없음
20261002,227950,엔투텍,KOSDAQ,1332,416662,1277.0,1752.0,1758.0,933.0,3775.0,42.8,64.7,34.0,False,False,False,False,False,True,False,False,True,2,False,False,베이스 없음
20261002,259630,엠플러스,KOSDAQ,10140,148693,9308.0,11961.0,12086.0,6990.0,20100.0,45.1,49.6,34.0,True,False,False,False,False,True,False,False,True,2,False,False,베이스 없음
20261002,273640,와이엠텍,KOSDAQ,5840,74774,5072.0,6849.0,7176.0,3905.0,13990.0,49.6,58.3,34.0,True,False,False,False,False,True,False,False,True,2,False,False,베이스 없음
20261002,293480,하나제약,KOSPI,8370,14944,8502.0,9065.0,9518.0,8100.0,12390.0,3.3,32.4,34.0,False,False,False,False,False,False,False,False,False,0,False,False,Stage2 아님
20261002,309960,LB인베스트먼트,KOSDAQ,4320,31645,4304.0,4908.0,5144.0,3600.0,7750.0,20.0,44.3,34.0,False,False,False,False,False,False,False,False,True,1,False,False,베이스 없음
20261002,333620,엔시스,KOSDAQ,5050,13143,5346.0,5762.0,5931.0,4630.0,8450.0,9.1,40.2,34.0,False,False,False,False,False,False,False,False,False,0,False,False,베이스 없음
20261002,361610,SK아이이테크놀로지,KOSPI,17760,655822,15633.0,19158.0,20960.0,11840.0,35100.0,50.0,49.4,34.0,True,False,False,False,False,True,False,False,True,2,False,False,베이스 없음
20261002,418550,제이오,KOSDAQ,5270,136832,4544.0,6714.0,7017.0,3205.0,15840.0,64.4,66.7,34.0,True,False,False,False,False,True,False,False,True,2,False,False,Stage2 아님
20261002,000145,하이트진로홀딩스우,KOSPI,9160,407,9330.0,10300.0,10812.0,8000.0,13310.0,14.5,31.2,33.0,False,False,False,False,False,False,False,False,False,0,False,False,베이스 없음
20261002,001630,종근당홀딩스,KOSPI,37400,1552,38828.0,43275.0,44600.0,35300.0,55600.0,5.9,32.7,33.0,False,False,False,False,False,False,False,False,False,0,False,False,베이스 없음
20261002,002350,넥센타이어,KOSPI,5800,75411,6198.0,6862.0,7176.0,5460.0,10110.0,6.2,42.6,33.0,False,False,False,False,False,False,False,False,False,0,False,False,베이스 없음
20261002,002690,동일제강,KOSPI,1327,39878,1470.0,1519.0,1547.0,1251.0,1990.0,6.1,33.3,33.0,False,False,False,False,False,False,False,False,False,0,False,False,베이스 없음
20261002,004980,성신양회,KOSPI,8160,69539,8108.0,9056.0,9268.0,6780.0,15310.0,20.4,46.7,33.0,False,False,False,False,False,False,False,False,True,1,False,False,Stage2 아님
20261002,006220,제주은행,KOSPI,9670,98529,9531.0,11147.0,11628.0,8000.0,18840.0,20.9,48.7,33.0,True,False,False,False,False,False,False,False,True,1,False,False,베이스 없음
20261002,008970,KBI동양철관,KOSPI,1361,5579356,1136.0,1432.0,1527.0,890.0,2970.0,52.9,54.2,33.0,True,False,False,False,False,True,False,False,True,2,False,False,베이스 없음
20261002,010140,삼성중공업,KOSPI,19920,1922545,21148.0,25414.0,25927.0,18440.0,35350.0,8.0,43.6,33.0,False,False,False,False,False,False,False,False,False,0,False,False,베이스 없음
20261002,011370,서한,KOSDAQ,3780,21982,3820.0,4488.0,4514.0,3335.0,6190.0,13.3,38.9,33.0,False,False,False,False,False,False,False,False,False,0,False,False,베이스 없음
20261002,014570,고려제약,KOSDAQ,3275,1280,3407.0,3631.0,3774.0,3060.0,4700.0,7.0,30.3,33.0,False,False,False,False,False,False,False,False,False,0,False,False,Stage2 아님
20261002,018250,애경산업,KOSPI,11220,22474,11491.0,12796.0,12923.0,10120.0,19100.0,10.9,41.3,33.0,False,False,False,False,False,False,False,False,False,0,False,False,베이스 없음
20261002,023810,인팩,KOSPI,5300,8393,5133.0,6321.0,7061.0,4430.0,13560.0,19.6,60.9,33.0,False,False,False,False,False,False,False,False,True,1,False,False,베이스 없음
20261002,036090,위지트,KOSDAQ,1448,341170,1322.0,1604.0,1672.0,980.0,2774.0,47.8,47.8,33.0,True,False,False,False,False,True,False,False,True,2,False,False,베이스 없음
20261002,046390,삼화네트웍스,KOSDAQ,2095,27305,2057.0,2117.0,2287.0,1395.0,4239.0,50.2,50.6,33.0,False,False,False,False,False,True,False,False,True,2,False,False,베이스 없음
20261002,047310,파워로직스,KOSDAQ,3270,138751,3022.0,4045.0,4323.0,2400.0,6850.0,36.3,52.3,33.0,True,False,False,False,False,True,False,False,True,2,False,False,베이스 없음
20261002,052020,에스티큐브,KOSDAQ,7840,160791,7987.0,11672.0,10757.0,6010.0,22500.0,30.4,65.2,33.0,False,False,True,True,False,True,False,False,False,3,False,False,베이스 없음
20261002,056080,유진로봇,KOSDAQ,12680,441744,12161.0,19388.0,20628.0,9250.0,49450.0,37.1,74.4,33.0,False,False,False,True,False,True,False,False,True,3,False,False,베이스 없음
20261002,067570,엔브이에이치코리아,KOSDAQ,1683,29186,1703.0,1924.0,2030.0,1591.0,2505.0,5.8,32.8,33.0,False,False,False,False,False,False,False,False,False,0,False,False,베이스 없음
20261002,067830,세이브존I&C,KOSPI,2265,41039,2350.0,2637.0,2766.0,2050.0,4135.0,10.5,45.2,33.0,False,False,False,False,False,False,False,False,False,0,False,False,베이스 없음
20261002,139990,아주스틸,KOSPI,2290,18015,2218.0,2628.0,2785.0,1955.0,4545.0,17.1,49.6,33.0,False,False,False,False,False,False,False,False,True,1,False,False,Stage2 아님
20261002,196450,코아시아씨엠,KOSDAQ,3940,2928,4136.0,5428.0,5173.0,3300.0,10000.0,19.4,60.6,33.0,False,False,True,False,False,False,False,False,False,1,False,False,베이스 없음
20261002,199820,제일일렉트릭,KOSDAQ,7920,128223,7353.0,9707.0,9725.0,5410.0,22300.0,46.4,64.5,33.0,True,False,False,False,False,True,False,False,True,2,False,False,베이스 없음
20261002,241690,유니테크노,KOSDAQ,2625,32837,2577.0,3116.0,3245.0,2155.0,4980.0,21.8,47.3,33.0,False,False,False,False,False,False,False,False,True,1,False,False,베이스 없음
20261002,282880,코윈로보틱스,KOSDAQ,11270,125908,9995.0,12481.0,13589.0,7340.0,21150.0,53.5,46.7,33.0,True,False,False,False,False,True,False,False,True,2,False,False,베이스 없음
20261002,347860,알체라,KOSDAQ,1623,103816,1409.0,1718.0,1821.0,1198.0,3280.0,35.5,50.5,33.0,True,False,False,False,False,True,False,False,True,2,False,False,베이스 없음
20261002,357250,미래에셋맵스리츠,KOSPI,1867,6937,1863.0,2073.0,2203.0,1750.0,2835.0,6.7,34.1,33.0,False,False,False,False,False,False,False,False,True,1,False,False,Stage2 아님
20261002,376270,HEM파마,KOSDAQ,35100,15882,38218.0,51716.0,54391.0,23900.0,97500.0,46.9,64.0,33.0,False,False,False,False,False,True,False,False,False,1,False,False,베이스 없음
20261002,0010V0,제이피아이헬스케어,KOSDAQ,8930,2405,8813.0,9886.0,11099.0,6810.0,25000.0,31.1,64.3,32.0,False,False,False,False,False,True,False,False,True,2,False,False,Stage2 아님
20261002,001130,대한제분,KOSPI,11090,5651,11405.0,12826.0,13293.0,10500.0,16400.0,5.6,32.4,32.0,False,False,False,False,False,False,False,False,False,0,False,False,베이스 없음
20261002,005387,현대차2우B,KOSPI,175800,81012,189664.0,228856.0,233007.0,164500.0,332000.0,6.9,47.0,32.0,False,False,False,False,False,False,False,False,False,0,False,False,베이스 없음
20261002,005420,코스모화학,KOSPI,11230,160940,10207.0,12832.0,13567.0,7160.0,21650.0,56.8,48.1,32.0,True,False,False,False,False,True,False,False,True,2,False,False,베이스 없음
20261002,008770,호텔신라,KOSPI,39400,115760,42582.0,48599.0,48046.0,38700.0,70300.0,1.8,44.0,32.0,False,False,True,False,False,False,False,False,False,1,False,False,베이스 없음
20261002,009470,삼화전기,KOSPI,27600,47621,23799.0,32261.0,33574.0,17800.0,59500.0,55.1,53.6,32.0,True,False,False,False,False,True,False,False,True,2,False,False,베이스 없음
20261002,009810,MDS스피어,KOSPI,1950,6174,1896.0,2017.0,2153.0,1598.0,3556.0,22.0,45.2,32.0,True,False,False,False,False,False,False,False,True,1,False,False,베이스 없음
20261002,010100,한국무브넥스,KOSPI,3485,42161,3546.0,4072.0,4361.0,3115.0,7950.0,11.9,56.2,32.0,False,False,False,False,False,False,False,False,False,0,False,False,베이스 없음
20261002,033320,제이씨현시스템,KOSDAQ,3180,63219,3009.0,3732.0,3847.0,2435.0,5840.0,30.6,45.5,32.0,True,False,False,False,False,True,False,False,True,2,False,False,베이스 없음
20261002,044990,에이치엔에스하이텍,KOSDAQ,11700,13127,11237.0,13462.0,14466.0,8500.0,24200.0,37.6,51.7,32.0,False,False,False,False,False,True,False,False,True,2,False,False,베이스 없음
20261002,059210,메타바이오메드,KOSDAQ,3695,61216,3855.0,4061.0,4271.0,3265.0,6520.0,13.2,43.3,32.0,False,False,False,False,False,False,False,False,False,0,False,False,베이스 없음
20261002,060310,3S,KOSDAQ,1171,278871,1101.0,1255.0,1323.0,831.0,2035.0,40.9,42.5,32.0,True,False,False,False,False,True,False,False,True,2,False,False,베이스 없음
20261002,079980,휴비스,KOSPI,1952,36080,1979.0,2368.0,2447.0,1630.0,4070.0,19.8,52.0,32.0,False,False,False,False,False,False,False,False,False,0,False,False,베이스 없음
20261002,095500,미래나노텍,KOSDAQ,7110,203128,6833.0,8238.0,8997.0,5220.0,14160.0,36.2,49.8,32.0,True,False,False,False,False,True,False,False,True,2,False,False,베이스 없음
20261002,097780,에코볼트,KOSDAQ,1520,1214,1406.0,1598.0,1689.0,985.0,3086.0,54.3,50.7,32.0,True,False,False,False,False,True,False,False,True,2,False,False,베이스 없음
20261002,136150,원일티엔아이,KOSDAQ,12840,2656583,7764.0,12223.0,13881.0,5400.0,29150.0,137.8,56.0,32.0,True,False,False,False,False,True,False,False,True,2,False,False,Stage2 아님
20261002,185750,종근당,KOSPI,65300,11871,67250.0,76081.0,78696.0,63000.0,98100.0,3.7,33.4,32.0,False,False,False,False,False,False,False,False,False,0,False,False,베이스 없음
20261002,222980,한국맥널티,KOSDAQ,2140,1499,2176.0,2286.0,2485.0,1613.0,4320.0,32.7,50.5,32.0,False,False,False,False,False,True,False,False,False,1,False,False,Stage2 아님
20261002,291230,컴투스엔,KOSDAQ,2605,23301,2666.0,3088.0,3399.0,1805.0,7430.0,44.3,64.9,32.0,True,False,False,False,False,True,False,False,False,1,False,False,베이스 없음
20261002,298830,슈어소프트테크,KOSDAQ,4420,262550,4132.0,5600.0,6228.0,3000.0,10880.0,47.3,59.4,32.0,True,False,False,False,False,True,False,False,True,2,False,False,베이스 없음
20261002,308170,씨티알모빌리티,KOSPI,3390,6357,3596.0,4236.0,4860.0,2900.0,10200.0,16.9,66.8,32.0,False,False,False,False,False,False,False,False,False,0,False,False,Stage2 아님
20261002,332290,누보,KOSDAQ,4420,9035,4432.0,5276.0,5456.0,3525.0,8090.0,25.4,45.4,32.0,False,False,False,False,False,True,False,False,False,1,False,False,베이스 없음
20261002,394280,오픈엣지테크놀로지,KOSDAQ,10590,249725,9269.0,13293.0,13499.0,7600.0,22700.0,39.3,53.3,32.0,True,False,False,False,False,True,False,False,True,2,False,False,베이스 없음
20261002,396270,넥스트칩,KOSDAQ,2480,471168,2119.0,3311.0,3403.0,1575.0,7570.0,57.5,67.2,32.0,True,False,False,False,False,True,False,False,True,2,False,False,베이스 없음
20261002,466410,사이냅소프트,KOSDAQ,8860,1667,8481.0,9681.0,10419.0,6950.0,15000.0,27.5,40.9,32.0,True,False,False,False,False,True,False,False,True,2,False,False,Stage2 아님
20261002,481070,에이유브랜즈,KOSDAQ,14280,7784,17108.0,16568.0,18137.0,10450.0,28700.0,36.7,50.2,32.0,False,False,False,False,False,True,False,False,False,1,False,False,Stage2 아님
20261002,950200,소마젠,KOSDAQ,3010,76118,3122.0,3184.0,3339.0,2380.0,4690.0,26.5,35.8,32.0,True,False,False,False,False,True,False,False,False,1,False,False,베이스 없음
20261002,000105,유한양행우,KOSPI,64500,473,66726.0,72362.0,79012.0,55100.0,115300.0,17.1,44.1,31.0,False,False,False,False,False,False,False,False,False,0,False,False,1 형성중
20261002,001045,CJ우,KOSPI,66400,933,69158.0,77547.0,81421.0,63300.0,111000.0,4.9,40.2,31.0,False,False,False,False,False,False,False,False,False,0,False,False,베이스 없음
20261002,003075,코오롱글로벌우,KOSPI,12490,525,13115.0,14199.0,14425.0,11100.0,17490.0,12.5,28.6,31.0,False,False,False,False,False,False,False,False,False,0,False,False,Stage2 아님
20261002,003310,대주산업,KOSDAQ,1700,225242,1646.0,2491.0,2744.0,1355.0,6090.0,25.5,72.1,31.0,True,False,False,True,False,True,False,False,True,3,False,False,베이스 없음
20261002,003960,사조대림,KOSPI,27100,2061,29638.0,30364.0,32022.0,23200.0,42200.0,16.8,35.8,31.0,False,False,False,False,False,False,False,False,False,0,False,False,베이스 없음
20261002,004985,성신양회우,KOSPI,9020,1885,8542.0,9971.0,10367.0,7510.0,16500.0,20.1,45.3,31.0,True,False,False,False,False,False,False,False,True,1,False,False,Stage2 아님
20261002,007210,벽산,KOSPI,1439,50651,1446.0,1675.0,1695.0,1296.0,2275.0,11.0,36.7,31.0,False,False,False,False,False,False,False,False,False,0,False,False,베이스 없음
20261002,023790,동일스틸럭스,KOSDAQ,1613,434660,1491.0,1726.0,1987.0,991.0,7135.0,62.8,77.4,31.0,True,False,False,False,False,True,False,False,True,2,False,False,베이스 없음
20261002,036120,서울평가정보,KOSDAQ,1545,118379,1611.0,1779.0,1844.0,1400.0,2530.0,10.4,38.9,31.0,False,False,False,False,False,False,False,False,False,0,False,False,1 형성중
20261002,051500,CJ프레시웨이,KOSDAQ,21700,3092,23086.0,25515.0,26180.0,19800.0,36400.0,9.6,40.4,31.0,False,False,False,False,False,False,False,False,False,0,False,False,베이스 없음
20261002,056700,신화인터텍,KOSDAQ,1414,22351,1431.0,1622.0,1661.0,1390.0,2055.0,1.7,31.2,31.0,False,False,False,False,False,False,False,False,False,0,False,False,베이스 없음
20261002,069140,누리플랜,KOSDAQ,1740,5434,1806.0,1884.0,2095.0,1465.0,3400.0,18.8,48.8,31.0,False,False,False,False,False,False,False,False,False,0,False,False,베이스 없음
20261002,071670,에이테크솔루션,KOSDAQ,5320,21811,5039.0,6841.0,7519.0,3995.0,14250.0,33.2,62.7,31.0,False,False,False,False,False,True,False,False,True,2,False,False,베이스 없음
20261002,071840,롯데하이마트,KOSPI,6030,6101,6280.0,6950.0,7133.0,5800.0,10120.0,4.0,40.4,31.0,False,False,False,False,False,False,False,False,False,0,False,False,베이스 없음
20261002,085310,엔케이,KOSPI,8940,3573,8977.0,9921.0,10412.0,6950.0,17610.0,28.6,49.2,31.0,False,False,False,False,False,True,False,False,False,1,False,False,베이스 없음
20261002,123690,한국화장품,KOSPI,6480,43798,6339.0,7256.0,8005.0,4905.0,13080.0,32.1,50.5,31.0,False,False,False,False,False,True,False,False,True,2,False,False,베이스 없음
20261002,137400,피엔티,KOSDAQ,32650,209197,29876.0,40447.0,41297.0,23000.0,62000.0,42.0,47.3,31.0,True,False,False,False,False,True,False,False,True,2,False,False,베이스 없음
20261002,145720,덴티움,KOSPI,38650,24257,38201.0,44886.0,45604.0,35000.0,60600.0,10.4,36.2,31.0,False,False,False,False,False,False,False,False,True,1,False,False,베이스 없음
20261002,179290,엠아이텍,KOSDAQ,4730,28061,4959.0,5521.0,5888.0,4000.0,7860.0,18.3,39.8,31.0,False,False,False,False,False,False,False,False,False,0,False,False,베이스 없음
20261002,211270,AP위성,KOSDAQ,9550,128276,8210.0,12319.0,13171.0,5720.0,22400.0,67.0,57.4,31.0,True,False,False,False,False,True,False,False,True,2,False,False,베이스 없음
20261002,212710,아이에스티이,KOSDAQ,7500,93148,7485.0,8580.0,8656.0,5590.0,15580.0,34.2,51.9,31.0,False,False,False,False,False,True,False,False,True,2,False,False,Stage2 아님
20261002,251120,바이오에프디엔씨,KOSDAQ,9850,24745,8659.0,10807.0,12023.0,6330.0,18800.0,55.6,47.6,31.0,True,False,False,False,False,True,False,False,True,2,False,False,베이스 없음
20261002,262840,아이퀘스트,KOSDAQ,2830,16653,2797.0,3149.0,3257.0,2595.0,4460.0,9.1,36.5,31.0,False,False,False,False,False,False,False,False,True,1,False,False,베이스 없음
20261002,263750,펄어비스,KOSDAQ,33450,109981,33436.0,43831.0,43818.0,29450.0,77400.0,13.6,56.8,31.0,True,False,True,False,False,False,False,False,True,2,False,False,베이스 없음
20261002,373170,엠아이큐브솔루션,KOSDAQ,1845,21955,1791.0,2245.0,2442.0,1370.0,5820.0,34.7,68.3,31.0,True,False,False,False,False,True,False,False,True,2,False,False,Stage2 아님
20261002,402490,그린리소스,KOSDAQ,8070,232658,6808.0,11564.0,10806.0,4825.0,24850.0,67.3,67.5,31.0,True,False,True,False,False,True,False,False,True,3,False,False,베이스 없음
20261002,475430,키스트론,KOSDAQ,4510,119591,4254.0,4656.0,4678.0,3315.0,7820.0,36.0,42.3,31.0,False,False,False,False,False,True,False,False,True,2,False,False,Stage2 아님
20261002,000100,유한양행,KOSPI,74200,120454,78288.0,84048.0,90851.0,65000.0,129200.0,14.2,42.6,30.0,False,False,False,False,False,False,False,False,False,0,False,False,베이스 없음
20261002,000120,CJ대한통운,KOSPI,70700,33255,73520.0,88280.0,92236.0,69200.0,154000.0,2.2,54.1,30.0,False,False,False,False,False,False,False,False,False,0,False,False,베이스 없음
20261002,001515,SK증권우,KOSPI,4010,4655,4116.0,6674.0,6273.0,3305.0,18900.0,21.3,78.8,30.0,False,False,True,False,False,False,False,False,False,1,False,False,베이스 없음
20261002,005257,녹십자홀딩스2우,KOSPI,18350,44,16917.0,20378.0,21612.0,13700.0,31700.0,33.9,42.1,30.0,True,False,False,False,False,True,False,False,True,2,False,False,Stage2 아님
20261002,005860,한일사료,KOSDAQ,2365,88715,2403.0,3017.0,3027.0,2000.0,5340.0,18.3,55.7,30.0,False,False,False,False,False,False,False,False,False,0,False,False,Stage2 아님
20261002,007120,미래아이앤지,KOSPI,984,81333,1131.0,1433.0,1330.0,780.0,2990.0,26.2,67.1,30.0,False,False,True,True,False,True,False,False,False,3,False,False,Stage2 아님
20261002,011420,갤럭시아에스엠,KOSPI,1444,24550,1454.0,1591.0,1674.0,1201.0,2305.0,20.2,37.4,30.0,False,False,False,False,False,False,False,False,False,0,False,False,베이스 없음
20261002,014285,금강공업우,KOSPI,5600,1069,5440.0,6217.0,6950.0,5010.0,16500.0,11.8,66.1,30.0,False,False,False,False,False,False,False,False,True,1,False,False,베이스 없음
20261002,019175,신풍제약우,KOSPI,14080,133,13498.0,15307.0,16891.0,7570.0,28950.0,86.0,51.4,30.0,True,False,False,False,False,True,False,False,True,2,False,False,Stage2 아님
20261002,024830,세원물산,KOSDAQ,8220,3671,8624.0,9975.0,10201.0,7970.0,14000.0,3.1,41.3,30.0,False,False,False,False,False,False,False,False,False,0,False,False,1 형성중
20261002,029780,삼성카드,KOSPI,42200,42880,46059.0,50154.0,51638.0,41550.0,69200.0,1.6,39.0,30.0,False,False,False,False,False,False,False,False,False,0,False,False,베이스 없음
20261002,035890,서희건설,KOSDAQ,2230,207327,2172.0,2512.0,2684.0,1866.0,4000.0,19.5,44.2,30.0,True,False,False,False,False,False,False,False,True,1,False,False,베이스 없음
20261002,043650,국순당,KOSDAQ,3510,7966,3585.0,3835.0,3894.0,3115.0,5110.0,12.7,31.3,30.0,False,False,False,False,False,False,False,False,False,0,False,False,베이스 없음
20261002,054620,APS,KOSDAQ,3915,54119,3936.0,5455.0,5155.0,3280.0,10770.0,19.4,63.6,30.0,False,False,True,False,False,False,False,False,False,1,False,False,베이스 없음
20261002,060280,큐렉소,KOSDAQ,8780,263898,8455.0,11606.0,12596.0,6970.0,22550.0,26.0,61.1,30.0,False,False,False,False,False,True,False,False,True,2,False,False,베이스 없음
20261002,080160,모두투어,KOSDAQ,8250,47526,8908.0,9848.0,10222.0,7690.0,17500.0,7.3,52.9,30.0,False,False,False,False,False,False,False,False,False,0,False,False,베이스 없음
20261002,122310,제노레이,KOSDAQ,3340,3171,3388.0,3868.0,3964.0,3100.0,5590.0,7.7,40.3,30.0,True,False,False,False,False,False,False,False,False,0,False,False,Stage2 아님
20261002,124560,태웅로직스,KOSDAQ,1967,9823,1922.0,2230.0,2339.0,1410.0,3270.0,39.5,39.8,30.0,False,False,False,False,False,True,False,False,True,2,False,False,베이스 없음
20261002,131030,옵투스제약,KOSDAQ,6290,77946,5731.0,7761.0,7684.0,4610.0,20750.0,36.4,69.7,30.0,True,False,True,False,False,True,False,False,True,3,False,False,베이스 없음
20261002,206640,바디텍메드,KOSDAQ,9740,16327,10298.0,10992.0,11503.0,9250.0,15000.0,5.3,35.1,30.0,False,False,False,False,False,False,False,False,False,0,False,False,베이스 없음
20261002,238490,힘스,KOSDAQ,2350,15462,2295.0,2719.0,2873.0,2005.0,4095.0,17.2,42.6,30.0,True,False,False,False,False,False,False,False,True,1,False,False,베이스 없음
20261002,304360,에스바이오메딕스,KOSDAQ,21300,16463,19400.0,25944.0,27951.0,13910.0,42600.0,53.1,50.0,30.0,True,False,False,False,False,True,False,False,True,2,False,False,베이스 없음
20261002,321550,티움바이오,KOSDAQ,4580,231683,4424.0,6632.0,6470.0,3415.0,13700.0,34.1,66.6,30.0,True,False,True,False,False,True,False,False,True,3,False,False,베이스 없음
20261002,322180,LS티라유텍,KOSDAQ,4630,198412,4106.0,5932.0,6616.0,3270.0,11660.0,41.6,60.3,30.0,True,False,False,False,False,True,False,False,True,2,False,False,베이스 없음
20261002,33637K,솔루스첨단소재1우,KOSPI,1534,26787,1489.0,1843.0,1902.0,1321.0,3065.0,16.1,50.0,30.0,False,False,False,False,False,False,False,False,True,1,False,False,베이스 없음
20261002,347890,엠엑스온,KOSDAQ,4355,6575,4422.0,4969.0,5377.0,3785.0,7940.0,15.1,45.2,30.0,False,False,False,False,False,False,False,False,False,0,False,False,베이스 없음
20261002,352700,씨앤투스,KOSDAQ,1464,6338,1418.0,1673.0,1828.0,1161.0,2625.0,26.1,44.2,30.0,True,False,False,False,False,True,False,False,True,2,False,False,Stage2 아님
20261002,450330,하스,KOSDAQ,5030,5249,4818.0,5723.0,5855.0,3650.0,8700.0,37.8,42.2,30.0,False,False,False,False,False,True,False,False,True,2,False,False,Stage2 아님
20261002,0008Z0,에스엔시스,KOSDAQ,23800,9694,23238.0,28190.0,29145.0,19000.0,49900.0,25.3,52.3,29.0,True,False,False,False,False,True,False,False,True,2,False,False,Stage2 아님
20261002,003030,세아제강지주,KOSPI,115400,22079,106060.0,146221.0,142773.0,94200.0,260000.0,22.5,55.6,29.0,True,False,True,False,False,False,False,False,True,2,False,False,베이스 없음
20261002,004255,NPC우,KOSPI,1910,33810,1879.0,2134.0,2215.0,1787.0,2610.0,6.9,26.8,29.0,False,False,False,False,False,False,False,False,True,1,False,False,Stage2 아님
20261002,008775,호텔신라우,KOSPI,28050,293,28910.0,32455.0,33488.0,26700.0,50000.0,5.1,43.9,29.0,False,False,False,False,False,False,False,False,False,0,False,False,베이스 없음
20261002,017180,명문제약,KOSPI,1277,46704,1219.0,1470.0,1558.0,1000.0,2055.0,27.7,37.9,29.0,True,False,False,False,False,True,False,False,True,2,False,False,베이스 없음
20261002,017860,DS단석,KOSPI,13040,179458,11847.0,15693.0,16487.0,9560.0,26450.0,36.4,50.7,29.0,True,False,False,False,False,True,False,False,True,2,False,False,Stage2 아님
20261002,023410,유진기업,KOSDAQ,3280,209290,3277.0,3683.0,3724.0,2950.0,5200.0,11.2,36.9,29.0,False,False,False,False,False,False,False,False,True,1,False,False,베이스 없음
20261002,024880,케이피에프,KOSDAQ,3970,90884,3825.0,4728.0,4969.0,3310.0,6880.0,19.9,42.3,29.0,False,False,False,False,False,False,False,False,True,1,False,False,베이스 없음
20261002,038880,아이에이,KOSDAQ,3395,9003,3365.0,4565.0,5326.0,1855.0,9650.0,83.0,64.8,29.0,False,False,False,False,False,True,False,False,True,2,False,False,베이스 없음
20261002,057030,YBM넷,KOSDAQ,2120,4446,2139.0,2388.0,2538.0,1930.0,3370.0,9.8,37.1,29.0,False,False,False,False,False,False,False,False,False,0,False,False,베이스 없음
20261002,071850,캐스텍코리아,KOSDAQ,1242,29777,1316.0,1428.0,1450.0,1161.0,1907.0,7.0,34.9,29.0,False,False,False,False,False,False,False,False,False,0,False,False,베이스 없음
20261002,075970,동국알앤에스,KOSDAQ,1671,17531,1614.0,1898.0,1990.0,1374.0,3075.0,21.6,45.7,29.0,True,False,False,False,False,False,False,False,True,1,False,False,베이스 없음
20261002,101400,엔시트론,KOSDAQ,1634,11040,1746.0,2112.0,2206.0,1298.0,4442.0,25.9,63.2,29.0,False,False,False,False,False,True,False,False,False,1,False,False,베이스 없음
20261002,108380,대양전기공업,KOSDAQ,18770,8292,17895.0,22111.0,23648.0,14000.0,36650.0,34.1,48.8,29.0,True,False,False,False,False,True,False,False,True,2,False,False,베이스 없음
20261002,110790,크리스에프앤씨,KOSDAQ,2970,1268,2945.0,3399.0,3566.0,2525.0,4950.0,17.6,40.0,29.0,True,False,False,False,False,False,False,False,True,1,False,False,Stage2 아님
20261002,123420,위메이드플레이,KOSDAQ,6540,7135,6266.0,6641.0,6969.0,4860.0,11630.0,34.6,43.8,29.0,False,False,False,False,False,True,False,False,True,2,False,False,베이스 없음
20261002,133750,메가엠디,KOSDAQ,1366,7980,1417.0,1586.0,1646.0,1230.0,2150.0,11.1,36.5,29.0,False,False,False,False,False,False,False,False,False,0,False,False,베이스 없음
20261002,140670,알에스오토메이션,KOSDAQ,10720,80383,9994.0,13307.0,14862.0,7355.0,28800.0,45.8,62.8,29.0,True,False,False,False,False,True,False,False,True,2,False,False,베이스 없음
20261002,205100,엑셈,KOSDAQ,1450,340515,1370.0,1625.0,1728.0,1250.0,2540.0,16.0,42.9,29.0,True,False,False,False,False,False,False,False,True,1,False,False,베이스 없음
20261002,267260,HD현대일렉트릭,KOSPI,678000,104822,735000.0,927427.0,914135.0,538000.0,1430000.0,26.0,52.6,29.0,False,False,True,False,False,True,False,False,False,2,False,False,1 형성중
20261002,290090,트윔,KOSDAQ,4640,1957,4252.0,5195.0,5705.0,3460.0,8950.0,34.1,48.2,29.0,True,False,False,False,False,True,False,False,True,2,False,False,베이스 없음
20261002,336060,웨이버스,KOSDAQ,3150,8862,2983.0,3809.0,4121.0,2500.0,5875.0,26.0,46.4,29.0,True,False,False,False,False,True,False,False,True,2,False,False,베이스 없음
20261002,344860,이노진,KOSDAQ,1310,101702,1359.0,1430.0,1520.0,1099.0,2800.0,19.2,53.2,29.0,False,False,False,False,False,False,False,False,False,0,False,False,1 형성중
20261002,377030,비트맥스,KOSDAQ,2155,73914,1727.0,2305.0,3573.0,1151.0,17691.0,87.2,87.8,29.0,True,False,False,False,False,True,False,False,True,2,False,False,베이스 없음
20261002,382480,지아이텍,KOSDAQ,1638,36485,1681.0,2084.0,2108.0,1531.0,3265.0,7.0,49.8,29.0,False,False,False,False,False,False,False,False,False,0,False,False,베이스 없음
20261002,417860,오브젠,KOSDAQ,7350,23071,7150.0,8376.0,9084.0,5810.0,17740.0,26.5,58.6,29.0,True,False,False,False,False,True,False,False,True,2,False,False,베이스 없음
20261002,432320,KB스타리츠,KOSPI,1639,215268,1498.0,1818.0,2230.0,1246.0,4000.0,31.5,59.0,29.0,True,False,False,False,False,True,False,False,True,2,False,False,베이스 없음
20261002,000910,유니온,KOSPI,2965,18984,2898.0,3525.0,3740.0,2410.0,6150.0,23.0,51.8,28.0,False,False,False,False,False,False,False,False,True,1,False,False,베이스 없음
20261002,001270,부국증권,KOSPI,51400,1707,53038.0,63671.0,64053.0,44800.0,104600.0,14.7,50.9,28.0,False,False,False,False,False,False,False,False,False,0,False,False,베이스 없음
20261002,001780,알루코,KOSPI,1627,310868,1645.0,2043.0,2073.0,1380.0,3495.0,17.9,53.4,28.0,False,False,False,False,False,False,False,False,False,0,False,False,베이스 없음
20261002,002720,국제약품,KOSPI,3305,28029,3300.0,3922.0,4046.0,2810.0,5470.0,17.6,39.6,28.0,False,False,False,False,False,False,False,False,True,1,False,False,베이스 없음
20261002,005965,동부건설우,KOSPI,17190,114,17034.0,17975.0,18967.0,12150.0,57000.0,41.5,69.8,28.0,False,False,False,True,False,True,False,False,True,3,False,False,Stage2 아님
20261002,009070,KCTC,KOSPI,4140,93628,3992.0,4920.0,5326.0,3370.0,8390.0,22.8,50.7,28.0,True,False,False,False,False,False,False,False,True,1,False,False,베이스 없음
20261002,011090,에넥스,KOSPI,1338,184266,1637.0,1785.0,2024.0,908.0,4170.0,47.4,67.9,28.0,False,False,False,False,False,True,False,False,False,1,False,False,1 형성중
20261002,011210,현대위아,KOSPI,53300,37635,58228.0,72268.0,74354.0,46950.0,112600.0,13.5,52.7,28.0,False,False,False,False,False,False,False,False,False,0,False,False,베이스 없음
20261002,011700,한신기계,KOSPI,2565,156451,2431.0,3344.0,3430.0,1767.0,5910.0,45.2,56.6,28.0,True,False,False,False,False,True,False,False,True,2,False,False,베이스 없음
20261002,013120,동원개발,KOSDAQ,2125,74848,2156.0,2506.0,2601.0,1919.0,3630.0,10.7,41.5,28.0,False,False,False,False,False,False,False,False,False,0,False,False,베이스 없음
20261002,023350,한국종합기술,KOSPI,3750,18974,3971.0,4440.0,4509.0,3335.0,6240.0,12.4,39.9,28.0,False,False,False,False,False,False,False,False,False,0,False,False,1 형성중
20260914,032080,아즈텍WB,KOSDAQ,1030,21337,1041.0,1190.0,1208.0,902.0,1495.0,14.2,31.1,28.0,True,False,False,False,False,False,False,False,False,0,False,False,베이스 없음
20261002,032300,한국파마,KOSDAQ,8620,2024375,7663.0,9480.0,10341.0,6350.0,14950.0,35.7,42.3,28.0,True,False,False,False,False,True,False,False,True,2,False,False,베이스 없음
20261002,032680,소프트센,KOSDAQ,1006,16019,929.0,1061.0,1148.0,691.0,1775.0,45.6,43.3,28.0,True,False,False,False,False,True,False,False,True,2,False,False,베이스 없음
20261002,034810,해성산업,KOSDAQ,5940,9679,6098.0,6760.0,7153.0,5350.0,9090.0,11.0,34.7,28.0,False,False,False,False,False,False,False,False,False,0,False,False,베이스 없음
20261002,041020,폴라리스오피스,KOSDAQ,3195,162576,2993.0,3655.0,3887.0,2355.0,6150.0,35.7,48.0,28.0,True,False,False,False,False,True,False,False,True,2,False,False,베이스 없음
20261002,042110,에스씨디,KOSDAQ,1029,322305,1078.0,1260.0,1269.0,974.0,1672.0,5.6,38.5,28.0,False,False,False,False,False,False,False,False,False,0,False,False,베이스 없음
20261002,053980,오상자이엘,KOSDAQ,2445,18164,2462.0,2791.0,2949.0,2250.0,3840.0,8.7,36.3,28.0,False,False,False,False,False,False,False,False,False,0,False,False,베이스 없음
20261002,095660,네오위즈,KOSDAQ,18090,34664,18187.0,20545.0,21974.0,16100.0,31550.0,12.4,42.7,28.0,False,False,False,False,False,False,False,False,False,0,False,False,베이스 없음
20261002,102370,케이옥션,KOSDAQ,2915,15583,3084.0,3138.0,3274.0,2535.0,4620.0,15.0,36.9,28.0,False,False,False,False,False,False,False,False,False,0,False,False,베이스 없음
20261002,137310,에스디바이오센서,KOSPI,6340,64355,6224.0,7130.0,7568.0,5800.0,10930.0,9.3,42.0,28.0,True,False,False,False,False,False,False,False,True,1,False,False,Stage2 아님
20261002,228670,레이,KOSDAQ,4330,52411,4797.0,5586.0,5663.0,3680.0,11690.0,17.7,63.0,28.0,False,False,False,False,False,False,False,False,False,0,False,False,베이스 없음
20261002,237750,피앤씨테크,KOSDAQ,3455,2457,3609.0,4301.0,4348.0,3160.0,7450.0,9.3,53.6,28.0,False,False,False,False,False,False,False,False,False,0,False,False,베이스 없음
20261002,299170,더블유에스아이,KOSDAQ,1478,2954705,1267.0,1818.0,2159.0,1012.0,5000.0,46.0,70.4,28.0,True,False,False,False,False,True,False,False,True,2,False,False,베이스 없음
20261002,348080,큐라티스,KOSDAQ,3845,40951,3013.0,5210.0,6451.0,1765.0,12975.0,117.8,70.4,28.0,True,False,False,False,False,True,False,False,True,2,False,False,Stage2 아님
20261002,451220,아이엠티,KOSDAQ,9320,54594,8680.0,11485.0,11146.0,6240.0,19500.0,49.4,52.2,28.0,False,False,True,False,False,True,False,False,True,3,False,False,베이스 없음
20261002,900140,엘브이엠씨홀딩스,KOSPI,1187,295417,1201.0,1393.0,1424.0,1065.0,1854.0,11.5,36.0,28.0,False,False,False,False,False,False,False,False,False,0,False,False,베이스 없음
20261002,005740,크라운해태홀딩스,KOSPI,5250,8769,5589.0,6145.0,6308.0,4975.0,8070.0,5.5,34.9,27.0,False,False,False,False,False,False,False,False,False,0,False,False,베이스 없음
20261002,010690,화신,KOSPI,7670,194893,7853.0,10300.0,10011.0,6410.0,16720.0,19.7,54.1,27.0,False,False,True,False,False,False,False,False,False,1,False,False,베이스 없음
20261002,011390,부산산업,KOSPI,48400,1950,46130.0,57490.0,62683.0,33600.0,94600.0,44.0,48.8,27.0,False,False,False,False,False,True,False,False,True,2,False,False,1 형성중
20261002,013360,일성건설,KOSPI,1380,91662,1437.0,1606.0,1734.0,1105.0,2830.0,24.9,51.2,27.0,False,False,False,True,False,False,False,False,False,1,False,False,베이스 없음
20261002,016590,신대양제지,KOSPI,9180,10103,9941.0,11036.0,11560.0,8200.0,18150.0,12.0,49.4,27.0,False,False,False,False,False,False,False,False,False,0,False,False,1 형성중
20261002,021080,에이티넘인베스트,KOSDAQ,2115,101521,2184.0,2682.0,2781.0,1870.0,4000.0,13.1,47.1,27.0,False,False,False,False,False,False,False,False,False,0,False,False,베이스 없음
20261002,025540,한국단자,KOSPI,56200,6628,58300.0,70407.0,70834.0,53900.0,94000.0,4.3,40.2,27.0,False,False,False,False,False,False,False,False,False,0,False,False,베이스 없음
20261002,027970,한국제지,KOSPI,2695,3260,2725.0,3243.0,3406.0,2525.0,4285.0,6.7,37.1,27.0,False,False,False,False,False,False,False,False,False,0,False,False,베이스 없음
20261002,030520,한컴,KOSDAQ,17200,47956,17394.0,18895.0,20064.0,14800.0,27800.0,16.2,38.1,27.0,False,False,False,False,False,False,False,False,False,0,False,False,베이스 없음
20261002,033290,로젠,KOSDAQ,1528,6069,1541.0,1745.0,1844.0,1390.0,2485.0,9.9,38.5,27.0,False,False,False,False,False,False,False,False,False,0,False,False,베이스 없음
20261002,036890,진성티이씨,KOSDAQ,11450,40550,12903.0,14816.0,14659.0,11210.0,21100.0,2.1,45.7,27.0,False,False,True,False,False,False,False,False,False,1,False,False,베이스 없음
20261002,050760,에스폴리텍,KOSDAQ,1183,37107,1157.0,1229.0,1255.0,980.0,2120.0,20.7,44.2,27.0,False,False,False,False,False,False,False,False,True,1,False,False,Stage2 아님
20261002,052600,한네트,KOSDAQ,2880,6827,3006.0,3298.0,3417.0,2730.0,4750.0,5.5,39.4,27.0,False,False,False,False,False,False,False,False,False,0,False,False,1 형성중
20261002,054210,이랜텍,KOSDAQ,6800,137518,7019.0,9047.0,9180.0,5700.0,14490.0,19.3,53.1,27.0,False,False,False,False,False,False,False,False,False,0,False,False,베이스 없음
20261002,065950,웰크론,KOSDAQ,1130,20111,1088.0,1268.0,1368.0,900.0,2040.0,25.6,44.6,27.0,True,False,False,False,False,True,False,False,True,2,False,False,Stage2 아님
20261002,069960,현대백화점,KOSPI,88800,55212,102904.0,116209.0,110808.0,74100.0,222000.0,19.8,60.0,27.0,False,False,True,True,False,False,False,False,False,2,False,False,1 형성중
20261002,078140,대봉엘에스,KOSDAQ,7620,16382,7818.0,8916.0,9668.0,6780.0,13890.0,12.4,45.1,27.0,False,False,False,False,False,False,False,False,False,0,False,False,베이스 없음
20261002,153460,네이블,KOSDAQ,5350,5244,6030.0,7139.0,7167.0,5030.0,16820.0,6.4,68.2,27.0,False,False,False,False,False,False,False,False,False,0,False,False,1 형성중
20261002,189980,흥국에프엔비,KOSDAQ,1161,17371,1145.0,1337.0,1434.0,992.0,2615.0,17.0,55.6,27.0,False,False,False,False,False,False,False,False,True,1,False,False,베이스 없음
20261002,216050,인크로스,KOSDAQ,4990,16237,5016.0,5794.0,6055.0,4325.0,7760.0,15.4,35.7,27.0,False,False,False,False,False,False,False,False,False,0,False,False,베이스 없음
20261002,247540,에코프로비엠,KOSDAQ,115600,334576,107817.0,156917.0,161627.0,86910.0,255907.0,33.0,54.8,27.0,False,False,False,False,False,True,False,False,True,2,False,False,베이스 없음
20261002,263920,휴엠앤씨,KOSDAQ,3230,1523,3393.0,3639.0,3700.0,2685.0,4965.0,20.3,34.9,27.0,False,False,False,False,False,False,False,False,False,0,False,False,Stage2 아님
20261002,304100,솔트룩스,KOSDAQ,15440,75364,15279.0,17953.0,20502.0,9960.0,36000.0,55.0,57.1,27.0,False,False,False,False,False,True,False,False,True,2,False,False,베이스 없음
20261002,333430,일승,KOSDAQ,3915,141762,3832.0,4491.0,4894.0,2850.0,9400.0,37.4,58.4,27.0,False,False,False,False,False,True,False,False,True,2,False,False,베이스 없음
20261002,398120,에스지헬스케어,KOSDAQ,2230,45215,1951.0,2763.0,2890.0,1579.0,4945.0,41.2,54.9,27.0,True,False,False,False,False,True,False,False,True,2,False,False,베이스 없음
20261002,435570,에르코스,KOSDAQ,7070,4723,7027.0,8360.0,9450.0,5830.0,17000.0,21.3,58.4,27.0,False,False,False,False,False,False,False,False,True,1,False,False,Stage2 아님
20261002,474170,루미르,KOSDAQ,7500,103764,6442.0,10430.0,11107.0,4040.0,22650.0,85.6,66.9,27.0,True,False,False,False,False,True,False,False,True,2,False,False,베이스 없음
20261002,00104K,CJ4우(전환),KOSPI,128800,3125,127678.0,153019.0,155734.0,112100.0,200000.0,14.9,35.6,26.0,True,False,False,False,False,False,False,False,True,1,False,False,베이스 없음
20261002,002700,신일전자,KOSPI,1012,603620,1005.0,1204.0,1236.0,919.0,1501.0,10.1,32.6,26.0,False,False,False,False,False,False,False,False,True,1,False,False,Stage2 아님
20261002,004830,덕성,KOSPI,3345,23186,3283.0,3873.0,4123.0,2720.0,5950.0,23.0,43.8,26.0,False,False,False,False,False,False,False,False,True,1,False,False,베이스 없음
20260311,009310,참엔지니어링,KOSPI,1065,208710,1099.0,1201.0,1243.0,864.0,2150.0,23.3,50.5,26.0,False,False,False,False,False,False,False,False,False,0,False,False,Stage2 아님
20261002,010660,화천기계,KOSPI,3130,93971,2910.0,3947.0,4281.0,2450.0,6760.0,27.8,53.7,26.0,True,False,False,False,False,True,False,False,True,2,False,False,베이스 없음
20261002,018290,브이티,KOSDAQ,12600,119073,12312.0,13631.0,14842.0,10290.0,31450.0,22.4,59.9,26.0,False,False,False,False,False,False,False,False,True,1,False,False,베이스 없음
20261002,025550,한국선재,KOSDAQ,2340,120224,2179.0,2806.0,2951.0,1801.0,4855.0,29.9,51.8,26.0,True,False,False,False,False,True,False,False,True,2,False,False,베이스 없음
20260928,028080,휴맥스홀딩스,KOSDAQ,5170,3029,4984.0,6480.0,6982.0,4205.0,12110.0,22.9,57.3,26.0,True,False,False,False,False,False,False,False,True,1,False,False,베이스 없음
20261002,03481K,해성산업1우,KOSDAQ,5900,189,6042.0,6605.0,7194.0,5310.0,15960.0,11.1,63.0,26.0,False,False,False,False,False,False,False,False,False,0,False,False,베이스 없음
20261002,072470,우리산업홀딩스,KOSDAQ,2355,3604,2416.0,3045.0,3122.0,2125.0,5310.0,10.8,55.6,26.0,False,False,False,False,False,False,False,False,False,0,False,False,베이스 없음
20261002,086710,선진뷰티사이언스,KOSDAQ,6960,9189,7412.0,8385.0,8669.0,6000.0,11880.0,16.0,41.4,26.0,False,False,False,False,False,False,False,False,False,0,False,False,베이스 없음
20261002,094850,참좋은여행,KOSDAQ,4255,10290,4271.0,4733.0,5039.0,3920.0,7770.0,8.5,45.2,26.0,False,False,False,False,False,False,False,False,False,0,False,False,베이스 없음
20261002,096240,크레버스,KOSDAQ,8530,4652,8540.0,9574.0,10175.0,7900.0,14310.0,8.0,40.4,26.0,False,False,False,False,False,False,False,False,False,0,False,False,Stage2 아님
20261002,105840,우진,KOSPI,13690,264031,13890.0,19260.0,19922.0,10330.0,31700.0,32.5,56.8,26.0,True,False,False,False,False,True,False,False,False,1,False,False,베이스 없음
20261002,108320,LX세미콘,KOSPI,37600,38840,36652.0,46294.0,47825.0,29500.0,67300.0,27.5,44.1,26.0,False,False,False,False,False,True,False,False,True,2,False,False,베이스 없음
20261002,208860,다산디엠씨,KOSDAQ,9620,624,10831.0,11943.0,12595.0,8000.0,25200.0,20.2,61.8,26.0,False,False,False,False,False,False,False,False,False,0,False,False,Stage2 아님
20261002,215600,신라젠,KOSDAQ,2360,357654,2285.0,2838.0,3023.0,1780.0,5400.0,32.6,56.3,26.0,False,False,False,False,False,True,False,False,True,2,False,False,베이스 없음
20261002,239890,피엔에이치테크,KOSDAQ,3650,17365,3428.0,4283.0,4463.0,2770.0,7070.0,31.8,48.4,26.0,True,False,False,False,False,True,False,False,True,2,False,False,베이스 없음
20261002,271980,제일약품,KOSPI,9960,7704,10112.0,11802.0,12634.0,8810.0,19290.0,13.1,48.4,26.0,False,False,False,False,False,False,False,False,False,0,False,False,베이스 없음
20261002,297890,HB솔루션,KOSDAQ,1666,197613,1671.0,1905.0,1976.0,1360.0,3070.0,22.5,45.7,26.0,False,False,False,False,False,False,False,False,False,0,False,False,베이스 없음
20261002,310200,애니플러스,KOSDAQ,2185,354341,2349.0,2519.0,2691.0,1800.0,4215.0,21.4,48.2,26.0,False,False,False,False,False,False,False,False,False,0,False,False,베이스 없음
20261002,33626L,두산퓨얼셀2우B,KOSPI,7560,1024,7415.0,9017.0,9374.0,5460.0,15220.0,38.5,50.3,26.0,False,False,False,False,False,True,False,False,True,2,False,False,베이스 없음
20261002,353190,휴럼,KOSDAQ,2600,1745,2734.0,2965.0,3064.0,2370.0,4175.0,9.7,37.7,26.0,False,False,False,False,False,False,False,False,False,0,False,False,베이스 없음
20261002,361390,제노코,KOSDAQ,13860,52280,12584.0,19949.0,20657.0,9710.0,36900.0,42.7,62.4,26.0,True,False,False,False,False,True,False,False,True,2,False,False,베이스 없음
20261002,36328K,티와이홀딩스우,KOSPI,2970,5530,2621.0,3274.0,3571.0,2095.0,5700.0,41.8,47.9,26.0,True,False,False,False,False,True,False,False,True,2,False,False,Stage2 아님
20261002,432980,엠에프씨,KOSDAQ,2655,16659,2602.0,3036.0,3150.0,2305.0,4530.0,15.2,41.4,26.0,False,False,False,False,False,False,False,False,True,1,False,False,Stage2 아님
20261002,471820,셀로맥스사이언스,KOSDAQ,4120,22482,4062.0,4579.0,4863.0,3410.0,7690.0,20.8,46.4,26.0,False,False,False,False,False,False,False,False,True,1,False,False,베이스 없음
20261002,000440,중앙에너비스,KOSDAQ,12400,14310,12412.0,17446.0,17107.0,11170.0,38000.0,11.0,67.4,25.0,False,False,True,False,False,False,False,False,False,1,False,False,베이스 없음
20261002,002780,진흥기업,KOSPI,6630,190244,7498.0,8920.0,8524.0,6210.0,16450.0,6.8,59.7,25.0,False,False,True,True,False,False,False,False,False,2,False,False,베이스 없음
20261002,003220,대원제약,KOSPI,7890,7005,7845.0,9079.0,9760.0,7060.0,13670.0,11.8,42.3,25.0,False,False,False,False,False,False,False,False,True,1,False,False,Stage2 아님
20261002,004250,NPC,KOSPI,2880,5777,2914.0,3319.0,3442.0,2415.0,4435.0,19.3,35.1,25.0,False,False,False,False,False,False,False,False,False,0,False,False,Stage2 아님
20261002,004720,팜젠사이언스,KOSPI,2905,9917,3149.0,3412.0,3606.0,2590.0,4630.0,12.2,37.3,25.0,False,False,False,False,False,False,False,False,False,0,False,False,Stage2 아님
20261002,006920,모헨즈,KOSDAQ,3055,13563,3198.0,4051.0,3850.0,2675.0,7630.0,14.2,60.0,25.0,False,False,True,True,False,False,False,False,False,2,False,False,베이스 없음
20261002,010960,삼호개발,KOSPI,3095,33571,3094.0,3524.0,3587.0,2700.0,5500.0,14.6,43.7,25.0,False,False,False,False,False,False,False,False,True,1,False,False,베이스 없음
20261002,021040,대호특수강,KOSDAQ,930,20840,942.0,1063.0,1116.0,810.0,1973.0,14.8,52.9,25.0,False,False,False,False,False,False,False,False,False,0,False,False,Stage2 아님
20261002,030720,동원수산,KOSPI,4665,13754,5508.0,5892.0,5911.0,4470.0,8050.0,4.4,42.0,25.0,False,False,False,False,False,False,False,False,False,0,False,False,베이스 없음
20261002,039490,키움증권,KOSPI,259000,59085,276720.0,358510.0,356745.0,237500.0,517000.0,9.1,49.9,25.0,False,False,True,False,False,False,False,False,False,1,False,False,베이스 없음
20261002,046940,우원개발,KOSDAQ,2760,25116,2898.0,3827.0,3815.0,2470.0,6610.0,11.7,58.2,25.0,False,False,True,False,False,False,False,False,False,1,False,False,베이스 없음
20261002,051370,인터플렉스,KOSDAQ,7190,214861,6542.0,9508.0,9947.0,5500.0,14670.0,30.7,51.0,25.0,True,False,False,False,False,True,False,False,True,2,False,False,베이스 없음
20261002,063080,컴투스홀딩스,KOSDAQ,12450,11417,12468.0,14887.0,15823.0,10100.0,28350.0,23.3,56.1,25.0,False,False,False,False,False,False,False,False,False,0,False,False,Stage2 아님
20261002,081180,쎄크,KOSDAQ,6750,125247,5581.0,8734.0,10320.0,4015.0,19530.0,68.1,65.4,25.0,True,False,False,False,False,True,False,False,True,2,False,False,Stage2 아님
20261002,097870,효성오앤비,KOSDAQ,4410,4719,4581.0,5388.0,5542.0,3860.0,8000.0,14.2,44.9,25.0,False,False,False,False,False,False,False,False,False,0,False,False,Stage2 아님
20261002,109820,진매트릭스,KOSDAQ,1528,11300,1529.0,1758.0,1927.0,1201.0,3835.0,27.2,60.2,25.0,True,False,False,False,False,True,False,False,False,1,False,False,Stage2 아님
20261002,177830,파버나인,KOSDAQ,2115,5612,2290.0,2522.0,2614.0,2000.0,3150.0,5.8,32.9,25.0,False,False,False,False,False,False,False,False,False,0,False,False,베이스 없음
20261002,195500,마니커에프앤지,KOSDAQ,1717,20769,1702.0,2142.0,2307.0,1446.0,3080.0,18.7,44.3,25.0,False,False,False,False,False,False,False,False,True,1,False,False,베이스 없음
20261002,218150,미래생명자원,KOSDAQ,1935,64882,2045.0,2458.0,2599.0,1545.0,4300.0,25.2,55.0,25.0,False,False,False,False,False,True,False,False,False,1,False,False,베이스 없음
20261002,230240,에치에프알,KOSDAQ,14520,311562,13782.0,21794.0,19778.0,11150.0,39700.0,30.2,63.4,25.0,False,False,True,False,False,True,False,False,True,3,False,False,베이스 없음
20261002,250000,보라티알,KOSDAQ,5520,1020,5657.0,6575.0,6921.0,4950.0,9990.0,11.5,44.7,25.0,False,False,False,False,False,False,False,False,False,0,False,False,베이스 없음
20261002,251630,브이원텍,KOSDAQ,3740,8154,3584.0,4649.0,5154.0,3120.0,11000.0,19.9,66.0,25.0,False,False,False,False,False,False,False,False,True,1,False,False,베이스 없음
20261002,365550,ESR켄달스퀘어리츠,KOSPI,3120,120390,3170.0,3755.0,3905.0,2925.0,4795.0,6.7,34.9,25.0,False,False,False,False,False,False,False,False,False,0,False,False,베이스 없음
20261002,452200,민테크,KOSDAQ,1697,68751,1537.0,2173.0,2244.0,980.0,5200.0,73.2,67.4,25.0,True,False,False,False,False,True,False,False,True,2,False,False,Stage2 아님
20261002,460930,현대힘스,KOSDAQ,13090,56596,13749.0,15658.0,16320.0,10380.0,28200.0,26.1,53.6,25.0,False,False,False,False,False,True,False,False,False,1,False,False,베이스 없음
20261002,460940,피앤에스로보틱스,KOSDAQ,5300,40853,5043.0,6415.0,7671.0,3605.0,14800.0,47.0,64.2,25.0,False,False,False,False,False,True,False,False,True,2,False,False,베이스 없음
20261002,475960,토모큐브,KOSDAQ,34600,74412,31739.0,42650.0,44750.0,26000.0,67800.0,33.1,49.0,25.0,True,False,False,False,False,True,False,False,True,2,False,False,베이스 없음
20261002,003620,KG모빌리티,KOSPI,2545,251797,2702.0,3230.0,3346.0,2465.0,4670.0,3.2,45.5,24.0,False,False,False,False,False,False,False,False,False,0,False,False,베이스 없음
20261002,006805,미래에셋증권우,KOSPI,11220,26183,12220.0,17118.0,16826.0,9293.0,29468.0,20.7,61.9,24.0,False,False,True,True,False,False,False,False,False,2,False,False,베이스 없음
20261002,00680K,미래에셋증권2우B,KOSPI,10190,335975,11094.0,15631.0,15034.0,8746.0,24250.0,16.5,58.0,24.0,False,False,True,True,False,False,False,False,False,2,False,False,베이스 없음
20261002,007575,일양약품우,KOSPI,8010,824,7759.0,9527.0,10960.0,6350.0,15260.0,26.1,47.5,24.0,False,False,False,False,False,True,False,False,True,2,False,False,베이스 없음
20261002,012320,경동인베스트,KOSPI,43450,2141,46137.0,55540.0,56230.0,39000.0,103700.0,11.4,58.1,24.0,False,False,False,False,False,False,False,False,False,0,False,False,베이스 없음
20261002,013310,아진산업,KOSDAQ,2315,62651,2432.0,2924.0,2997.0,2205.0,4895.0,5.0,52.7,24.0,False,False,False,False,False,False,False,False,False,0,False,False,베이스 없음
20261002,019550,SBI인베스트먼트,KOSDAQ,929,342986,1003.0,1118.0,1211.0,820.0,1922.0,13.3,51.7,24.0,False,False,False,False,False,False,False,False,False,0,False,False,베이스 없음
20261002,033230,인성정보,KOSDAQ,1126,114345,1052.0,1361.0,1458.0,801.0,2430.0,40.6,53.7,24.0,False,False,False,False,False,True,False,False,True,2,False,False,베이스 없음
20261002,036530,SNT홀딩스,KOSPI,45500,4886,47241.0,53088.0,54239.0,44200.0,81700.0,2.9,44.3,24.0,False,False,False,False,False,False,False,False,False,0,False,False,베이스 없음
20261002,037400,우리엔터프라이즈,KOSDAQ,3360,5466,3423.0,4148.0,4322.0,3065.0,6060.0,9.6,44.6,24.0,True,False,False,False,False,False,False,False,False,0,False,False,베이스 없음
20261002,051915,LG화학우,KOSPI,116300,12319,121216.0,146313.0,151946.0,100000.0,212500.0,16.3,45.3,24.0,False,False,False,False,False,False,False,False,False,0,False,False,베이스 없음
20261002,064260,다날,KOSDAQ,4565,807936,4784.0,5820.0,6320.0,3805.0,11450.0,20.0,60.1,24.0,False,False,False,False,False,False,False,False,False,0,False,False,베이스 없음
20261002,068330,일신바이오,KOSDAQ,1029,56816,1018.0,1213.0,1317.0,851.0,2055.0,20.9,49.9,24.0,True,False,False,False,False,False,False,False,True,1,False,False,베이스 없음
20261002,088260,이리츠코크렙,KOSPI,3255,29514,3150.0,3924.0,4122.0,2765.0,5340.0,17.7,39.0,24.0,False,False,False,False,False,False,False,False,True,1,False,False,Stage2 아님
20261002,091700,파트론,KOSDAQ,5270,128051,5473.0,6691.0,6814.0,4950.0,8730.0,6.5,39.6,24.0,False,False,False,False,False,False,False,False,False,0,False,False,베이스 없음
20261002,100130,동국S&C,KOSDAQ,1575,5145449,1446.0,1816.0,1860.0,1229.0,2795.0,28.2,43.6,24.0,True,False,False,False,False,True,False,False,True,2,False,False,베이스 없음
20261002,122690,서진오토모티브,KOSDAQ,1625,10708,1690.0,2007.0,2265.0,1462.0,4300.0,11.1,62.2,24.0,False,False,False,False,False,False,False,False,False,0,False,False,베이스 없음
20261002,126880,제이엔케이글로벌,KOSDAQ,2800,37218,2605.0,3168.0,3326.0,2255.0,5520.0,24.2,49.3,24.0,True,False,False,False,False,False,False,False,True,1,False,False,베이스 없음
20261002,187220,디티앤씨,KOSDAQ,2085,18601,2077.0,2547.0,2510.0,1862.0,3450.0,12.0,39.6,24.0,False,False,True,False,False,False,False,False,True,2,False,False,베이스 없음
20261002,189690,포시에스,KOSDAQ,1523,36671,1523.0,1758.0,1832.0,1382.0,2280.0,10.2,33.2,24.0,False,False,False,False,False,False,False,False,True,1,False,False,베이스 없음
20261002,214450,파마리서치,KOSDAQ,307000,128164,372000.0,333157.0,352428.0,255000.0,624000.0,20.4,50.8,24.0,False,False,False,False,True,False,False,False,False,1,False,False,1 형성중
20261002,329180,HD현대중공업,KOSPI,426000,212914,465180.0,546887.0,551990.0,411500.0,765000.0,3.5,44.3,24.0,False,False,False,False,False,False,False,False,False,0,False,False,1 형성중
20261002,33637L,솔루스첨단소재2우B,KOSPI,2300,1654,2231.0,2748.0,2967.0,1477.0,5180.0,55.7,55.6,24.0,False,False,False,False,False,True,False,False,True,2,False,False,Stage2 아님
20261002,347740,피엔케이피부임상연구센타,KOSDAQ,1663,14325,1798.0,1987.0,2106.0,1292.0,2980.0,28.7,44.2,24.0,False,False,False,False,False,True,False,False,False,1,False,False,1 형성중
20261002,362990,드림인사이트,KOSDAQ,1203,5145,1225.0,1363.0,1465.0,888.0,2215.0,35.5,45.7,24.0,False,False,False,False,False,True,False,False,False,1,False,False,베이스 없음
20261002,389140,포바이포,KOSDAQ,5660,24865,5137.0,6826.0,7153.0,3980.0,14710.0,42.2,61.5,24.0,True,False,False,False,False,True,False,False,True,2,False,False,베이스 없음
20261002,456160,지투지바이오,KOSDAQ,43850,276910,35845.0,55932.0,61349.0,22400.0,124000.0,95.8,64.6,24.0,True,False,False,False,False,True,False,False,True,2,False,False,Stage2 아님
20261002,000250,삼천당제약,KOSDAQ,210000,299953,166376.0,368785.0,362724.0,120000.0,1233000.0,75.0,83.0,23.0,True,False,True,False,False,True,False,False,True,3,False,False,베이스 없음
20261002,002630,오리엔트바이오,KOSPI,1668,27445,1956.0,2131.0,2224.0,1579.0,3460.0,5.6,51.8,23.0,False,False,False,False,False,False,False,False,False,0,False,False,1 형성중
20261002,011150,CJ씨푸드,KOSPI,1895,21685,1985.0,2275.0,2416.0,1600.0,3350.0,18.4,43.4,23.0,False,False,False,False,False,False,False,False,False,0,False,False,베이스 없음
20261002,012280,영화금속,KOSPI,3595,14415,3906.0,4517.0,4587.0,3280.0,5975.0,9.6,39.8,23.0,False,False,False,False,False,False,False,False,False,0,False,False,베이스 없음
20261002,033200,모아텍,KOSDAQ,2410,9553,2521.0,3178.0,3285.0,2125.0,5300.0,13.4,54.5,23.0,False,False,False,False,False,False,False,False,False,0,False,False,베이스 없음
20261002,039240,경남스틸,KOSDAQ,1945,42337,1913.0,2278.0,2389.0,1548.0,3430.0,25.6,43.3,23.0,False,False,False,False,False,True,False,False,True,2,False,False,베이스 없음
20261002,052400,코나아이,KOSDAQ,37800,39966,38891.0,49625.0,50093.0,32950.0,72500.0,14.7,47.9,23.0,False,False,False,False,False,False,False,False,False,0,False,False,베이스 없음
20261002,053950,경남제약,KOSDAQ,2005,45334,1810.0,2568.0,2748.0,1415.0,5580.0,41.7,64.1,23.0,True,False,False,False,False,True,False,False,True,2,False,False,베이스 없음
20261002,061040,알에프텍,KOSDAQ,7260,5286,6874.0,8026.0,8440.0,5400.0,15407.0,34.4,52.9,23.0,True,False,False,False,False,True,False,False,True,2,False,False,베이스 없음
20261002,063440,SM Life Design,KOSDAQ,1095,37061,1070.0,1240.0,1369.0,940.0,2140.0,16.5,48.8,23.0,False,False,False,False,False,False,False,False,True,1,False,False,베이스 없음
20261002,067000,조이시티,KOSDAQ,1216,757163,1150.0,1648.0,1828.0,911.0,3335.0,33.5,63.5,23.0,True,False,False,False,False,True,False,False,True,2,False,False,베이스 없음
20261002,069620,대웅제약,KOSPI,109300,15122,118768.0,134755.0,144266.0,104900.0,199400.0,4.2,45.2,23.0,False,False,False,False,False,False,False,False,False,0,False,False,베이스 없음
20261002,080470,성창오토텍,KOSDAQ,2715,791,2837.0,3390.0,3606.0,2595.0,4900.0,4.6,44.6,23.0,False,False,False,False,False,False,False,False,False,0,False,False,베이스 없음
20261002,171010,램테크놀러지,KOSDAQ,2645,21356,2694.0,3113.0,3320.0,2350.0,4945.0,12.6,46.5,23.0,False,False,False,False,False,False,False,False,False,0,False,False,베이스 없음
20260323,183490,엔지켐생명과학,KOSDAQ,990,677473,1195.0,1162.0,1151.0,937.0,1766.0,5.7,43.9,23.0,False,False,True,False,True,False,False,False,False,2,False,False,베이스 없음
20261002,196300,HLB펩,KOSDAQ,4580,12864,4351.0,5537.0,6123.0,3510.0,9530.0,30.5,51.9,23.0,False,False,False,False,False,True,False,False,True,2,False,False,베이스 없음
20261002,199800,툴젠,KOSDAQ,34600,34767,36361.0,52141.0,52862.0,30150.0,139815.0,14.8,75.3,23.0,False,False,False,False,False,False,False,False,False,0,False,False,베이스 없음
20261002,200780,비씨월드제약,KOSDAQ,3050,5348,3083.0,3814.0,4126.0,2795.0,6030.0,9.1,49.4,23.0,False,False,False,False,False,False,False,False,False,0,False,False,베이스 없음
20261002,270870,뉴트리,KOSDAQ,3660,4062,4073.0,4215.0,4417.0,3040.0,5770.0,20.4,36.6,23.0,False,False,False,False,False,False,False,False,False,0,False,False,1 형성중
20261002,285490,노바텍,KOSDAQ,12700,49790,11714.0,16378.0,18258.0,9510.0,31900.0,33.5,60.2,23.0,True,False,False,False,False,True,False,False,True,2,False,False,베이스 없음
20261002,307750,국전,KOSDAQ,2370,169457,2214.0,2970.0,3057.0,1700.0,6000.0,39.4,60.5,23.0,True,False,False,False,False,True,False,False,True,2,False,False,베이스 없음
20261002,362320,청담글로벌,KOSDAQ,4185,28155,4708.0,4730.0,5032.0,3290.0,9730.0,27.2,57.0,23.0,False,False,False,False,False,True,False,False,False,1,False,False,1 형성중
20261002,402030,코난테크놀로지,KOSDAQ,13100,15016,13690.0,15832.0,17294.0,10010.0,29750.0,30.9,56.0,23.0,False,False,False,False,False,True,False,False,False,1,False,False,베이스 없음
20261002,417970,모델솔루션,KOSDAQ,11240,13311,10641.0,14660.0,17160.0,8560.0,31500.0,31.3,64.3,23.0,True,False,False,False,False,True,False,False,True,2,False,False,베이스 없음
20261002,448710,코츠테크놀로지,KOSDAQ,11630,20510,11190.0,15166.0,15894.0,9250.0,26000.0,25.7,55.3,23.0,False,False,False,False,False,True,False,False,True,2,False,False,베이스 없음
20261002,451760,컨텍,KOSDAQ,8730,804103,7498.0,13348.0,13872.0,5760.0,26350.0,51.6,66.9,23.0,True,False,False,False,False,True,False,False,True,2,False,False,베이스 없음
20261002,458870,씨어스,KOSDAQ,27000,230811,23967.0,35507.0,37999.0,19443.0,64235.0,38.9,58.0,23.0,False,False,False,False,False,True,False,False,True,2,False,False,베이스 없음
20261002,004910,조광페인트,KOSPI,3445,4698,3543.0,4039.0,4288.0,3225.0,6250.0,6.8,44.9,22.0,False,False,False,False,False,False,False,False,False,0,False,False,베이스 없음
20261002,005745,크라운해태홀딩스우,KOSPI,5090,1318,5227.0,6257.0,6691.0,4425.0,9050.0,15.0,43.8,22.0,False,False,False,False,False,False,False,False,False,0,False,False,Stage2 아님
20261002,006620,동구바이오제약,KOSDAQ,3575,33941,3669.0,4347.0,4613.0,3315.0,6390.0,7.8,44.1,22.0,False,False,False,False,False,False,False,False,False,0,False,False,베이스 없음
20261002,017810,풀무원,KOSPI,8750,15796,9170.0,10387.0,11062.0,8100.0,15150.0,8.0,42.2,22.0,False,False,False,False,False,False,False,False,False,0,False,False,베이스 없음
20261002,019990,에너토크,KOSDAQ,5230,36805,5015.0,6852.0,7136.0,3865.0,11860.0,35.3,55.9,22.0,True,False,False,False,False,True,False,False,True,2,False,False,베이스 없음
20261002,031310,아이즈비전,KOSDAQ,1008,166460,972.0,1288.0,1335.0,810.0,2765.0,24.4,63.5,22.0,False,False,False,False,False,False,False,False,True,1,False,False,베이스 없음
20261002,035000,HS애드,KOSPI,6150,259266,6410.0,7353.0,7661.0,5750.0,9390.0,7.0,34.5,22.0,False,False,False,False,False,False,False,False,False,0,False,False,베이스 없음
20261002,036220,오상헬스케어,KOSDAQ,6470,18023,6585.0,7566.0,8524.0,5200.0,16470.0,24.4,60.7,22.0,False,False,False,False,False,False,False,False,False,0,False,False,베이스 없음
20261002,037950,엘컴텍,KOSDAQ,2890,16083,2850.0,3243.0,3532.0,2390.0,5352.0,20.9,46.0,22.0,False,False,False,False,False,False,False,False,True,1,False,False,베이스 없음
20261002,039020,이건홀딩스,KOSDAQ,2640,85287,2619.0,2918.0,3190.0,2215.0,5250.0,19.2,49.7,22.0,False,False,False,False,False,False,False,False,True,1,False,False,베이스 없음
20261002,047920,HLB제약,KOSDAQ,10040,1494727,7973.0,11372.0,12354.0,5528.0,20503.0,81.6,51.0,22.0,True,False,False,False,False,True,False,False,True,2,False,False,베이스 없음
20261002,060150,인선이엔티,KOSDAQ,2990,29243,2999.0,3586.0,3785.0,2680.0,4820.0,11.6,38.0,22.0,False,False,False,False,False,False,False,False,False,0,False,False,Stage2 아님
20261002,060590,씨티씨바이오,KOSDAQ,3090,15443,3048.0,3408.0,3688.0,2570.0,7280.0,20.2,57.6,22.0,False,False,False,False,False,False,False,False,True,1,False,False,베이스 없음
20261002,064820,케이프,KOSDAQ,7950,19946,8061.0,10142.0,10359.0,6880.0,17500.0,15.6,54.6,22.0,False,False,False,False,False,False,False,False,False,0,False,False,베이스 없음
20261002,068760,셀트리온제약,KOSDAQ,38500,99025,40882.0,48261.0,52551.0,37000.0,78300.0,4.1,50.8,22.0,False,False,False,False,False,False,False,False,False,0,False,False,베이스 없음
20261002,095700,제넥신,KOSDAQ,2815,85263,2747.0,3678.0,3933.0,2140.0,7490.0,31.5,62.4,22.0,True,False,False,False,False,True,False,False,True,2,False,False,Stage2 아님
20261002,119500,포메탈,KOSDAQ,2375,43503,2439.0,3233.0,3513.0,2125.0,6210.0,11.8,61.8,22.0,False,False,False,False,False,False,False,False,False,0,False,False,베이스 없음
20261002,122450,KX,KOSDAQ,2535,33261,2651.0,2895.0,3077.0,2250.0,4460.0,12.7,43.2,22.0,False,False,False,False,False,False,False,False,False,0,False,False,1 형성중
20261002,123860,아나패스,KOSDAQ,13060,6762,13262.0,15410.0,15842.0,10750.0,22900.0,21.5,43.0,22.0,False,False,False,False,False,False,False,False,False,0,False,False,베이스 없음
20261002,187420,HLB제넥스,KOSDAQ,1921,141647,1812.0,2226.0,2360.0,1323.0,3680.0,45.2,47.8,22.0,False,False,False,False,False,True,False,False,True,2,False,False,Stage2 아님
20261002,206650,유바이오로직스,KOSDAQ,8530,81475,8537.0,10659.0,11040.0,6950.0,17700.0,22.7,51.8,22.0,False,False,False,False,False,False,False,False,False,0,False,False,베이스 없음
20261002,214270,FSN,KOSDAQ,1397,49019,1354.0,1654.0,1709.0,1198.0,2780.0,16.6,49.7,22.0,False,False,False,False,False,False,False,False,True,1,False,False,Stage2 아님
20261002,226400,오스테오닉,KOSDAQ,4185,58264,4420.0,5252.0,5507.0,3710.0,8000.0,12.8,47.7,22.0,False,False,False,False,False,False,False,False,False,0,False,False,베이스 없음
20261002,271830,팸텍,KOSDAQ,1110,154130,1044.0,1330.0,1447.0,800.0,3230.0,38.7,65.6,22.0,False,False,False,False,False,True,False,False,True,2,False,False,베이스 없음
20261002,273060,와이즈버즈,KOSDAQ,3845,2200,4196.0,4907.0,4964.0,3040.0,7205.0,26.5,46.6,22.0,False,False,False,False,False,True,False,False,False,1,False,False,베이스 없음
20261002,352480,씨앤씨인터내셔널,KOSDAQ,20700,10771,20928.0,23059.0,25452.0,16550.0,45900.0,25.1,54.9,22.0,False,False,False,False,False,True,False,False,False,1,False,False,베이스 없음
20261002,418470,KT밀리의서재,KOSDAQ,9290,22344,9778.0,11134.0,11804.0,9090.0,16050.0,2.2,42.1,22.0,False,False,False,False,False,False,False,False,False,0,False,False,베이스 없음
20261002,000180,성창기업지주,KOSPI,4825,31882,5179.0,5996.0,6356.0,4395.0,9245.0,9.8,47.8,21.0,False,False,False,False,False,False,False,False,False,0,False,False,베이스 없음
20261002,004140,동방,KOSPI,1818,118763,1814.0,2215.0,2307.0,1617.0,3245.0,12.4,44.0,21.0,False,False,False,False,False,False,False,False,True,1,False,False,베이스 없음
20261002,007570,일양약품,KOSPI,8160,15667,8318.0,9955.0,11116.0,7290.0,16240.0,11.9,49.8,21.0,False,False,False,False,False,False,False,False,False,0,False,False,베이스 없음
20260526,015020,이스타코,KOSPI,928,0,928.0,1053.0,1111.0,762.0,2998.0,21.8,69.0,21.0,False,False,False,False,False,False,False,False,False,0,False,False,베이스 없음
20261002,016670,디모아,KOSDAQ,2775,13889,2486.0,3159.0,3427.0,1964.0,8960.0,41.3,69.0,21.0,True,False,False,False,False,True,False,False,True,2,False,False,베이스 없음
20261002,020180,대신정보통신,KOSDAQ,3895,15949,4080.0,4907.0,4957.0,3730.0,8000.0,4.4,51.3,21.0,False,False,False,False,False,False,False,False,False,0,False,False,베이스 없음
20261002,021045,대호특수강우,KOSDAQ,1994,1841,2422.0,2517.0,2608.0,1930.0,4815.0,3.3,58.6,21.0,False,False,False,False,False,False,False,False,False,0,False,False,Stage2 아님
20261002,034120,SBS,KOSPI,11610,7542,11866.0,13649.0,14940.0,10500.0,20800.0,10.6,44.2,21.0,False,False,False,False,False,False,False,False,False,0,False,False,베이스 없음
20261002,035760,CJ ENM,KOSDAQ,35100,76534,34088.0,43290.0,49082.0,28100.0,82300.0,24.9,57.4,21.0,True,False,False,False,False,False,False,False,True,1,False,False,1 형성중
20261002,043200,파루,KOSDAQ,1244,36257,1142.0,1511.0,1556.0,972.0,2742.0,28.0,54.6,21.0,True,False,False,False,False,True,False,False,True,2,False,False,베이스 없음
20261002,043710,코스리거글로벌,KOSDAQ,3105,1272,3197.0,3803.0,3908.0,2385.0,5630.0,30.2,44.8,21.0,False,False,False,False,False,True,False,False,False,1,False,False,베이스 없음
20261002,048870,시너지이노베이션,KOSDAQ,1597,84186,1590.0,1819.0,1957.0,1385.0,2820.0,15.3,43.4,21.0,False,False,False,False,False,False,False,False,True,1,False,False,베이스 없음
20261002,051380,피씨디렉트,KOSDAQ,1492,7484,1578.0,1826.0,1865.0,1420.0,2775.0,5.1,46.2,21.0,False,False,False,False,False,False,False,False,False,0,False,False,Stage2 아님
20261002,051490,나라엠앤디,KOSDAQ,2560,26719,2664.0,3110.0,3336.0,2255.0,4785.0,13.5,46.5,21.0,False,False,False,False,False,False,False,False,False,0,False,False,베이스 없음
20261002,051630,진양화학,KOSPI,1540,329663,1272.0,1784.0,1967.0,880.0,3515.0,75.0,56.2,21.0,True,False,False,False,False,True,False,False,True,2,False,False,베이스 없음
20261002,083640,인콘,KOSDAQ,5250,2434,5571.0,7364.0,7517.0,4604.0,20869.0,14.0,74.8,21.0,False,False,False,False,False,False,False,False,False,0,False,False,베이스 없음
20261002,092220,KEC,KOSPI,3225,451718,2710.0,5075.0,4710.0,2140.0,10450.0,50.7,69.1,21.0,True,False,True,False,False,True,False,False,True,3,False,False,베이스 없음
20261002,101970,우양에이치씨,KOSDAQ,9790,3758,9952.0,11152.0,11375.0,7970.0,18800.0,22.8,47.9,21.0,False,False,False,False,False,False,False,False,False,0,False,False,Stage2 아님
20261002,133820,화인베스틸,KOSPI,1006,20471,992.0,1176.0,1311.0,875.0,2620.0,15.0,61.6,21.0,True,False,False,False,False,False,False,False,True,1,False,False,베이스 없음
20261002,186230,그린플러스,KOSDAQ,3290,31612,3305.0,3822.0,4249.0,2795.0,6880.0,17.7,52.2,21.0,False,False,False,False,False,False,False,False,False,0,False,False,베이스 없음
20261002,188040,바이오포트,KOSDAQ,4975,3213,4952.0,5380.0,5963.0,4000.0,12890.0,24.4,61.4,21.0,False,False,False,False,False,False,False,False,True,1,False,False,Stage2 아님
20261002,213420,덕산네오룩스,KOSDAQ,30150,107661,31422.0,38672.0,38641.0,24500.0,57300.0,23.1,47.4,21.0,False,False,True,False,False,False,False,False,False,1,False,False,베이스 없음
20261002,259960,크래프톤,KOSPI,199500,67809,222568.0,239046.0,240650.0,194300.0,320000.0,2.7,37.7,21.0,False,False,False,False,False,False,False,False,False,0,False,False,베이스 없음
20261002,303530,이노뎁,KOSDAQ,3025,9066,2840.0,3546.0,3990.0,2260.0,6960.0,33.8,56.5,21.0,True,False,False,False,False,True,False,False,True,2,False,False,Stage2 아님
20261002,326030,SK바이오팜,KOSPI,76400,64206,82268.0,90608.0,98392.0,73000.0,144100.0,4.7,47.0,21.0,False,False,False,False,False,False,False,False,False,0,False,False,베이스 없음
20261002,389030,지니너스,KOSDAQ,2075,167843,2028.0,3337.0,3334.0,1610.0,6480.0,28.9,68.0,21.0,False,False,True,True,False,True,False,False,True,4,False,False,베이스 없음
20261002,453450,그리드위즈,KOSDAQ,13370,18757,13500.0,16995.0,16684.0,10700.0,29800.0,25.0,55.1,21.0,False,False,True,False,False,False,False,False,False,1,False,False,Stage2 아님
20261002,000227,유유제약2우B,KOSPI,7630,357,7436.0,9345.0,9752.0,5810.0,12400.0,31.3,38.5,20.0,False,False,False,False,False,True,False,False,True,2,False,False,베이스 없음
20261002,000320,노루홀딩스,KOSPI,15510,4874,16408.0,18866.0,19668.0,13950.0,31950.0,11.2,51.5,20.0,False,False,False,False,False,False,False,False,False,0,False,False,베이스 없음
20261002,004835,덕성우,KOSPI,4525,11447,4194.0,5270.0,5748.0,3400.0,9460.0,33.1,52.2,20.0,False,False,False,False,False,True,False,False,True,2,False,False,베이스 없음
20261002,007700,F&F홀딩스,KOSPI,13380,2840,14002.0,16491.0,17384.0,13000.0,23350.0,2.9,42.7,20.0,False,False,False,False,False,False,False,False,False,0,False,False,베이스 없음
20261002,011280,태림포장,KOSPI,1482,91423,1608.0,1835.0,1889.0,1302.0,2830.0,13.8,47.6,20.0,False,False,False,False,False,False,False,False,False,0,False,False,베이스 없음
20261002,012690,모나리자,KOSPI,1423,34204,1460.0,1795.0,1890.0,1275.0,2695.0,11.6,47.2,20.0,False,False,False,False,False,False,False,False,False,0,False,False,베이스 없음
20261002,016600,큐캐피탈,KOSDAQ,2250,49696,2385.0,3130.0,3169.0,1906.0,5637.0,18.0,60.1,20.0,False,False,False,False,False,False,False,False,False,0,False,False,베이스 없음
20261002,020400,대동금속,KOSDAQ,2705,5722,2819.0,3639.0,3491.0,2300.0,8900.0,17.6,69.6,20.0,False,False,True,False,False,False,False,False,False,1,False,False,베이스 없음
20261002,058630,엠게임,KOSDAQ,4025,44988,4129.0,4645.0,4996.0,3755.0,6980.0,7.2,42.3,20.0,False,False,False,False,False,False,False,False,False,0,False,False,베이스 없음
20261002,065350,신성델타테크,KOSDAQ,32800,100002,30273.0,43186.0,48489.0,22600.0,83000.0,45.1,60.5,20.0,True,False,False,False,False,True,False,False,True,2,False,False,베이스 없음
20261002,084850,아이티엠반도체,KOSDAQ,8140,8983,8324.0,11064.0,10782.0,6610.0,19620.0,23.1,58.5,20.0,False,False,True,False,False,False,False,False,False,1,False,False,Stage2 아님
20261002,099430,바이오플러스,KOSDAQ,3805,305889,3468.0,4486.0,4686.0,3065.0,7220.0,24.1,47.3,20.0,True,False,False,False,False,False,False,False,True,1,False,False,베이스 없음
20261002,114840,아이패밀리에스씨,KOSDAQ,8380,12582,8692.0,9647.0,10943.0,6160.0,23700.0,36.0,64.6,20.0,False,False,False,False,False,True,False,False,False,1,False,False,베이스 없음
20261002,128820,대성산업,KOSPI,4185,60295,4132.0,5629.0,6152.0,3585.0,13140.0,16.7,68.2,20.0,False,False,False,False,False,False,False,False,True,1,False,False,베이스 없음
20261002,144510,지씨셀,KOSDAQ,14540,30283,14045.0,18527.0,20143.0,11610.0,28450.0,25.2,48.9,20.0,True,False,False,False,False,True,False,False,True,2,False,False,베이스 없음
20261002,215100,로보로보,KOSDAQ,4210,93339,4066.0,5506.0,6374.0,3135.0,15300.0,34.3,72.5,20.0,False,False,False,False,False,True,False,False,True,2,False,False,베이스 없음
20261002,237690,에스티팜,KOSDAQ,93300,62574,99172.0,125497.0,127880.0,84100.0,172100.0,10.9,45.8,20.0,False,False,False,False,False,False,False,False,False,0,False,False,베이스 없음
20261002,251270,넷마블,KOSPI,35250,145939,36830.0,42746.0,44872.0,33800.0,69000.0,4.3,48.9,20.0,False,False,False,False,False,False,False,False,False,0,False,False,베이스 없음
20261002,279600,미디어젠,KOSDAQ,3945,1914,3870.0,4623.0,5178.0,2870.0,11120.0,37.5,64.5,20.0,True,False,False,False,False,True,False,False,True,2,False,False,베이스 없음
20261002,299030,하나기술,KOSDAQ,15630,45665,13641.0,19833.0,22447.0,9250.0,35850.0,69.0,56.4,20.0,True,False,False,False,False,True,False,False,True,2,False,False,베이스 없음
20261002,300120,라온피플,KOSDAQ,3030,26097,2722.0,3788.0,4618.0,1908.0,11765.0,58.8,74.2,20.0,True,False,False,False,False,True,False,False,True,2,False,False,1 형성중
20261002,359090,씨엔알리서치,KOSDAQ,2275,16088,2023.0,2876.0,3291.0,1667.0,5890.0,36.5,61.4,20.0,True,False,False,False,False,True,False,False,True,2,False,False,베이스 없음
20261002,373160,데이원컴퍼니,KOSDAQ,3235,5418,3075.0,3829.0,4064.0,2390.0,6650.0,35.4,51.4,20.0,True,False,False,False,False,True,False,False,True,2,False,False,Stage2 아님
20261002,377190,디앤디플랫폼리츠,KOSPI,1997,106362,2144.0,2512.0,2737.0,1935.0,3755.0,3.2,46.8,20.0,False,False,False,False,False,False,False,False,False,0,False,False,1 형성중
20261002,429270,시지트로닉스,KOSDAQ,3540,112223,3347.0,4826.0,4728.0,2560.0,12230.0,38.3,71.1,20.0,False,False,True,False,False,True,False,False,True,3,False,False,베이스 없음
20261002,475400,씨메스로보틱스,KOSDAQ,19180,64723,18580.0,25128.0,28056.0,13420.0,46950.0,42.9,59.1,20.0,False,False,False,False,False,True,False,False,True,2,False,False,베이스 없음
20261002,950140,잉글우드랩,KOSDAQ,8170,17462,8469.0,9992.0,10454.0,7000.0,16910.0,16.7,51.7,20.0,False,False,False,False,False,False,False,False,False,0,False,False,베이스 없음
20261002,002880,디와이에이,KOSPI,3800,34275,3771.0,4208.0,4512.0,3265.0,7650.0,16.4,50.3,19.0,False,False,False,False,False,False,False,False,True,1,False,False,베이스 없음
20261002,003780,진양산업,KOSPI,4175,95406,3982.0,4900.0,5302.0,3660.0,8090.0,14.1,48.4,19.0,True,False,False,False,False,False,False,False,True,1,False,False,베이스 없음
20261002,005250,녹십자홀딩스,KOSPI,9700,29703,9852.0,11903.0,12873.0,8630.0,18010.0,12.4,46.1,19.0,False,False,False,False,False,False,False,False,False,0,False,False,베이스 없음
20261002,006650,대한유화,KOSPI,91600,36689,92936.0,121828.0,128974.0,79300.0,202500.0,15.5,54.8,19.0,False,False,False,False,False,False,False,False,False,0,False,False,베이스 없음
20261002,008040,사조동아원,KOSPI,7540,11130,7313.0,8937.0,9446.0,6240.0,13840.0,20.8,45.5,19.0,True,False,False,False,False,False,False,False,True,1,False,False,베이스 없음
20250702,011810,STX,KOSPI,3530,63080,3415.0,3986.0,4297.0,3080.0,8230.0,14.6,57.1,19.0,False,False,False,False,False,False,False,False,True,1,False,False,베이스 없음
20261002,019180,티에이치엔,KOSPI,5100,55915,5456.0,6702.0,6967.0,4845.0,10270.0,5.3,50.3,19.0,False,False,False,False,False,False,False,False,False,0,False,False,베이스 없음
20261002,025750,한솔홈데코,KOSPI,1899,5546,1887.0,2237.0,2458.0,1680.0,3535.0,13.0,46.3,19.0,False,False,False,False,False,False,False,False,True,1,False,False,베이스 없음
20261002,038110,에코플라스틱,KOSDAQ,2055,114464,1981.0,2620.0,2765.0,1641.0,5180.0,25.2,60.3,19.0,False,False,False,False,False,True,False,False,True,2,False,False,베이스 없음
20261002,039130,하나투어,KOSPI,30100,15431,31599.0,36330.0,39162.0,28600.0,52900.0,5.2,43.1,19.0,False,False,False,False,False,False,False,False,False,0,False,False,베이스 없음
20261002,060850,영림원소프트랩,KOSDAQ,4415,3068,4769.0,5506.0,5716.0,4270.0,7340.0,3.4,39.9,19.0,False,False,False,False,False,False,False,False,False,0,False,False,베이스 없음
20261002,068050,팬엔터테인먼트,KOSDAQ,1151,14615,1164.0,1320.0,1451.0,917.0,2305.0,25.5,50.1,19.0,False,False,False,False,False,True,False,False,False,1,False,False,베이스 없음
20261002,078160,메디포스트,KOSDAQ,9690,71315,9025.0,14607.0,15750.0,7250.0,29100.0,33.7,66.7,19.0,False,False,False,False,False,True,False,False,True,2,False,False,베이스 없음
20261002,109610,에스와이,KOSDAQ,1883,47103,1877.0,2314.0,2475.0,1479.0,3440.0,27.3,45.3,19.0,False,False,False,False,False,True,False,False,True,2,False,False,베이스 없음
20261002,114630,폴라리스우노,KOSDAQ,1624,8148,1531.0,1947.0,2089.0,1324.0,3045.0,22.7,46.7,19.0,True,False,False,False,False,False,False,False,True,1,False,False,Stage2 아님
20260323,143210,핸즈코퍼레이션,KOSPI,1199,257775,1130.0,1384.0,1459.0,945.0,2285.0,26.9,47.5,19.0,False,False,False,False,False,True,False,False,True,2,False,False,Stage2 아님
20261002,205470,휴마시스,KOSDAQ,2625,36451,2664.0,3166.0,3633.0,1898.0,7240.0,38.3,63.7,19.0,False,False,False,False,False,True,False,False,False,1,False,False,Stage2 아님
20261002,214260,라파스,KOSDAQ,7800,6280,8267.0,8779.0,9756.0,6240.0,16670.0,25.0,53.2,19.0,False,False,False,False,False,True,False,False,False,1,False,False,베이스 없음
20261002,238090,앤디포스,KOSDAQ,1772,14194,1935.0,2593.0,2389.0,1537.0,4150.0,15.3,57.3,19.0,False,False,True,False,False,False,False,False,False,1,False,False,1 형성중
20251017,241820,피씨엘,KOSDAQ,6040,0,6040.0,6056.0,6896.0,5900.0,24800.0,2.4,75.6,19.0,False,False,False,False,False,False,False,False,False,0,False,False,Stage2 아님
20261002,261200,덴티스,KOSDAQ,2660,13843,2588.0,3130.0,3411.0,2125.0,6100.0,25.2,56.4,19.0,True,False,False,False,False,True,False,False,True,2,False,False,베이스 없음
20261002,282720,금양그린파워,KOSDAQ,7790,20957,7488.0,10421.0,10636.0,6200.0,20200.0,25.6,61.4,19.0,True,False,False,False,False,True,False,False,True,2,False,False,베이스 없음
20261002,290650,엘앤씨바이오,KOSDAQ,54000,295149,51488.0,65772.0,66766.0,40823.0,121064.0,32.3,55.4,19.0,False,False,False,False,False,True,False,False,True,2,False,False,베이스 없음
20261002,377480,마음AI,KOSDAQ,10140,21528,10257.0,12581.0,14137.0,7730.0,26500.0,31.2,61.7,19.0,False,False,False,False,False,True,False,False,False,1,False,False,베이스 없음
20261002,382840,원준,KOSDAQ,5360,81399,4861.0,6989.0,7410.0,3230.0,12150.0,65.9,55.9,19.0,True,False,False,False,False,True,False,False,True,2,False,False,Stage2 아님
20261002,450080,에코프로머티,KOSPI,38200,522347,35766.0,53379.0,55250.0,27100.0,88800.0,41.0,57.0,19.0,False,False,False,False,False,True,False,False,True,2,False,False,베이스 없음
20261002,475580,에이럭스,KOSDAQ,7500,57684,7304.0,9240.0,9440.0,5020.0,15650.0,49.4,52.1,19.0,False,False,False,False,False,True,False,False,True,2,False,False,Stage2 아님
20261002,000230,일동홀딩스,KOSPI,6250,14163,6240.0,7870.0,9114.0,5450.0,17170.0,14.7,63.6,18.0,False,False,False,False,False,False,False,False,True,1,False,False,베이스 없음
20261002,001040,CJ,KOSPI,131000,48555,131416.0,167471.0,173456.0,116900.0,235000.0,12.1,44.3,18.0,True,False,False,False,False,False,False,False,False,0,False,False,베이스 없음
20261002,004380,삼익THK,KOSPI,7840,18092,8072.0,10127.0,10846.0,6760.0,14650.0,16.0,46.5,18.0,False,False,False,False,False,False,False,False,False,0,False,False,Stage2 아님
20261002,006880,신송홀딩스,KOSPI,4255,8348,4441.0,5589.0,5906.0,3810.0,8430.0,11.7,49.5,18.0,False,False,False,False,False,False,False,False,False,0,False,False,베이스 없음
20261002,007530,와이엠,KOSDAQ,1716,19262,1594.0,2016.0,2136.0,1395.0,2995.0,23.0,42.7,18.0,True,False,False,False,False,False,False,False,True,1,False,False,베이스 없음
20261002,007680,대원,KOSDAQ,3040,5865,3334.0,3833.0,3933.0,2870.0,6110.0,5.9,50.2,18.0,False,False,False,False,False,False,False,False,False,0,False,False,Stage2 아님
20261002,011330,유니켐,KOSPI,4165,94765,4363.0,5395.0,7107.0,3060.0,15800.0,36.1,73.6,18.0,False,False,False,False,False,True,False,False,False,1,False,False,베이스 없음
20261002,015760,한국전력,KOSPI,30100,647691,32882.0,39181.0,43200.0,29800.0,69500.0,1.0,56.7,18.0,False,False,False,False,False,False,False,False,False,0,False,False,베이스 없음
20261002,018680,서울제약,KOSDAQ,1941,2376,1981.0,2347.0,2507.0,1820.0,3310.0,6.6,41.4,18.0,False,False,False,False,False,False,False,False,False,0,False,False,Stage2 아님
20261002,029480,광무,KOSDAQ,1398,23364,1435.0,1775.0,1894.0,1171.0,3130.0,19.4,55.3,18.0,False,False,False,False,False,False,False,False,False,0,False,False,베이스 없음
20261002,035720,카카오,KOSPI,33400,1164476,36182.0,41503.0,45928.0,32250.0,69700.0,3.6,52.1,18.0,False,False,False,False,False,False,False,False,False,0,False,False,베이스 없음
20261002,039980,폴라리스AI,KOSDAQ,5080,47970,5312.0,6505.0,7142.0,3760.0,14860.0,35.1,65.8,18.0,False,False,False,False,False,True,False,False,False,1,False,False,베이스 없음
20261002,048550,SM C&C,KOSDAQ,1043,271378,1300.0,1228.0,1243.0,777.0,1900.0,34.2,45.1,18.0,False,False,False,False,True,True,False,False,False,2,False,False,Stage2 아님
20261002,053450,세코닉스,KOSDAQ,3310,31636,3221.0,4235.0,4632.0,2900.0,7550.0,14.1,56.2,18.0,False,False,False,False,False,False,False,False,True,1,False,False,베이스 없음
20261002,063160,종근당바이오,KOSPI,12930,5699,13455.0,16149.0,17322.0,11770.0,24900.0,9.9,48.1,18.0,False,False,False,False,False,False,False,False,False,0,False,False,베이스 없음
20261002,065680,우주일렉트로,KOSDAQ,25200,6243,23747.0,30269.0,31020.0,18800.0,51700.0,34.0,51.3,18.0,True,False,False,False,False,True,False,False,True,2,False,False,베이스 없음
20261002,106190,하이텍팜,KOSDAQ,10160,24423,10774.0,14366.0,13880.0,9500.0,25000.0,6.9,59.4,18.0,False,False,True,False,False,False,False,False,False,1,False,False,베이스 없음
20261002,131370,알서포트,KOSDAQ,1497,46595,1496.0,1893.0,2027.0,1278.0,3090.0,17.1,51.6,18.0,False,False,False,False,False,False,False,False,True,1,False,False,베이스 없음
20261002,182360,큐브엔터,KOSDAQ,6410,10322,5880.0,7712.0,9045.0,4520.0,16270.0,41.8,60.6,18.0,True,False,False,False,False,True,False,False,True,2,False,False,베이스 없음
20261002,200130,콜마비앤에이치,KOSDAQ,8040,78597,8620.0,9999.0,10830.0,7600.0,16560.0,5.8,51.4,18.0,False,False,False,False,False,False,False,False,False,0,False,False,베이스 없음
20261002,214420,토니모리,KOSPI,5080,32531,5270.0,6045.0,6729.0,4190.0,11300.0,21.2,55.0,18.0,False,False,False,False,False,False,False,False,False,0,False,False,베이스 없음
20261002,239610,에이치엘사이언스,KOSDAQ,5210,766,5357.0,6481.0,6884.0,4960.0,11730.0,5.0,55.6,18.0,False,False,False,False,False,False,False,False,False,0,False,False,Stage2 아님
20261002,251370,와이엠티,KOSDAQ,9360,211912,7857.0,12016.0,11965.0,6200.0,23500.0,51.0,60.2,18.0,True,False,True,False,False,True,False,False,True,3,False,False,베이스 없음
20261002,286750,나노실리칸첨단소재,KOSDAQ,2540,24715,2836.0,2937.0,3034.0,2085.0,4110.0,21.8,38.2,18.0,False,False,False,False,False,False,False,False,False,0,False,False,베이스 없음
20261002,317870,엔바이오니아,KOSDAQ,5230,56644,4895.0,6330.0,7401.0,3540.0,18260.0,47.7,71.4,18.0,False,False,False,False,False,True,False,False,True,2,False,False,베이스 없음
20261002,475560,더본코리아,KOSPI,14390,13302,15092.0,17576.0,19288.0,12130.0,27000.0,18.6,46.7,18.0,False,False,False,False,False,False,False,False,False,0,False,False,Stage2 아님
20261002,950130,엑세스바이오,KOSDAQ,2170,49447,2329.0,2726.0,2986.0,1945.0,5280.0,11.6,58.9,18.0,False,False,False,False,False,False,False,False,False,0,False,False,Stage2 아님
20261002,003570,SNT다이내믹스,KOSPI,32850,217038,30329.0,41387.0,43700.0,25900.0,76400.0,26.8,57.0,17.0,False,False,False,False,False,True,False,False,True,2,False,False,베이스 없음
20261002,006740,블루산업개발,KOSPI,4885,1812,5086.0,5837.0,6764.0,4160.0,12005.0,17.4,59.3,17.0,False,False,False,False,False,False,False,False,False,0,False,False,베이스 없음
20261002,008355,남선알미우,KOSPI,7300,110,7191.0,10304.0,11364.0,6510.0,23400.0,12.1,68.8,17.0,False,False,False,False,False,False,False,False,True,1,False,False,Stage2 아님
20261002,034220,LG디스플레이,KOSPI,8570,2139890,9225.0,11510.0,11663.0,8120.0,17950.0,5.5,52.3,17.0,False,False,False,False,False,False,False,False,False,0,False,False,베이스 없음
20261002,035200,프럼파스트,KOSDAQ,2575,24654,2714.0,3218.0,3319.0,2390.0,5900.0,7.7,56.4,17.0,False,False,False,False,False,False,False,False,False,0,False,False,베이스 없음
20261002,036620,감성코퍼레이션,KOSDAQ,3720,155862,3972.0,4811.0,5145.0,3540.0,7700.0,5.1,51.7,17.0,False,False,False,False,False,False,False,False,False,0,False,False,베이스 없음
20261002,037230,한국팩키지,KOSDAQ,1359,10594,1383.0,1773.0,1803.0,1190.0,3850.0,14.2,64.7,17.0,False,False,False,False,False,False,False,False,False,0,False,False,베이스 없음
20261002,038070,서린바이오,KOSDAQ,4020,19443,4250.0,5225.0,5540.0,3600.0,7775.0,11.7,48.3,17.0,False,False,False,False,False,False,False,False,False,0,False,False,Stage2 아님
20261002,042040,케이피엠테크,KOSDAQ,5100,2059,4671.0,7703.0,9963.0,3435.0,20827.0,48.5,75.5,17.0,True,False,False,False,False,True,False,False,True,2,False,False,베이스 없음
20261002,047400,유니온머티리얼,KOSPI,910,98066,930.0,1262.0,1317.0,810.0,2680.0,12.3,66.0,17.0,False,False,False,False,False,False,False,False,False,0,False,False,베이스 없음
20261002,047820,초록뱀미디어,KOSDAQ,3190,8619,3178.0,3972.0,4138.0,2765.0,7560.0,15.4,57.8,17.0,True,False,False,False,False,False,False,False,True,1,False,False,Stage2 아님
20261002,058110,멕아이씨에스,KOSDAQ,1524,68167,1619.0,2048.0,2004.0,1064.0,4000.0,43.2,61.9,17.0,False,False,True,False,False,True,False,False,False,2,False,False,Stage2 아님
20261002,059270,해성에어로보틱스,KOSDAQ,5490,33785,5482.0,7945.0,8929.0,3980.0,21400.0,37.9,74.3,17.0,False,False,False,False,False,True,False,False,True,2,False,False,베이스 없음
20261002,079960,동양이엔피,KOSDAQ,17070,11976,18606.0,23830.0,24919.0,16380.0,38050.0,4.2,55.1,17.0,False,False,False,False,False,False,False,False,False,0,False,False,베이스 없음
20261002,086980,쇼박스,KOSDAQ,1746,68712,1940.0,2390.0,2427.0,1688.0,3200.0,3.4,45.4,17.0,False,False,False,False,False,False,False,False,False,0,False,False,베이스 없음
20261002,087600,픽셀플러스,KOSDAQ,3890,9875,3966.0,4956.0,5355.0,2935.0,8450.0,32.5,54.0,17.0,False,False,False,False,False,True,False,False,False,1,False,False,베이스 없음
20261002,099410,동방선기,KOSDAQ,3080,31705,3153.0,4031.0,4325.0,2475.0,6780.0,24.4,54.6,17.0,False,False,False,False,False,False,False,False,False,0,False,False,1 형성중
20261002,122870,와이지엔터테인먼트,KOSDAQ,40700,84658,41247.0,47762.0,52949.0,34300.0,105900.0,18.7,61.6,17.0,False,False,False,False,False,False,False,False,False,0,False,False,베이스 없음
20261002,215000,골프존,KOSDAQ,35800,4950,36470.0,43094.0,46824.0,34100.0,62300.0,5.0,42.5,17.0,True,False,False,False,False,False,False,False,False,0,False,False,Stage2 아님
20261002,219420,링크제니시스,KOSDAQ,3275,8695,3347.0,4175.0,4496.0,2860.0,6430.0,14.5,49.1,17.0,False,False,False,False,False,False,False,False,False,0,False,False,베이스 없음
20261002,228760,지노믹트리,KOSDAQ,12180,53731,11637.0,14161.0,17041.0,9930.0,33300.0,22.7,63.4,17.0,False,False,False,False,False,False,False,False,True,1,False,False,베이스 없음
20261002,335810,프리시젼바이오,KOSDAQ,1492,10633,1456.0,1810.0,2035.0,1106.0,3505.0,34.9,57.4,17.0,False,False,False,False,False,True,False,False,True,2,False,False,Stage2 아님
20261002,384470,코어라인소프트,KOSDAQ,2625,37433,2637.0,3071.0,3315.0,1820.0,5370.0,44.2,51.1,17.0,False,False,False,False,False,True,False,False,False,1,False,False,Stage2 아님
20261002,391710,코닉오토메이션,KOSDAQ,1264,130126,1221.0,1587.0,1803.0,967.0,3700.0,30.7,65.8,17.0,True,False,False,False,False,True,False,False,True,2,False,False,베이스 없음
20261002,413640,비아이매트릭스,KOSDAQ,5960,15305,5970.0,7031.0,7632.0,5250.0,16300.0,13.5,63.4,17.0,True,False,False,False,False,False,False,False,False,0,False,False,베이스 없음
20261002,450520,인스웨이브,KOSDAQ,1903,39164,1877.0,2373.0,2639.0,1350.0,4455.0,41.0,57.3,17.0,False,False,False,False,False,True,False,False,True,2,False,False,Stage2 아님
20261002,458650,성우,KOSDAQ,7720,10802,7820.0,10441.0,10711.0,6420.0,15440.0,20.2,50.0,17.0,False,False,False,False,False,False,False,False,False,0,False,False,Stage2 아님
20261002,003090,대웅,KOSPI,15310,55924,16770.0,19571.0,20568.0,15040.0,30600.0,1.8,50.0,16.0,False,False,False,False,False,False,False,False,False,0,False,False,베이스 없음
20261002,004540,깨끗한나라,KOSPI,1244,8617,1210.0,1603.0,1680.0,1060.0,2405.0,17.4,48.3,16.0,True,False,False,False,False,False,False,False,True,1,False,False,Stage2 아님
20261001,005360,모나미,KOSPI,1130,417258,1475.0,1582.0,1667.0,1065.0,4475.0,6.1,74.7,16.0,False,False,False,False,False,False,False,False,False,0,False,False,Stage2 아님
20261002,005870,휴니드,KOSPI,4570,61323,4452.0,6341.0,6765.0,3550.0,11850.0,28.7,61.4,16.0,False,False,False,False,False,True,False,False,True,2,False,False,베이스 없음
20261002,026150,특수건설,KOSDAQ,3920,12598,3834.0,5004.0,5385.0,3145.0,7690.0,24.6,49.0,16.0,False,False,False,False,False,False,False,False,True,1,False,False,베이스 없음
20261002,033500,동성화인텍,KOSDAQ,16380,66221,16780.0,21007.0,22614.0,14050.0,34300.0,16.6,52.2,16.0,False,False,False,False,False,False,False,False,False,0,False,False,베이스 없음
20261002,037560,LG헬로비전,KOSPI,1532,129490,1615.0,1979.0,2072.0,1435.0,3660.0,6.8,58.1,16.0,False,False,False,False,False,False,False,False,False,0,False,False,베이스 없음
20260922,057540,옴니시스템,KOSDAQ,602,175811,729.0,795.0,795.0,565.0,1140.0,6.5,47.2,16.0,False,False,False,False,False,False,False,False,False,0,False,False,베이스 없음
20261002,065370,위세아이텍,KOSDAQ,3030,6381,2944.0,3906.0,4343.0,2390.0,7370.0,26.8,58.9,16.0,True,False,False,False,False,True,False,False,True,2,False,False,베이스 없음
20261002,072990,에이치시티,KOSDAQ,3150,20534,3179.0,3944.0,4424.0,2900.0,7222.0,8.6,56.4,16.0,False,False,False,False,False,False,False,False,False,0,False,False,베이스 없음
20261002,104200,NHN벅스,KOSDAQ,2380,56324,2547.0,3427.0,3716.0,1942.0,7240.0,22.6,67.1,16.0,False,False,False,False,False,False,False,False,False,0,False,False,베이스 없음
20261002,104620,노랑풍선,KOSDAQ,3145,53808,3128.0,3844.0,4182.0,2660.0,7580.0,18.2,58.5,16.0,False,False,False,False,False,False,False,False,True,1,False,False,베이스 없음
20261002,115160,휴맥스,KOSDAQ,5530,4032,5499.0,6355.0,6897.0,4850.0,10790.0,14.0,48.7,16.0,True,False,False,False,False,False,False,False,True,1,False,False,베이스 없음
20261002,200670,휴메딕스,KOSDAQ,25850,22981,25626.0,29779.0,32759.0,21050.0,67500.0,22.8,61.7,16.0,False,False,False,False,False,False,False,False,True,1,False,False,베이스 없음
20261002,208370,셀바스헬스케어,KOSDAQ,2680,373170,2516.0,3376.0,3932.0,2130.0,7490.0,25.8,64.2,16.0,True,False,False,False,False,True,False,False,True,2,False,False,베이스 없음
20261002,215090,솔디펜스,KOSDAQ,1421,28722,1386.0,1973.0,2181.0,1127.0,3950.0,26.1,64.0,16.0,True,False,False,False,False,True,False,False,True,2,False,False,Stage2 아님
20261002,220180,폴라리스AI핸디,KOSDAQ,1340,5344,1417.0,1660.0,1725.0,1248.0,3370.0,7.4,60.2,16.0,False,False,False,False,False,False,False,False,False,0,False,False,베이스 없음
20261002,225190,LK삼양,KOSDAQ,4930,4658926,3928.0,7478.0,7402.0,2445.0,15775.0,101.6,68.7,16.0,False,False,True,False,False,True,False,False,True,3,False,False,베이스 없음
20261002,225590,패션플랫폼,KOSDAQ,2835,40470,3105.0,3829.0,3948.0,2600.0,4835.0,9.0,41.4,16.0,False,False,False,False,False,False,False,False,False,0,False,False,1 형성중
20261002,234100,폴라리스세원,KOSDAQ,2700,8282,2710.0,3749.0,4293.0,2070.0,7895.0,30.4,65.8,16.0,False,False,False,False,False,True,False,False,False,1,False,False,베이스 없음
20261002,238120,얼라인드,KOSDAQ,2725,17304,2964.0,3616.0,3678.0,2380.0,6050.0,14.5,55.0,16.0,False,False,False,False,False,False,False,False,False,0,False,False,1 형성중
20261002,318000,KBG,KOSDAQ,2765,10319,2826.0,3493.0,3742.0,2545.0,6160.0,8.6,55.1,16.0,False,False,False,False,False,False,False,False,False,0,False,False,베이스 없음
20261002,336570,원텍,KOSDAQ,5070,511488,4981.0,6356.0,6804.0,4130.0,10480.0,22.8,51.6,16.0,True,False,False,False,False,False,False,False,True,1,False,False,베이스 없음
20261002,351870,차이커뮤니케이션,KOSDAQ,2215,10711,2122.0,2917.0,3362.0,1501.0,6740.0,47.6,67.1,16.0,True,False,False,False,False,True,False,False,True,2,False,False,Stage2 아님
20261002,376180,피코그램,KOSDAQ,1498,25494,1439.0,1994.0,2105.0,900.0,3555.0,66.4,57.9,16.0,False,False,False,False,False,True,False,False,True,2,False,False,베이스 없음
20261002,459100,위츠,KOSDAQ,4015,19146,4121.0,5122.0,5575.0,3050.0,9290.0,31.6,56.8,16.0,False,False,False,False,False,True,False,False,False,1,False,False,Stage2 아님
20261002,479960,위너스일렉,KOSDAQ,6350,11035,6029.0,8093.0,8689.0,4510.0,15300.0,40.8,58.5,16.0,False,False,False,False,False,True,False,False,True,2,False,False,Stage2 아님
20261002,001020,페이퍼코리아,KOSPI,1968,4047,2138.0,2660.0,2761.0,1701.0,5200.0,15.7,62.2,15.0,False,False,False,False,False,False,False,False,False,0,False,False,베이스 없음
20261002,006060,화승인더,KOSPI,2225,32658,2427.0,2832.0,3002.0,2170.0,4265.0,2.5,47.8,15.0,False,False,False,False,False,False,False,False,False,0,False,False,베이스 없음
20261002,008730,율촌화학,KOSPI,14850,29655,14929.0,19354.0,21383.0,11150.0,39200.0,33.2,62.1,15.0,False,False,False,False,False,True,False,False,False,1,False,False,베이스 없음
20261002,013810,스페코,KOSDAQ,1544,19407,1589.0,2134.0,2223.0,1410.0,3675.0,9.5,58.0,15.0,False,False,False,False,False,False,False,False,False,0,False,False,Stage2 아님
20261002,014940,오리엔탈정공,KOSDAQ,4590,103817,4607.0,5802.0,6395.0,3530.0,12900.0,30.0,64.4,15.0,False,False,False,False,False,True,False,False,False,1,False,False,베이스 없음
20261002,016800,퍼시스,KOSPI,24000,1507,26536.0,30886.0,34347.0,23500.0,50800.0,2.1,52.8,15.0,False,False,False,False,False,False,False,False,False,0,False,False,베이스 없음
20261002,016880,웅진,KOSPI,1838,45864,1976.0,2222.0,2261.0,1690.0,5200.0,8.8,64.7,15.0,False,False,False,False,False,False,False,False,False,0,False,False,베이스 없음
20261002,027050,코리아나,KOSDAQ,1294,49736,1372.0,1586.0,1749.0,1150.0,3055.0,12.5,57.6,15.0,False,False,False,False,False,False,False,False,False,0,False,False,베이스 없음
20261002,030960,양지사,KOSDAQ,4720,9438,4628.0,5792.0,6401.0,4000.0,9820.0,18.0,51.9,15.0,True,False,False,False,False,False,False,False,True,1,False,False,Stage2 아님
20261002,034940,조아제약,KOSDAQ,2665,33825,2814.0,3598.0,3921.0,2485.0,6650.0,7.2,59.9,15.0,False,False,False,False,False,False,False,False,False,0,False,False,베이스 없음
20261002,038530,케이바이오랩스,KOSDAQ,4005,8300,4645.0,6259.0,6299.0,3610.0,13750.0,10.9,70.9,15.0,False,False,False,False,False,False,False,False,False,0,False,False,베이스 없음
20261002,042660,한화오션,KOSPI,78700,535759,85658.0,107850.0,113282.0,71300.0,154800.0,10.4,49.2,15.0,False,False,False,False,False,False,False,False,False,0,False,False,베이스 없음
20261002,043910,자연과환경,KOSDAQ,3220,11621,3270.0,3899.0,4460.0,2740.0,7180.0,17.5,55.2,15.0,False,False,False,False,False,False,False,False,False,0,False,False,베이스 없음
20261002,046210,HLB파나진,KOSDAQ,1239,241521,1139.0,1628.0,1655.0,980.0,2940.0,26.4,57.9,15.0,False,False,False,False,False,True,False,False,True,2,False,False,베이스 없음
20261002,054540,삼영엠텍,KOSDAQ,7180,215428,6592.0,9174.0,10511.0,5160.0,22800.0,39.1,68.5,15.0,True,False,False,False,False,True,False,False,True,2,False,False,베이스 없음
20261002,080530,코디,KOSDAQ,2420,14720,2450.0,3130.0,3641.0,1995.0,6700.0,21.3,63.9,15.0,False,False,False,False,False,False,False,False,False,0,False,False,베이스 없음
20261002,083790,CG인바이츠,KOSDAQ,937,69037,895.0,1092.0,1161.0,711.0,1840.0,31.8,49.1,15.0,True,False,False,False,False,True,False,False,True,2,False,False,베이스 없음
20261002,085810,알티캐스트,KOSDAQ,1390,16944,1610.0,1990.0,2327.0,1050.0,4257.0,32.4,67.3,15.0,False,False,False,False,False,True,False,False,False,1,False,False,베이스 없음
20261002,101930,인화정공,KOSDAQ,6410,143288,6760.0,8688.0,8801.0,5480.0,17000.0,17.0,62.3,15.0,False,False,False,False,False,False,False,False,False,0,False,False,베이스 없음
20261002,137940,넥스트아이,KOSDAQ,1884,44994,1971.0,2165.0,2377.0,1396.0,3650.0,35.0,48.4,15.0,False,False,False,False,False,True,False,False,False,1,False,False,베이스 없음
20261002,163280,에어레인,KOSDAQ,3845,27135,3438.0,4674.0,5130.0,2675.0,9555.0,43.7,59.8,15.0,True,False,False,False,False,True,False,False,True,2,False,False,Stage2 아님
20261002,194700,노바렉스,KOSDAQ,10430,47192,11984.0,13385.0,13622.0,9970.0,21500.0,4.6,51.5,15.0,False,False,False,False,False,False,False,False,False,0,False,False,베이스 없음
20261002,214330,금호에이치티,KOSPI,7120,26596,6091.0,8440.0,9955.0,4475.0,17925.0,59.1,60.3,15.0,True,False,False,False,False,True,False,False,True,2,False,False,베이스 없음
20261002,257370,피엔티엠에스,KOSDAQ,1970,28360,1957.0,2553.0,2701.0,1530.0,4050.0,28.8,51.4,15.0,False,False,False,False,False,True,False,False,True,2,False,False,베이스 없음
20261002,310210,보로노이,KOSDAQ,144900,54635,149020.0,222016.0,219989.0,97500.0,375500.0,48.6,61.4,15.0,False,False,True,False,False,True,False,False,False,2,False,False,베이스 없음
20261002,376900,로킷헬스케어,KOSDAQ,27850,87692,30947.0,59905.0,61382.0,16850.0,153800.0,65.3,81.9,15.0,False,False,False,False,False,True,False,False,False,1,False,False,Stage2 아님
20261002,394800,쓰리빌리언,KOSDAQ,6050,1406421,5416.0,8725.0,10523.0,4020.0,20100.0,50.5,69.9,15.0,True,False,False,False,False,True,False,False,True,2,False,False,베이스 없음
20261002,002220,한일철강,KOSPI,2815,49563,3097.0,4051.0,4244.0,2330.0,6470.0,20.8,56.5,14.0,False,False,False,False,False,False,False,False,False,0,False,False,베이스 없음
20261002,013720,청보,KOSDAQ,2185,4817,2245.0,2881.0,3150.0,1450.0,6041.0,50.7,63.8,14.0,False,False,False,False,False,True,False,False,False,1,False,False,1 형성중
20261002,040350,크레오에스지,KOSDAQ,3385,64555,5644.0,5536.0,5213.0,2780.0,12800.0,21.8,73.6,14.0,False,False,True,True,True,False,False,False,False,3,False,False,베이스 없음
20261002,078590,휴림에이텍,KOSDAQ,2720,34809,3060.0,4483.0,5384.0,1900.0,15265.0,43.2,82.2,14.0,False,False,False,False,False,True,False,False,False,1,False,False,1 형성중
20261002,138610,나이벡,KOSDAQ,16040,30675,15274.0,20668.0,24857.0,11230.0,54300.0,42.8,70.5,14.0,False,False,False,False,False,True,False,False,True,2,False,False,베이스 없음
20261002,159580,제로투세븐,KOSDAQ,2120,15775,2142.0,2855.0,3130.0,1750.0,4675.0,21.1,54.7,14.0,False,False,False,False,False,False,False,False,False,0,False,False,베이스 없음
20261002,173940,에프엔씨엔터,KOSDAQ,1994,9664,2199.0,2985.0,3214.0,1945.0,5100.0,2.5,60.9,14.0,False,False,False,False,False,False,False,False,False,0,False,False,베이스 없음
20261002,199550,레이저옵텍,KOSDAQ,3275,6308,2905.0,3997.0,4450.0,1900.0,7700.0,72.4,57.5,14.0,True,False,False,False,False,True,False,False,True,2,False,False,Stage2 아님
20261002,225530,HC보광산업,KOSDAQ,2135,6522,2029.0,2634.0,2691.0,1600.0,4555.0,33.4,53.1,14.0,True,False,False,False,False,True,False,False,True,2,False,False,베이스 없음
20261002,234030,싸이닉솔루션,KOSDAQ,3830,467850,3133.0,4952.0,6150.0,1959.0,12700.0,95.5,69.8,14.0,True,False,False,False,False,True,False,False,True,2,False,False,Stage2 아님
20261002,235980,메드팩토,KOSDAQ,3035,64101,2752.0,3858.0,4507.0,2235.0,8650.0,35.8,64.9,14.0,True,False,False,False,False,True,False,False,True,2,False,False,베이스 없음
20261002,243070,휴온스,KOSDAQ,19390,12416,22866.0,26195.0,26512.0,18800.0,41500.0,3.1,53.3,14.0,False,False,False,False,False,False,False,False,False,0,False,False,베이스 없음
20261002,252500,세화피앤씨,KOSDAQ,2280,5165,2370.0,3174.0,3377.0,2120.0,4770.0,7.5,52.2,14.0,False,False,False,False,False,False,False,False,False,0,False,False,베이스 없음
20261002,260660,알리코제약,KOSDAQ,2290,17215,2423.0,2873.0,3192.0,2150.0,5760.0,6.5,60.2,14.0,False,False,False,False,False,False,False,False,False,0,False,False,베이스 없음
20261002,263720,디앤씨미디어,KOSDAQ,7010,5124,7042.0,9180.0,9988.0,5780.0,16040.0,21.3,56.3,14.0,False,False,False,False,False,False,False,False,False,0,False,False,베이스 없음
20261002,308430,셀비온,KOSDAQ,14600,28851,13258.0,21162.0,22237.0,9930.0,42200.0,47.0,65.4,14.0,True,False,False,False,False,True,False,False,True,2,False,False,베이스 없음
20261002,328130,루닛,KOSDAQ,10570,563147,9618.0,13913.0,15207.0,8180.0,24550.0,29.2,56.9,14.0,True,False,False,False,False,True,False,False,True,2,False,False,베이스 없음
20261002,348210,넥스틴,KOSDAQ,39200,75408,32795.0,54408.0,59634.0,24800.0,100400.0,58.1,61.0,14.0,False,False,False,False,False,True,False,False,True,2,False,False,베이스 없음
20261002,360070,탑머티리얼,KOSDAQ,10220,20013,8595.0,13089.0,15204.0,6520.0,28650.0,56.7,64.3,14.0,True,False,False,False,False,True,False,False,True,2,False,False,Stage2 아님
20261002,364950,에이아이코리아,KOSDAQ,3810,23985,3612.0,4972.0,5720.0,2750.0,13930.0,38.5,72.6,14.0,True,False,False,False,False,True,False,False,True,2,False,False,Stage2 아님
20261002,381620,제닉스로보틱스,KOSDAQ,6210,51418,6033.0,8118.0,9453.0,4560.0,19940.0,36.2,68.9,14.0,False,False,False,False,False,True,False,False,True,2,False,False,베이스 없음
20261002,419540,비스토스,KOSDAQ,3020,6935,3139.0,3640.0,4142.0,2280.0,11500.0,32.5,73.7,14.0,False,False,False,False,False,True,False,False,False,1,False,False,베이스 없음
20261002,452400,이닉스,KOSDAQ,5340,4634,5835.0,7204.0,8109.0,4700.0,14400.0,13.6,62.9,14.0,False,False,False,False,False,False,False,False,False,0,False,False,베이스 없음
20261001,457550,우진엔텍,KOSDAQ,14070,51151,14058.0,20473.0,21373.0,10750.0,34900.0,30.9,59.7,14.0,True,False,False,False,False,True,False,False,True,2,False,False,베이스 없음
20261002,476080,M83,KOSDAQ,4160,9719,3938.0,5174.0,6137.0,2740.0,14460.0,51.8,71.2,14.0,False,False,False,False,False,True,False,False,True,2,False,False,Stage2 아님
20261002,484590,삼양컴텍,KOSDAQ,7540,295546,6520.0,9124.0,10102.0,4710.0,20400.0,60.1,63.0,14.0,True,False,False,False,False,True,False,False,True,2,False,False,Stage2 아님
20261002,900300,오가닉티코스메틱,KOSDAQ,3000,1316898,2826.0,4557.0,5910.0,1541.0,24800.0,94.7,87.9,14.0,True,False,False,False,False,True,False,False,True,2,False,False,베이스 없음
20261002,002995,금호건설우,KOSPI,14580,5138,19368.0,17979.0,18176.0,10580.0,52000.0,37.8,72.0,13.0,False,False,False,True,True,True,False,False,False,3,False,False,1 형성중
20261002,004920,씨아이테크,KOSPI,7670,80386,9307.0,10334.0,10635.0,7600.0,16990.0,0.9,54.9,13.0,False,False,False,False,False,False,False,False,False,0,False,False,1 형성중
20261002,009730,이렘,KOSDAQ,1995,31482,1969.0,2837.0,3567.0,1080.0,8839.0,84.7,77.4,13.0,False,False,False,False,False,True,False,False,True,2,False,False,베이스 없음
20261002,014970,삼륭물산,KOSDAQ,4440,28706,4393.0,5682.0,6126.0,3545.0,11950.0,25.2,62.8,13.0,False,False,False,False,False,True,False,False,True,2,False,False,베이스 없음
20260407,017040,광명전기,KOSPI,932,441565,1303.0,1305.0,1371.0,839.0,2240.0,11.1,58.4,13.0,False,False,False,False,False,False,False,False,False,0,False,False,1 형성중
20261002,026910,광진실업,KOSDAQ,2035,527897,3768.0,3256.0,3099.0,1442.0,6800.0,41.1,70.1,13.0,False,False,True,True,True,True,False,False,False,4,False,False,1 형성중
20261002,032800,판타지오,KOSDAQ,1486,14694,1522.0,1723.0,1938.0,1399.0,3315.0,6.2,55.2,13.0,False,False,False,False,False,False,False,False,False,0,False,False,Stage2 아님
20261002,033830,티비씨,KOSDAQ,1772,26430,1657.0,2271.0,2467.0,1479.0,3460.0,19.8,48.8,13.0,True,False,False,False,False,False,False,False,True,1,False,False,베이스 없음
20261002,064480,브리지텍,KOSDAQ,2575,23516,2725.0,3498.0,3938.0,2300.0,7830.0,12.0,67.1,13.0,False,False,False,False,False,False,False,False,False,0,False,False,베이스 없음
20261002,064800,포니링크,KOSDAQ,2090,18779,2360.0,2875.0,3187.0,1757.0,4970.0,19.0,57.9,13.0,False,False,False,False,False,False,False,False,False,0,False,False,베이스 없음
20261002,068290,삼성출판사,KOSPI,6120,11337,6258.0,7375.0,8260.0,5500.0,18710.0,11.3,67.3,13.0,False,False,False,False,False,False,False,False,False,0,False,False,베이스 없음
20261002,070960,모나용평,KOSPI,2020,10090,2098.0,2555.0,2743.0,1860.0,4240.0,8.6,52.4,13.0,False,False,False,False,False,False,False,False,False,0,False,False,베이스 없음
20261002,084990,헬릭스미스,KOSDAQ,3700,252525,3170.0,5280.0,5541.0,2725.0,9960.0,35.8,62.9,13.0,True,False,False,False,False,True,False,False,True,2,False,False,베이스 없음
20261002,101360,에코앤드림,KOSDAQ,8830,112164,7615.0,12411.0,14247.0,4855.0,26900.0,81.9,67.2,13.0,True,False,False,False,False,True,False,False,True,2,False,False,베이스 없음
20261002,114090,GKL,KOSPI,8560,158153,9263.0,10791.0,11542.0,8480.0,17700.0,0.9,51.6,13.0,False,False,False,False,False,False,False,False,False,0,False,False,1 형성중
20250319,119650,KC코트렐,KOSPI,918,33134,1073.0,1091.0,1373.0,704.0,3100.0,30.4,70.4,13.0,False,False,False,False,False,True,False,False,False,1,False,False,Stage2 아님
20261002,149980,하이로닉,KOSDAQ,4535,16751,4865.0,6148.0,6781.0,3770.0,9510.0,20.3,52.3,13.0,False,False,False,False,False,False,False,False,False,0,False,False,베이스 없음
20261002,175140,아고스,KOSDAQ,2355,7711,2387.0,3026.0,3372.0,1752.0,5560.0,34.4,57.6,13.0,False,False,False,False,False,True,False,False,False,1,False,False,베이스 없음
20261002,210120,캔버스엔,KOSDAQ,1753,33027,1804.0,2433.0,2674.0,1005.0,5052.0,74.4,65.3,13.0,False,False,False,False,False,True,False,False,False,1,False,False,베이스 없음
20261002,221800,지구홀딩스,KOSDAQ,3790,35059,4037.0,11034.0,9648.0,3135.0,32800.0,20.9,88.4,13.0,False,False,True,False,False,False,False,False,False,1,False,False,베이스 없음
20261002,285800,진영,KOSDAQ,4400,29057,4050.0,6285.0,6678.0,3165.0,14825.0,39.0,70.3,13.0,True,False,False,False,False,True,False,False,True,2,False,False,베이스 없음
20261002,363260,모비데이즈,KOSDAQ,4225,8808,4279.0,5596.0,6193.0,3050.0,11625.0,38.5,63.7,13.0,False,False,False,False,False,True,False,False,False,1,False,False,베이스 없음
20261002,432430,와이랩,KOSDAQ,2060,30422,2077.0,2679.0,3014.0,1747.0,5460.0,17.9,62.3,13.0,False,False,False,False,False,False,False,False,False,0,False,False,Stage2 아님
20261002,439260,대한조선,KOSPI,46050,19772,48133.0,66654.0,68004.0,42100.0,109700.0,9.4,58.0,13.0,False,False,False,False,False,False,False,False,False,0,False,False,Stage2 아님
20261002,444530,심플랫폼,KOSDAQ,4730,2740,4560.0,6530.0,6800.0,3470.0,12500.0,36.3,62.2,13.0,True,False,False,False,False,True,False,False,True,2,False,False,Stage2 아님
20261002,462350,이노스페이스,KOSDAQ,6450,307003,6389.0,10005.0,10967.0,4810.0,20808.0,34.1,69.0,13.0,False,False,False,False,False,True,False,False,True,2,False,False,베이스 없음
20261002,466100,클로봇,KOSDAQ,23800,234734,25603.0,36667.0,42887.0,20050.0,77953.0,18.7,69.5,13.0,False,False,False,False,False,False,False,False,False,0,False,False,베이스 없음
20261002,003520,영진약품,KOSPI,1052,249225,1143.0,1416.0,1547.0,998.0,2320.0,5.4,54.7,12.0,False,False,False,False,False,False,False,False,False,0,False,False,베이스 없음
20260916,014160,대영포장,KOSPI,655,203761,696.0,918.0,952.0,576.0,1637.0,13.7,60.0,12.0,False,False,False,False,False,False,False,False,False,0,False,False,1 형성중
20261002,039840,디오,KOSDAQ,10090,330707,11281.0,13952.0,14658.0,9100.0,19400.0,10.9,48.0,12.0,False,False,False,False,False,False,False,False,False,0,False,False,베이스 없음
20261002,043340,에쎈테크,KOSDAQ,589,22669,815.0,912.0,901.0,573.0,1698.0,2.8,65.3,12.0,False,False,True,False,False,False,False,False,False,1,False,False,베이스 없음
20261002,058970,엠로,KOSDAQ,16890,14554,15807.0,22242.0,26170.0,11900.0,48600.0,41.9,65.2,12.0,False,False,False,False,False,True,False,False,True,2,False,False,베이스 없음
20261002,085660,차바이오텍,KOSDAQ,8530,127012,8484.0,12988.0,14009.0,7600.0,23950.0,12.2,64.4,12.0,False,False,False,False,False,False,False,False,True,1,False,False,베이스 없음
20261002,086900,메디톡스,KOSDAQ,66900,17831,70782.0,88655.0,97709.0,65600.0,141100.0,2.0,52.6,12.0,False,False,False,False,False,False,False,False,False,0,False,False,베이스 없음
20261002,097230,HJ중공업,KOSPI,15330,216690,16085.0,21036.0,21761.0,12910.0,33800.0,18.7,54.6,12.0,False,False,False,False,False,False,False,False,False,0,False,False,베이스 없음
20261002,107600,새빗켐,KOSDAQ,14070,30142,14329.0,20487.0,23410.0,9300.0,42750.0,51.3,67.1,12.0,False,False,False,False,False,True,False,False,False,1,False,False,베이스 없음
20261002,145020,휴젤,KOSDAQ,180400,39279,236288.0,248579.0,247712.0,175500.0,315000.0,2.8,42.7,12.0,False,False,True,False,False,False,False,False,False,1,False,False,베이스 없음
20261002,177350,베셀,KOSDAQ,1377,38697,1526.0,1756.0,1924.0,1000.0,3672.0,37.7,62.5,12.0,False,False,False,False,False,True,False,False,False,1,False,False,1 형성중
20261002,217270,넵튠,KOSDAQ,2385,19817,2434.0,3098.0,3603.0,2025.0,6430.0,17.8,62.9,12.0,False,False,False,False,False,False,False,False,False,0,False,False,베이스 없음
20261002,253450,스튜디오드래곤,KOSDAQ,20600,29688,21755.0,27908.0,32054.0,19000.0,50500.0,8.4,59.2,12.0,False,False,False,False,False,False,False,False,False,0,False,False,베이스 없음
20261002,274400,이노시뮬레이션,KOSDAQ,2160,6558,2206.0,2908.0,3179.0,1738.0,4580.0,24.3,52.8,12.0,False,False,False,False,False,False,False,False,False,0,False,False,Stage2 아님
20261002,317690,퀀타매트릭스,KOSDAQ,2330,36776,2349.0,3016.0,3368.0,1927.0,5660.0,20.9,58.8,12.0,False,False,False,False,False,False,False,False,False,0,False,False,베이스 없음
20260331,340930,성원에너텍,KOSDAQ,806,14433530,1165.0,1305.0,1251.0,732.0,2373.0,10.1,66.0,12.0,False,False,True,False,False,False,False,False,False,1,False,False,베이스 없음
20261002,353590,오토앤,KOSDAQ,1579,18169,1623.0,2184.0,2512.0,1301.0,4600.0,21.4,65.7,12.0,False,False,False,False,False,False,False,False,False,0,False,False,Stage2 아님
20261002,358570,지아이이노베이션,KOSDAQ,8970,413299,8317.0,11329.0,12527.0,6470.0,21000.0,38.6,57.3,12.0,False,False,False,False,False,True,False,False,True,2,False,False,베이스 없음
20261002,373200,엑스플러스,KOSDAQ,1884,116654,1754.0,2783.0,2807.0,1220.0,5475.0,54.4,65.6,12.0,False,False,False,False,False,True,False,False,True,2,False,False,베이스 없음
20261002,389260,대명에너지,KOSDAQ,13350,92037,13423.0,16864.0,17339.0,10590.0,27600.0,26.1,51.6,12.0,False,False,False,False,False,True,False,False,False,1,False,False,베이스 없음
20261002,396690,미래에셋글로벌리츠,KOSPI,1360,45645,1536.0,1826.0,2021.0,1291.0,2835.0,5.3,52.0,12.0,False,False,False,False,False,False,False,False,False,0,False,False,베이스 없음
20261002,405000,플라즈맵,KOSDAQ,3730,6306,3967.0,5433.0,5566.0,3030.0,9400.0,23.1,60.3,12.0,False,False,False,False,False,False,False,False,False,0,False,False,Stage2 아님
20261002,424960,스마트레이더시스템,KOSDAQ,3900,22607,3798.0,5205.0,5960.0,2755.0,9990.0,41.6,61.0,12.0,False,False,False,False,False,True,False,False,True,2,False,False,Stage2 아님
20261002,438700,버넥트,KOSDAQ,1820,15810,1774.0,2458.0,2758.0,1496.0,5230.0,21.7,65.2,12.0,False,False,False,False,False,False,False,False,True,1,False,False,Stage2 아님
20261002,464280,티디에스팜,KOSDAQ,5400,7180,5591.0,7110.0,7760.0,4240.0,10920.0,27.4,50.5,12.0,False,False,False,False,False,True,False,False,False,1,False,False,Stage2 아님
20261002,465770,STX그린로지스,KOSPI,2240,108779,3155.0,4089.0,4592.0,1669.0,9600.0,34.2,76.7,12.0,False,False,False,False,False,True,False,False,False,1,False,False,Stage2 아님
20261002,950210,프레스티지바이오파마,KOSPI,6170,16233,6204.0,7493.0,8697.0,4945.0,15200.0,24.8,59.4,12.0,False,False,False,False,False,False,False,False,False,0,False,False,베이스 없음
20261002,002070,비비안,KOSPI,3785,16575,4857.0,5674.0,7211.0,2978.0,15419.0,27.1,75.5,11.0,False,False,False,False,False,True,False,False,False,1,False,False,베이스 없음
20261002,002210,동성제약,KOSPI,1300,30877,1542.0,1812.0,1845.0,1116.0,2525.0,16.5,48.5,11.0,False,False,False,False,False,False,False,False,False,0,False,False,베이스 없음
20261002,004060,SG세계물산,KOSPI,2095,66341,2308.0,3471.0,3521.0,2020.0,9030.0,3.7,76.8,11.0,False,False,False,False,False,False,False,False,False,0,False,False,베이스 없음
20261002,006890,태경케미컬,KOSPI,4855,11125,5248.0,6835.0,7094.0,4780.0,11640.0,1.6,58.3,11.0,False,False,False,False,False,False,False,False,False,0,False,False,베이스 없음
20261002,008830,대동기어,KOSDAQ,6420,169079,6424.0,9862.0,10431.0,5453.0,18803.0,17.7,65.9,11.0,False,False,False,False,False,False,False,False,False,0,False,False,베이스 없음
20261002,025320,시노펙스,KOSDAQ,3995,413794,3871.0,4870.0,5279.0,2990.0,8330.0,33.6,52.0,11.0,False,False,False,False,False,True,False,False,True,2,False,False,베이스 없음
20261002,044340,위닉스,KOSDAQ,2930,103204,3756.0,4313.0,4581.0,2640.0,6600.0,11.0,55.6,11.0,False,False,False,False,False,False,False,False,False,0,False,False,베이스 없음
20261002,047560,이스트소프트,KOSDAQ,7850,31611,7796.0,10505.0,12240.0,6800.0,23350.0,15.4,66.4,11.0,True,False,False,False,False,False,False,False,True,1,False,False,베이스 없음
20261002,051780,큐로홀딩스,KOSDAQ,2455,45554,2657.0,3227.0,3757.0,1900.0,10050.0,29.2,75.6,11.0,False,False,False,False,False,True,False,False,False,1,False,False,Stage2 아님
20261002,095720,웅진씽크빅,KOSPI,1205,32016,1238.0,1654.0,1860.0,1055.0,3436.0,14.2,64.9,11.0,False,False,False,False,False,False,False,False,False,0,False,False,베이스 없음
20261002,098070,한텍,KOSDAQ,23400,39929,24903.0,33118.0,33568.0,20800.0,62200.0,12.5,62.4,11.0,False,False,False,False,False,False,False,False,False,0,False,False,베이스 없음
20261002,109960,앱토크롬,KOSDAQ,1867,4760,1788.0,2384.0,3002.0,1430.0,7403.0,30.6,74.8,11.0,False,False,False,False,False,True,False,False,True,2,False,False,베이스 없음
20261002,128540,에코캡,KOSDAQ,1080,24365,1188.0,1525.0,1681.0,1018.0,3325.0,6.1,67.5,11.0,False,False,False,False,False,False,False,False,False,0,False,False,베이스 없음
20261002,177900,쓰리에이로직스,KOSDAQ,3760,15945,3842.0,5187.0,5473.0,2700.0,8770.0,39.3,57.1,11.0,False,False,False,False,False,True,False,False,False,1,False,False,Stage2 아님
20261002,191420,테고사이언스,KOSDAQ,7240,3476,7205.0,9478.0,10843.0,5230.0,19370.0,38.4,62.6,11.0,False,False,False,False,False,True,False,False,True,2,False,False,베이스 없음
20261002,241590,화승엔터프라이즈,KOSPI,2750,20771,2969.0,3752.0,4094.0,2625.0,6870.0,4.8,60.0,11.0,False,False,False,False,False,False,False,False,False,0,False,False,베이스 없음
20261002,290660,다이나믹솔루션,KOSDAQ,1291,237028,1677.0,1879.0,1817.0,1200.0,3480.0,7.6,62.9,11.0,False,False,True,False,False,False,False,False,False,1,False,False,1 형성중
20261002,290690,아리바이오홀딩스,KOSDAQ,3070,1153586,4017.0,4111.0,4162.0,2700.0,7170.0,13.7,57.2,11.0,False,False,False,False,False,False,False,False,False,0,False,False,1 형성중
20261002,317830,에스피시스템스,KOSDAQ,4970,47793,4673.0,7296.0,8777.0,3500.0,17300.0,42.0,71.3,11.0,False,False,False,False,False,True,False,False,True,2,False,False,베이스 없음
20261002,322310,오로스테크놀로지,KOSDAQ,16340,158544,13884.0,23620.0,23948.0,10910.0,52000.0,49.8,68.6,11.0,False,False,False,False,False,True,False,False,True,2,False,False,베이스 없음
20261002,338220,뷰노,KOSDAQ,8390,301982,6740.0,10942.0,13634.0,4235.0,28350.0,98.1,70.4,11.0,True,False,False,False,False,True,False,False,True,2,False,False,베이스 없음
20261002,357550,석경에이티,KOSDAQ,32600,3865,33051.0,43648.0,48321.0,28650.0,75300.0,13.8,56.7,11.0,False,False,False,False,False,False,False,False,False,0,False,False,베이스 없음
20261002,357880,SKAI,KOSDAQ,1735,964146,1935.0,3068.0,2739.0,1413.0,6160.0,22.8,71.8,11.0,False,False,True,True,False,False,False,False,False,2,False,False,1 형성중
20261002,373110,엑셀세라퓨틱스,KOSDAQ,1017,71927,1143.0,1323.0,1405.0,951.0,3556.0,6.9,71.4,11.0,False,False,False,False,False,False,False,False,False,0,False,False,Stage2 아님
20261002,382150,온코크로스,KOSDAQ,3750,26045,3456.0,5327.0,6370.0,2235.0,14490.0,67.8,74.1,11.0,True,False,False,False,False,True,False,False,True,2,False,False,Stage2 아님
20261002,440320,오픈놀,KOSDAQ,2085,16605,2246.0,2903.0,3120.0,1627.0,5300.0,28.1,60.7,11.0,False,False,False,False,False,True,False,False,False,1,False,False,베이스 없음
20261002,450950,아스테라시스,KOSDAQ,6350,100373,5535.0,8298.0,9546.0,4050.0,17480.0,56.8,63.7,11.0,True,False,False,False,False,True,False,False,True,2,False,False,베이스 없음
20261002,010780,아이에스동서,KOSPI,14660,92025,16587.0,23410.0,23579.0,14320.0,34450.0,2.4,57.4,10.0,False,False,False,False,False,False,False,False,False,0,False,False,1 형성중
20261002,017370,우신시스템,KOSPI,3585,7883,3717.0,4799.0,5205.0,3310.0,7430.0,8.3,51.7,10.0,False,False,False,False,False,False,False,False,False,0,False,False,베이스 없음
20261002,017960,한국카본,KOSPI,20650,115348,22331.0,33144.0,33264.0,18530.0,54100.0,11.4,61.8,10.0,False,False,False,False,False,False,False,False,False,0,False,False,베이스 없음
20261002,025950,동신건설,KOSDAQ,10090,18664,10337.0,13133.0,14464.0,8170.0,30200.0,23.5,66.6,10.0,False,False,False,False,False,False,False,False,False,0,False,False,베이스 없음
20261001,043610,KT지니뮤직,KOSDAQ,1068,269110,1229.0,1485.0,1586.0,1048.0,2075.0,1.9,48.5,10.0,False,False,False,False,False,False,False,False,False,0,False,False,Stage2 아님
20261002,052220,iMBC,KOSDAQ,1659,35417,1746.0,2368.0,2584.0,1310.0,3830.0,26.6,56.7,10.0,False,False,False,False,False,True,False,False,False,1,False,False,베이스 없음
20261002,060230,제이케이시냅스,KOSDAQ,1379,175194,1316.0,1717.0,2022.0,902.0,5510.0,52.9,75.0,10.0,True,False,False,False,False,True,False,False,True,2,False,False,베이스 없음
20261002,060560,HC홈센타,KOSDAQ,1915,10002,1926.0,2656.0,2888.0,1682.0,4440.0,13.9,56.9,10.0,False,False,False,False,False,False,False,False,False,0,False,False,베이스 없음
20261002,061250,화일약품,KOSDAQ,6410,11903,8132.0,8679.0,9270.0,6210.0,13800.0,3.2,53.6,10.0,False,False,False,False,False,False,False,False,False,0,False,False,Stage2 아님
20261002,066910,손오공,KOSDAQ,1789,29979,1929.0,2607.0,2739.0,1562.0,5110.0,14.5,65.0,10.0,False,False,False,False,False,False,False,False,False,0,False,False,베이스 없음
20261002,071950,코아스,KOSPI,1628,47979,1773.0,1892.0,2375.0,1317.0,6900.0,23.6,76.4,10.0,False,False,False,False,False,False,False,False,False,0,False,False,베이스 없음
20261002,077970,STX엔진,KOSPI,22750,76206,24417.0,32864.0,33594.0,18830.0,67700.0,20.8,66.4,10.0,False,False,False,False,False,False,False,False,False,0,False,False,베이스 없음
20261002,079000,와토스코리아,KOSDAQ,3595,2659,4076.0,6022.0,6266.0,3570.0,13400.0,0.7,73.2,10.0,False,False,False,False,False,False,False,False,False,0,False,False,1 형성중
20261002,084110,휴온스글로벌,KOSDAQ,22900,14922,23681.0,38863.0,41926.0,20100.0,76700.0,13.9,70.1,10.0,False,False,False,False,False,False,False,False,False,0,False,False,베이스 없음
20261002,118000,메타케어,KOSPI,1233,11958,1313.0,1748.0,2065.0,1001.0,4090.0,23.2,69.9,10.0,False,False,False,False,False,False,False,False,False,0,False,False,1 형성중
20261002,160550,NEW,KOSDAQ,994,91687,1046.0,1376.0,1585.0,950.0,2670.0,4.6,62.8,10.0,False,False,False,False,False,False,False,False,False,0,False,False,베이스 없음
20261002,260930,씨티케이,KOSDAQ,2345,35137,2512.0,3133.0,3466.0,2180.0,6430.0,7.6,63.5,10.0,False,False,False,False,False,False,False,False,False,0,False,False,베이스 없음
20261002,278650,HLB바이오스텝,KOSDAQ,2885,172734,2338.0,4020.0,4817.0,1500.0,10100.0,92.3,71.4,10.0,True,False,False,False,False,True,False,False,True,2,False,False,베이스 없음
20261002,290670,대보마그네틱,KOSDAQ,5590,24715,5308.0,7990.0,9317.0,3600.0,18870.0,55.3,70.4,10.0,True,False,False,False,False,True,False,False,True,2,False,False,베이스 없음
20261002,301300,바이브컴퍼니,KOSDAQ,1591,35831,1898.0,2036.0,2344.0,901.0,4830.0,76.6,67.1,10.0,False,False,False,False,False,True,False,False,False,1,False,False,베이스 없음
20261002,306040,에스제이그룹,KOSDAQ,1965,261141,1716.0,4060.0,5351.0,1352.0,14800.0,45.3,86.7,10.0,True,False,False,False,False,True,False,False,True,2,False,False,베이스 없음
20261002,311390,네오크레마,KOSDAQ,2500,8116,2418.0,3345.0,3867.0,1983.0,10900.0,26.1,77.1,10.0,False,False,False,False,False,True,False,False,True,2,False,False,베이스 없음
20261002,348150,고바이오랩,KOSDAQ,3000,16316,2971.0,3984.0,4452.0,2310.0,8730.0,29.9,65.6,10.0,False,False,False,False,False,True,False,False,True,2,False,False,베이스 없음
20261002,376300,디어유,KOSDAQ,18790,90537,18754.0,25325.0,28311.0,16680.0,47850.0,12.6,60.7,10.0,False,False,False,False,False,False,False,False,True,1,False,False,베이스 없음
20261002,388610,지에프씨생명과학,KOSDAQ,5480,11691,5656.0,7382.0,8892.0,4460.0,22400.0,22.9,75.5,10.0,False,False,False,False,False,False,False,False,False,0,False,False,베이스 없음
20261002,424870,이뮨온시아,KOSDAQ,3435,1195133,3056.0,5027.0,6559.0,2300.0,15499.0,49.3,77.8,10.0,True,False,False,False,False,True,False,False,True,2,False,False,Stage2 아님
20261002,452160,제이엔비,KOSDAQ,3110,9009,3147.0,4376.0,4928.0,2825.0,9600.0,10.1,67.6,10.0,False,False,False,False,False,False,False,False,False,0,False,False,베이스 없음
20261002,900250,크리스탈신소재,KOSDAQ,1244,84834,1157.0,1760.0,2014.0,900.0,3434.0,38.2,63.8,10.0,True,False,False,False,False,True,False,False,True,2,False,False,베이스 없음
20260323,008600,윌비스,KOSPI,2620,59972,3083.0,3356.0,3672.0,2500.0,11593.0,4.8,77.4,9.0,False,False,False,False,False,False,False,False,False,0,False,False,베이스 없음
20261002,013890,지누스,KOSPI,6890,13625,7810.0,9742.0,10408.0,6730.0,17090.0,2.4,59.7,9.0,False,False,False,False,False,False,False,False,False,0,False,False,1 형성중
20261002,019660,글로본,KOSDAQ,1439,9981,1554.0,1957.0,2111.0,1366.0,3345.0,5.3,57.0,9.0,False,False,False,False,False,False,False,False,False,0,False,False,베이스 없음
20261002,024940,PN풍년,KOSDAQ,2030,13941,1979.0,2779.0,3377.0,1778.0,6000.0,14.2,66.2,9.0,True,False,False,False,False,False,False,False,True,1,False,False,베이스 없음
20261002,025620,차AI헬스케어,KOSPI,5200,12936,4760.0,6906.0,8012.0,3795.0,19780.0,37.0,73.7,9.0,False,False,False,False,False,True,False,False,True,2,False,False,베이스 없음
20261002,032350,롯데관광개발,KOSPI,10910,1301611,12311.0,16218.0,17951.0,10150.0,27700.0,7.5,60.6,9.0,False,False,False,False,False,False,False,False,False,0,False,False,1 형성중
20261002,032860,더라미,KOSDAQ,2935,11614,3117.0,4509.0,5256.0,2525.0,9875.0,16.2,70.3,9.0,False,False,False,False,False,False,False,False,False,0,False,False,베이스 없음
20261002,037270,YG PLUS,KOSPI,3100,79090,3220.0,4187.0,4882.0,2715.0,9000.0,14.2,65.6,9.0,False,False,False,False,False,False,False,False,False,0,False,False,베이스 없음
20261002,053030,바이넥스,KOSDAQ,6490,43273,6683.0,8996.0,10516.0,5500.0,18860.0,18.0,65.6,9.0,False,False,False,False,False,False,False,False,False,0,False,False,베이스 없음
20261002,071970,HD현대마린엔진,KOSPI,49050,98826,53231.0,68844.0,73924.0,46500.0,118200.0,5.5,58.5,9.0,False,False,False,False,False,False,False,False,False,0,False,False,베이스 없음
20261002,088340,유라클,KOSDAQ,6430,9246,6813.0,9220.0,10458.0,5390.0,21450.0,19.3,70.0,9.0,False,False,False,False,False,False,False,False,False,0,False,False,Stage2 아님
20261002,096630,에스코넥,KOSDAQ,1676,33900,1846.0,2780.0,2945.0,1276.0,5500.0,31.3,69.5,9.0,False,False,False,False,False,True,False,False,False,1,False,False,1 형성중
20261002,101140,인바이오젠,KOSPI,5230,7795,5201.0,6896.0,7996.0,4255.0,14300.0,22.9,63.4,9.0,False,False,False,False,False,False,False,False,True,1,False,False,베이스 없음
20261002,109740,디에스케이,KOSDAQ,4035,9421,4316.0,5127.0,5675.0,3845.0,9100.0,4.9,55.7,9.0,False,False,False,False,False,False,False,False,False,0,False,False,베이스 없음
20261002,112040,위메이드,KOSDAQ,15660,65240,15631.0,18955.0,21128.0,12570.0,34850.0,24.6,55.1,9.0,False,False,False,False,False,False,False,False,True,1,False,False,베이스 없음
20261002,127980,화인써키트,KOSDAQ,2825,11749,2813.0,4133.0,4529.0,2405.0,7810.0,17.5,63.8,9.0,False,False,False,False,False,False,False,False,True,1,False,False,Stage2 아님
20261002,249420,일동제약,KOSPI,14530,136276,14559.0,21045.0,25255.0,11250.0,45050.0,29.2,67.7,9.0,True,False,False,False,False,True,False,False,False,1,False,False,베이스 없음
20261002,297570,아틀라스링크,KOSDAQ,3795,4364,4254.0,6085.0,5994.0,3505.0,11450.0,8.3,66.9,9.0,False,False,True,False,False,False,False,False,False,1,False,False,베이스 없음
20261002,323990,박셀바이오,KOSDAQ,4315,48792,4236.0,5792.0,6810.0,3350.0,11520.0,28.8,62.5,9.0,True,False,False,False,False,True,False,False,True,2,False,False,베이스 없음
20261002,340360,다보링크,KOSDAQ,883,122935,907.0,1264.0,1315.0,525.0,2385.0,68.2,63.0,9.0,False,False,False,False,False,True,False,False,False,1,False,False,1 형성중
20261002,347770,핌스,KOSDAQ,837,127901,918.0,1274.0,1228.0,796.0,2530.0,5.2,66.9,9.0,False,False,True,False,False,False,False,False,False,1,False,False,베이스 없음
20261002,365330,에스와이스틸텍,KOSDAQ,1642,439858,1507.0,2476.0,2735.0,1110.0,4635.0,47.9,64.6,9.0,True,False,False,False,False,True,False,False,True,2,False,False,베이스 없음
20261002,419120,산돌,KOSDAQ,2280,24415,2323.0,3121.0,3384.0,1969.0,6090.0,15.8,62.6,9.0,False,False,False,False,False,False,False,False,False,0,False,False,베이스 없음
20261002,443250,레뷰코퍼레이션,KOSDAQ,5200,3478,5726.0,7251.0,8173.0,4650.0,12250.0,11.8,57.6,9.0,False,False,False,False,False,False,False,False,False,0,False,False,베이스 없음
20261002,463480,모티브링크,KOSDAQ,3915,5589,3991.0,5703.0,6438.0,2590.0,11860.0,51.2,67.0,9.0,False,False,False,False,False,True,False,False,False,1,False,False,Stage2 아님
20261002,464500,아이언디바이스,KOSDAQ,1688,126723,1721.0,2556.0,2738.0,1125.0,4965.0,50.0,66.0,9.0,False,False,False,False,False,True,False,False,False,1,False,False,베이스 없음
20261002,473980,노머스,KOSDAQ,10320,15201,10967.0,13929.0,16390.0,8740.0,36950.0,18.1,72.1,9.0,False,False,False,False,False,False,False,False,False,0,False,False,Stage2 아님
20261002,001380,SG글로벌,KOSPI,1190,349660,1282.0,1788.0,2183.0,1009.0,3989.0,17.9,70.2,8.0,False,False,False,False,False,False,False,False,False,0,False,False,베이스 없음
20261002,006370,대구백화점,KOSPI,3020,54640,4064.0,4695.0,4869.0,2805.0,7220.0,7.7,58.2,8.0,False,False,False,False,False,False,False,False,False,0,False,False,베이스 없음
20250319,009440,KC그린홀딩스,KOSPI,756,24106,892.0,939.0,1161.0,705.0,3160.0,7.2,76.1,8.0,False,False,False,False,False,False,False,False,False,0,False,False,베이스 없음
20261002,035900,JYP Ent.,KOSDAQ,37500,151068,41083.0,52951.0,57324.0,36950.0,88500.0,1.5,57.6,8.0,False,False,False,False,False,False,False,False,False,0,False,False,베이스 없음
20261002,042940,상지건설,KOSDAQ,5420,15239,5678.0,7351.0,8222.0,4736.0,16000.0,14.4,66.1,8.0,False,False,False,False,False,False,False,False,False,0,False,False,Stage2 아님
20261002,064350,현대로템,KOSPI,115800,441757,131726.0,179427.0,185578.0,110100.0,282000.0,5.2,58.9,8.0,False,False,False,False,False,False,False,False,False,0,False,False,베이스 없음
20261002,067160,SOOP,KOSDAQ,36300,25685,40313.0,50275.0,54922.0,35900.0,77700.0,1.1,53.3,8.0,False,False,False,False,False,False,False,False,False,0,False,False,1 형성중
20261002,069410,엔텔스,KOSDAQ,2545,18023,2758.0,3822.0,4147.0,2200.0,5930.0,15.7,57.1,8.0,False,False,False,False,False,False,False,False,False,0,False,False,베이스 없음
20261002,075580,세진중공업,KOSPI,10010,111307,10551.0,14365.0,15456.0,8500.0,25350.0,17.8,60.5,8.0,False,False,False,False,False,False,False,False,False,0,False,False,베이스 없음
20261002,089150,케이씨티,KOSDAQ,1643,17870,1780.0,2430.0,2524.0,1463.0,4480.0,12.3,63.3,8.0,False,False,False,False,False,False,False,False,False,0,False,False,베이스 없음
20261002,111710,남화산업,KOSDAQ,3140,8127,3123.0,3703.0,3849.0,2600.0,7820.0,20.8,59.8,8.0,False,False,False,False,False,False,False,False,True,1,False,False,Stage2 아님
20261002,131100,티엔엔터테인먼트,KOSDAQ,3190,108139,2463.0,4491.0,5035.0,2095.0,8240.0,52.3,61.3,8.0,True,False,False,False,False,True,False,False,True,2,False,False,베이스 없음
20261002,220100,퓨쳐켐,KOSDAQ,7150,64716,6727.0,10874.0,13595.0,5341.0,28273.0,33.9,74.7,8.0,True,False,False,False,False,True,False,False,True,2,False,False,베이스 없음
20261002,255220,SG,KOSDAQ,1105,1834281,1219.0,1827.0,1996.0,1035.0,3397.0,6.8,67.5,8.0,False,False,False,False,False,False,False,False,False,0,False,False,1 형성중
20260206,263050,유틸렉스,KOSDAQ,959,9848152,979.0,1445.0,1448.0,650.0,3200.0,47.5,70.0,8.0,False,False,False,False,False,True,False,False,False,1,False,False,Stage2 아님
20261002,298060,풍전약품,KOSDAQ,2330,8594,2497.0,3279.0,3615.0,2240.0,6500.0,4.0,64.2,8.0,False,False,False,False,False,False,False,False,False,0,False,False,베이스 없음
20261002,347850,디앤디파마텍,KOSDAQ,43600,425458,52462.0,71071.0,75936.0,38989.0,116600.0,11.8,62.6,8.0,False,False,False,False,False,False,False,False,False,0,False,False,1 형성중
20261002,348370,엔켐,KOSDAQ,22900,268941,20681.0,33511.0,42846.0,14020.0,105000.0,63.3,78.2,8.0,False,False,False,False,False,True,False,False,True,2,False,False,베이스 없음
20261002,352820,하이브,KOSPI,155400,144963,175950.0,231358.0,259834.0,153300.0,405500.0,1.4,61.7,8.0,False,False,False,False,False,False,False,False,False,0,False,False,베이스 없음
20261002,370090,퓨런티어,KOSDAQ,6190,15038,6239.0,9495.0,10895.0,4415.0,18930.0,40.2,67.3,8.0,False,False,False,False,False,True,False,False,False,1,False,False,베이스 없음
20261002,372320,큐로셀,KOSDAQ,23150,31345,23800.0,36324.0,39278.0,20650.0,66000.0,12.1,64.9,8.0,False,False,False,False,False,False,False,False,False,0,False,False,베이스 없음
20261002,407400,꿈비,KOSDAQ,1969,23800,1999.0,2952.0,3418.0,1633.0,6110.0,20.6,67.8,8.0,False,False,False,False,False,False,False,False,False,0,False,False,베이스 없음
20261002,417180,핑거스토리,KOSDAQ,3830,3366,4185.0,5773.0,6565.0,3110.0,12532.0,23.2,69.4,8.0,False,False,False,False,False,False,False,False,False,0,False,False,1 형성중
20261002,455180,케이지에이,KOSDAQ,1276,67128,1438.0,2074.0,2441.0,1182.0,6340.0,8.0,79.9,8.0,False,False,False,False,False,False,False,False,False,0,False,False,Stage2 아님
20261002,463020,뉴엔AI,KOSDAQ,6900,50954,8427.0,10265.0,11811.0,5450.0,30950.0,26.6,77.7,8.0,False,False,False,False,False,True,False,False,False,1,False,False,Stage2 아님
20261002,475660,에스켐,KOSDAQ,3000,9569,3293.0,4328.0,4632.0,2750.0,8500.0,9.1,64.7,8.0,False,False,False,False,False,False,False,False,False,0,False,False,베이스 없음
20261002,900340,윙입푸드,KOSDAQ,1272,64313,1376.0,1996.0,2281.0,905.0,4807.0,40.6,73.5,8.0,False,False,False,False,False,True,False,False,False,1,False,False,베이스 없음
20261002,000890,보해양조,KOSPI,1322,93259,1358.0,1780.0,1867.0,1230.0,4390.0,7.5,69.9,7.0,False,False,False,False,False,False,False,False,False,0,False,False,베이스 없음
20261002,004870,티웨이홀딩스,KOSPI,985,43965,1105.0,1353.0,1579.0,734.0,2797.0,34.2,64.8,7.0,False,False,False,False,False,True,False,False,False,1,False,False,베이스 없음
20251121,019490,엑시큐어하이트론,KOSPI,541,629091,655.0,692.0,705.0,530.0,3760.0,2.1,85.6,7.0,False,False,False,False,False,False,False,False,False,0,False,False,1 형성중
20261002,019680,대교,KOSPI,1623,13388,1884.0,2398.0,2699.0,1573.0,4500.0,3.2,63.9,7.0,False,False,False,False,False,False,False,False,False,0,False,False,베이스 없음
20261002,019685,대교우B,KOSPI,982,9139,1190.0,1601.0,1800.0,900.0,2640.0,9.1,62.8,7.0,False,False,False,False,False,False,False,False,False,0,False,False,Stage2 아님
20261002,035620,바른손이앤에이,KOSDAQ,608,274915,723.0,912.0,1064.0,555.0,2188.0,9.5,72.2,7.0,False,False,False,False,False,False,False,False,False,0,False,False,1 형성중
20261002,057680,티사이언티픽,KOSDAQ,1728,14518,1681.0,2353.0,2798.0,1435.0,7303.0,20.4,76.3,7.0,True,False,False,False,False,False,False,False,True,1,False,False,베이스 없음
20261002,065500,오리엔트정공,KOSDAQ,1008,97237,1124.0,1611.0,1825.0,945.0,3420.0,6.7,70.5,7.0,False,False,False,False,False,False,False,False,False,0,False,False,베이스 없음
20261002,082850,우리바이오,KOSDAQ,4590,24995,4680.0,7207.0,7937.0,3560.0,12900.0,28.9,64.4,7.0,False,False,False,False,False,True,False,False,False,1,False,False,베이스 없음
20261002,087010,펩트론,KOSDAQ,130600,212922,157534.0,218278.0,228586.0,98000.0,392500.0,33.3,66.7,7.0,False,False,False,False,False,True,False,False,False,1,False,False,1 형성중
20261002,100090,SK오션플랜트,KOSPI,12030,320634,13127.0,17516.0,17957.0,11010.0,31600.0,9.3,61.9,7.0,False,False,False,False,False,False,False,False,False,0,False,False,베이스 없음
20261002,103840,우양,KOSDAQ,1572,22820,1717.0,2364.0,2562.0,1557.0,4965.0,1.0,68.3,7.0,False,False,False,False,False,False,False,False,False,0,False,False,베이스 없음
20261002,148250,알엔투테크놀로지,KOSDAQ,1991,27620,1859.0,2691.0,2918.0,1311.0,9770.0,51.9,79.6,7.0,True,False,False,False,False,True,False,False,True,2,False,False,베이스 없음
20261002,175250,아이큐어,KOSDAQ,1665,82686,2427.0,2722.0,2759.0,1515.0,3300.0,9.9,49.5,7.0,False,False,False,False,False,False,False,False,False,0,False,False,베이스 없음
20261002,194480,데브시스터즈,KOSDAQ,14030,38392,16673.0,21241.0,24351.0,13100.0,58200.0,7.1,75.9,7.0,False,False,False,False,False,False,False,False,False,0,False,False,베이스 없음
20261002,214150,클래시스,KOSDAQ,30850,180104,35996.0,46004.0,49879.0,29700.0,77600.0,3.9,60.2,7.0,False,False,False,False,False,False,False,False,False,0,False,False,베이스 없음
20261002,214370,케어젠,KOSDAQ,42500,51643,51083.0,78519.0,81114.0,38800.0,153800.0,9.5,72.4,7.0,False,False,False,False,False,False,False,False,False,0,False,False,베이스 없음
20261002,237820,플레이디,KOSDAQ,2390,22456,2397.0,3439.0,3698.0,2115.0,5400.0,13.0,55.7,7.0,False,False,False,False,False,False,False,False,False,0,False,False,베이스 없음
20250814,284620,카이노스메드,KOSDAQ,1087,883908,1105.0,1339.0,1940.0,960.0,6000.0,13.2,81.9,7.0,False,False,False,False,False,False,False,False,False,0,False,False,베이스 없음
20261002,311690,CJ 바이오사이언스,KOSDAQ,3770,6703,3796.0,5628.0,6456.0,3060.0,10290.0,23.2,63.4,7.0,False,False,False,False,False,False,False,False,False,0,False,False,Stage2 아님
20261002,314930,바이오다인,KOSDAQ,6840,12713,7473.0,9813.0,10769.0,6460.0,16860.0,5.9,59.4,7.0,False,False,False,False,False,False,False,False,False,0,False,False,베이스 없음
20261002,337930,젝시믹스,KOSDAQ,2370,26378,2725.0,3484.0,3930.0,2315.0,6330.0,2.4,62.6,7.0,False,False,False,False,False,False,False,False,False,0,False,False,베이스 없음
20261002,342870,오아,KOSDAQ,3575,3723,3746.0,5122.0,5760.0,3310.0,14000.0,8.0,74.5,7.0,False,False,False,False,False,False,False,False,False,0,False,False,Stage2 아님
20261002,351330,이삭엔지니어링,KOSDAQ,3470,15557,3527.0,5466.0,6308.0,2905.0,10730.0,19.4,67.7,7.0,False,False,False,False,False,False,False,False,False,0,False,False,베이스 없음
20261002,369370,블리츠웨이엔터테인먼트,KOSDAQ,3070,3706,3577.0,4838.0,5409.0,2880.0,10250.0,6.6,70.0,7.0,False,False,False,False,False,False,False,False,False,0,False,False,베이스 없음
20261002,900110,딥커머스,KOSDAQ,5850,4183,5834.0,9088.0,10809.0,4909.0,33417.0,19.2,82.5,7.0,False,False,False,False,False,False,False,False,True,1,False,False,베이스 없음
20260824,900120,씨엑스아이,KOSDAQ,1040,170748,1106.0,1439.0,1593.0,709.0,2939.0,46.7,64.6,7.0,False,False,False,False,False,True,False,False,False,1,False,False,베이스 없음
20261002,000040,KR모터스,KOSPI,1009,27193,1231.0,1637.0,1787.0,953.0,3000.0,5.9,66.4,6.0,False,False,False,False,False,False,False,False,False,0,False,False,베이스 없음
20261002,034230,파라다이스,KOSPI,9390,294435,9788.0,13400.0,14497.0,9060.0,24000.0,3.6,60.9,6.0,False,False,False,False,False,False,False,False,False,0,False,False,베이스 없음
20261002,037330,인지디스플레,KOSDAQ,684,49877,755.0,1103.0,1187.0,673.0,1589.0,1.6,57.0,6.0,False,False,False,False,False,False,False,False,False,0,False,False,베이스 없음
20260910,050110,캠시스,KOSDAQ,1079,201077,987.0,1576.0,1854.0,724.0,4330.0,49.0,75.1,6.0,True,False,False,False,False,True,False,False,True,2,False,False,Stage2 아님
20261002,051980,중앙첨단소재,KOSDAQ,10220,194461,9822.0,14487.0,17384.0,8050.0,43550.0,27.0,76.5,6.0,False,False,False,False,False,True,False,False,True,2,False,False,베이스 없음
20261002,060260,뉴보텍,KOSDAQ,809,44349,1103.0,1240.0,1214.0,782.0,1880.0,3.5,57.0,6.0,False,False,True,False,False,False,False,False,False,1,False,False,베이스 없음
20261002,065660,안트로젠,KOSDAQ,15130,9683,15521.0,27295.0,30648.0,13500.0,61800.0,12.1,75.5,6.0,False,False,False,False,False,False,False,False,False,0,False,False,베이스 없음
20261002,072770,멤레이비티,KOSDAQ,651,311673,836.0,1117.0,1259.0,601.0,2920.0,8.3,77.7,6.0,False,False,False,False,False,False,False,False,False,0,False,False,베이스 없음
20261002,078860,아이오케이이엔엠,KOSDAQ,2890,6331,2826.0,3710.0,5718.0,2215.0,17460.0,30.5,83.4,6.0,True,False,False,False,False,True,False,False,True,2,False,False,베이스 없음
20261002,083660,CSA 코스믹,KOSDAQ,1401,41372,1564.0,1916.0,2349.0,1310.0,9069.0,6.9,84.6,6.0,False,False,False,False,False,False,False,False,False,0,False,False,베이스 없음
20261002,090410,덕신이피씨,KOSDAQ,3400,13264,3749.0,4920.0,5286.0,2810.0,7980.0,21.0,57.4,6.0,False,False,False,False,False,False,False,False,False,0,False,False,베이스 없음
20261002,104460,디와이피엔에프,KOSDAQ,6680,6639,7738.0,10882.0,11726.0,6350.0,16600.0,5.2,59.8,6.0,False,False,False,False,False,False,False,False,False,0,False,False,베이스 없음
20260724,145210,다이나믹디자인,KOSPI,2240,0,2240.0,3631.0,4852.0,2050.0,12200.0,9.3,81.6,6.0,False,False,False,False,False,False,False,False,False,0,False,False,베이스 없음
20261002,200230,텔콘RF제약,KOSDAQ,2330,65990,2190.0,3837.0,4881.0,1612.0,11310.0,44.5,79.4,6.0,False,False,False,False,False,True,False,False,True,2,False,False,베이스 없음
20261002,206400,베노티앤알,KOSDAQ,721,973368,823.0,1013.0,1161.0,511.0,2655.0,41.1,72.8,6.0,False,False,False,False,False,True,False,False,False,1,False,False,베이스 없음
20261002,207760,미스터블루,KOSDAQ,2055,7155,2076.0,3455.0,4197.0,1700.0,10425.0,20.9,80.3,6.0,True,False,False,False,False,False,False,False,False,0,False,False,베이스 없음
20261002,208640,썸에이지,KOSDAQ,696,330934,841.0,1223.0,1522.0,630.0,4070.0,10.5,82.9,6.0,False,False,False,False,False,False,False,False,False,0,False,False,1 형성중
20261002,241840,에이스토리,KOSDAQ,2190,9529,2340.0,3662.0,4543.0,1900.0,9630.0,15.3,77.3,6.0,False,False,False,False,False,False,False,False,False,0,False,False,1 형성중
20261002,277410,인산가,KOSDAQ,5560,4846,5594.0,8449.0,9308.0,4920.0,12940.0,13.0,57.0,6.0,False,False,False,False,False,False,False,False,False,0,False,False,베이스 없음
20261002,287840,인투셀,KOSDAQ,18100,20894,18416.0,29020.0,35629.0,13050.0,74900.0,38.7,75.8,6.0,False,False,False,False,False,True,False,False,False,1,False,False,Stage2 아님
20261002,331740,아우토크립트,KOSDAQ,6770,55261,6485.0,11006.0,12527.0,5120.0,22750.0,32.2,70.2,6.0,False,False,False,False,False,True,False,False,True,2,False,False,Stage2 아님
20261002,335870,윙스풋,KOSDAQ,4100,3550,5145.0,7295.0,7840.0,3900.0,12750.0,5.1,67.8,6.0,False,False,False,False,False,False,False,False,False,0,False,False,베이스 없음
20260908,340440,세림B&G,KOSDAQ,756,247470,851.0,1352.0,1381.0,716.0,2900.0,5.6,73.9,6.0,False,False,False,False,False,False,False,False,False,0,False,False,베이스 없음
20261002,355390,크라우드웍스,KOSDAQ,1420,152069,1572.0,2293.0,2649.0,1101.0,6470.0,29.0,78.1,6.0,False,False,False,False,False,True,False,False,False,1,False,False,1 형성중
20261002,380550,뉴로핏,KOSDAQ,8030,92483,7681.0,14072.0,17049.0,5480.0,36700.0,46.5,78.1,6.0,False,False,False,False,False,True,False,False,True,2,False,False,Stage2 아님
20261002,389650,넥스트바이오메디컬,KOSDAQ,31900,21520,33533.0,48267.0,56541.0,28150.0,101000.0,13.3,68.4,6.0,False,False,False,False,False,False,False,False,False,0,False,False,베이스 없음
20261002,456070,이엔셀,KOSDAQ,6060,64469,5857.0,10141.0,11770.0,4800.0,20950.0,26.2,71.1,6.0,False,False,False,False,False,True,False,False,True,2,False,False,베이스 없음
20261002,002025,코오롱우,KOSPI,13020,2031,13255.0,22311.0,23319.0,10990.0,33900.0,18.5,61.6,5.0,False,False,False,False,False,False,False,False,False,0,False,False,베이스 없음
20261002,006200,한국전자홀딩스,KOSPI,1620,93698,1963.0,2935.0,3028.0,1615.0,5590.0,0.3,71.0,5.0,False,False,False,False,False,False,False,False,False,0,False,False,1 형성중
20261002,027830,대성창투,KOSDAQ,686,331235,913.0,1198.0,1302.0,580.0,1856.0,18.3,63.0,5.0,False,False,False,False,False,False,False,False,False,0,False,False,1 형성중
20261002,060480,국일신동,KOSDAQ,857,756975,1293.0,1497.0,1526.0,701.0,1940.0,22.3,55.8,5.0,False,False,False,False,False,False,False,False,False,0,False,False,1 형성중
20261002,067770,세진티에스,KOSDAQ,1031,108866,2208.0,2098.0,2137.0,856.0,2900.0,20.4,64.4,5.0,False,False,False,False,True,False,False,False,False,1,False,False,베이스 없음
20261002,082270,젬백스,KOSDAQ,11240,104350,10709.0,19151.0,22377.0,8980.0,61000.0,25.2,81.6,5.0,True,False,False,False,False,True,False,False,True,2,False,False,베이스 없음
20261002,092040,아미코젠,KOSDAQ,998,154296,1011.0,1362.0,1497.0,787.0,4315.0,26.8,76.9,5.0,False,False,False,False,False,True,False,False,False,1,False,False,Stage2 아님
20261002,095910,에스에너지,KOSDAQ,583,489715,650.0,1278.0,1237.0,530.0,2950.0,10.0,80.2,5.0,False,False,True,False,False,False,False,False,False,1,False,False,베이스 없음
20261002,096250,와이즈넛,KOSDAQ,5670,20907,5845.0,8015.0,8919.0,5010.0,16760.0,13.2,66.2,5.0,False,False,False,False,False,False,False,False,False,0,False,False,Stage2 아님
20261002,136410,아셈스,KOSDAQ,3750,12950,4226.0,5787.0,6759.0,3570.0,11940.0,5.0,68.6,5.0,False,False,False,False,False,False,False,False,False,0,False,False,베이스 없음
20261002,141080,리가켐바이오,KOSDAQ,83000,213253,94784.0,143176.0,151680.0,76900.0,225000.0,7.9,63.1,5.0,False,False,False,False,False,False,False,False,False,0,False,False,베이스 없음
20261002,214680,디알텍,KOSDAQ,3910,23523,4394.0,6600.0,7501.0,3405.0,11825.0,14.8,66.9,5.0,False,False,False,False,False,False,False,False,False,0,False,False,베이스 없음
20261002,219750,한국비티비,KOSDAQ,1735,5779,1701.0,2951.0,3268.0,1502.0,5875.0,15.5,70.5,5.0,False,False,False,False,False,False,False,False,True,1,False,False,Stage2 아님
20261002,226330,신테카바이오,KOSDAQ,1266,53186,1363.0,2188.0,2594.0,976.0,6750.0,29.7,81.2,5.0,False,False,False,False,False,True,False,False,False,1,False,False,베이스 없음
20261002,288620,에스프리즘,KOSDAQ,3910,8256,4035.0,6838.0,7725.0,3400.0,16260.0,15.0,76.0,5.0,False,False,False,False,False,False,False,False,False,0,False,False,1 형성중
20261002,289010,아이스크림에듀,KOSDAQ,680,266943,941.0,1239.0,1355.0,630.0,2060.0,7.9,67.0,5.0,False,False,False,False,False,False,False,False,False,0,False,False,Stage2 아님
20261002,334970,프레스티지바이오로직스,KOSDAQ,1450,83637,1707.0,2032.0,2283.0,1230.0,3850.0,17.9,62.3,5.0,False,False,False,False,False,False,False,False,False,0,False,False,베이스 없음
20261002,338840,와이바이오로직스,KOSDAQ,8570,19971,9031.0,16796.0,18759.0,7230.0,38000.0,18.5,77.4,5.0,False,False,False,False,False,False,False,False,False,0,False,False,베이스 없음
20261002,381970,KG모빌리티플랫폼,KOSPI,6270,13447,6781.0,9354.0,10925.0,5990.0,16970.0,4.7,63.1,5.0,False,False,False,False,False,False,False,False,False,0,False,False,베이스 없음
20261002,389020,자람테크놀로지,KOSDAQ,17180,164716,19696.0,34843.0,36071.0,14450.0,64900.0,18.9,73.5,5.0,False,False,False,False,False,False,False,False,False,0,False,False,베이스 없음
20261002,389470,인벤티지랩,KOSDAQ,28450,106626,28121.0,48425.0,56381.0,22650.0,101700.0,25.6,72.0,5.0,False,False,False,False,False,True,False,False,True,2,False,False,베이스 없음
20261002,408900,스튜디오미르,KOSDAQ,1013,47264,1043.0,1651.0,1967.0,661.0,4620.0,53.3,78.1,5.0,False,False,False,False,False,True,False,False,False,1,False,False,베이스 없음
20261002,419530,SAMG엔터,KOSDAQ,17980,31839,21786.0,28005.0,30778.0,16740.0,66100.0,7.4,72.8,5.0,False,False,False,False,False,False,False,False,False,0,False,False,베이스 없음
20261002,453860,에이에스텍,KOSDAQ,7150,49143,8622.0,11414.0,12579.0,6940.0,22900.0,3.0,68.8,5.0,False,False,False,False,False,False,False,False,False,0,False,False,Stage2 아님
20261002,461030,아이엠비디엑스,KOSDAQ,2925,19762,2986.0,4742.0,5978.0,1910.0,12990.0,53.1,77.5,5.0,False,False,False,False,False,True,False,False,False,1,False,False,Stage2 아님
20261002,484870,엠앤씨솔루션,KOSPI,18520,175198,17235.0,27854.0,32902.0,13010.0,76666.0,42.4,75.8,5.0,False,False,False,False,False,True,False,False,True,2,False,False,Stage2 아님
20261002,900270,헝셩그룹,KOSDAQ,2615,164169,2646.0,4063.0,5352.0,2100.0,13655.0,24.5,80.8,5.0,True,False,False,False,False,False,False,False,False,0,False,False,베이스 없음
20261002,002020,코오롱,KOSPI,23650,23975,25172.0,46696.0,48303.0,20200.0,88200.0,17.1,73.2,4.0,False,False,False,False,False,False,False,False,False,0,False,False,1 형성중
20261002,006490,프리티,KOSPI,1466,91353,1529.0,2472.0,3189.0,1245.0,7253.0,17.8,79.8,4.0,False,False,False,False,False,False,False,False,False,0,False,False,베이스 없음
20261002,007720,소노스퀘어,KOSDAQ,1110,73500,1280.0,1814.0,2201.0,993.0,5580.0,11.8,80.1,4.0,False,False,False,False,False,False,False,False,False,0,False,False,베이스 없음
20261002,011155,CJ씨푸드1우,KOSPI,5580,925,6396.0,10046.0,11440.0,4020.0,18810.0,38.8,70.3,4.0,False,False,False,False,False,True,False,False,False,1,False,False,베이스 없음
20261002,015260,에이엔피,KOSPI,202,2135456,312.0,496.0,480.0,194.0,1077.0,4.1,81.2,4.0,False,False,True,False,False,False,False,False,False,1,False,False,베이스 없음
20260323,023440,제이스코홀딩스,KOSDAQ,521,5780924,738.0,1055.0,1259.0,486.0,2250.0,7.2,76.8,4.0,False,False,False,False,False,False,False,False,False,0,False,False,1 형성중
20250321,030350,드래곤플라이,KOSDAQ,973,238813,1250.0,1605.0,1818.0,859.0,4037.0,13.3,75.9,4.0,False,False,False,False,False,False,False,False,False,0,False,False,Stage2 아님
20261002,033540,파라텍,KOSDAQ,2645,24129,3369.0,4468.0,4891.0,2595.0,8390.0,1.9,68.5,4.0,False,False,False,False,False,False,False,False,False,0,False,False,베이스 없음
20261002,056730,CNT85,KOSDAQ,1185,29825,1347.0,1904.0,2159.0,1131.0,3715.0,4.8,68.1,4.0,False,False,False,False,False,False,False,False,False,0,False,False,1 형성중
20260206,064090,인크레더블버즈,KOSDAQ,798,432525,1276.0,1732.0,2040.0,770.0,4620.0,3.6,82.7,4.0,False,False,False,False,False,False,False,False,False,0,False,False,1 형성중
20260831,065420,에스아이리소스,KOSDAQ,940,0,1333.0,1932.0,2058.0,900.0,3880.0,4.4,75.8,4.0,False,False,False,False,False,False,False,False,False,0,False,False,1 형성중
20261002,065650,하이퍼코퍼레이션,KOSDAQ,1360,60005,1658.0,2849.0,3104.0,1326.0,9370.0,2.6,85.5,4.0,False,False,False,False,False,False,False,False,False,0,False,False,베이스 없음
20261002,065770,CS,KOSDAQ,794,190239,1296.0,1996.0,1893.0,761.0,6354.0,4.3,87.5,4.0,False,False,True,False,False,False,False,False,False,1,False,False,1 형성중
20260316,068240,다원시스,KOSDAQ,2530,553526,2680.0,4319.0,5366.0,2015.0,10700.0,25.6,76.4,4.0,False,False,False,False,False,True,False,False,False,1,False,False,베이스 없음
20260522,069460,대호에이엘,KOSPI,2660,0,2698.0,5728.0,6506.0,2510.0,10025.0,6.0,73.5,4.0,False,False,False,False,False,False,False,False,False,0,False,False,베이스 없음
20261002,091810,트리니티항공,KOSPI,2615,29986,2877.0,4015.0,4774.0,2465.0,9210.0,6.1,71.6,4.0,False,False,False,False,False,False,False,False,False,0,False,False,베이스 없음
20261002,099220,SDN,KOSDAQ,5360,11011,5773.0,9551.0,9940.0,4630.0,15680.0,15.8,65.8,4.0,False,False,False,False,False,False,False,False,False,0,False,False,베이스 없음
20261002,123840,뉴온,KOSDAQ,1800,16038,1761.0,3801.0,5462.0,1355.0,14010.0,32.8,87.2,4.0,False,False,False,False,False,True,False,False,True,2,False,False,베이스 없음
20260908,131400,이브이첨단소재,KOSDAQ,766,1700119,828.0,1358.0,1405.0,580.0,2440.0,32.1,68.6,4.0,False,False,False,False,False,True,False,False,False,1,False,False,Stage2 아님
20261002,131760,파인텍,KOSDAQ,1240,90380,1575.0,2919.0,3147.0,1100.0,10200.0,12.7,87.8,4.0,False,False,False,False,False,False,False,False,False,0,False,False,베이스 없음
20261002,195990,루트K,KOSDAQ,1129,9594,1261.0,1953.0,2394.0,1052.0,7656.0,7.3,85.3,4.0,False,False,False,False,False,False,False,False,False,0,False,False,베이스 없음
20260323,214610,롤링스톤,KOSDAQ,2290,32326,3086.0,3862.0,4336.0,2255.0,9825.0,1.6,76.7,4.0,False,False,False,False,False,False,False,False,False,0,False,False,Stage2 아님
20261002,223310,사토시홀딩스,KOSDAQ,2980,29829,3383.0,6117.0,7176.0,2350.0,19220.0,26.8,84.5,4.0,False,False,False,False,False,True,False,False,False,1,False,False,베이스 없음
20261002,239340,이스트에이드,KOSDAQ,2350,19491,2987.0,4982.0,5794.0,2230.0,12725.0,5.4,81.5,4.0,False,False,False,False,False,False,False,False,False,0,False,False,1 형성중
20261002,322780,코퍼스코리아,KOSDAQ,1686,149824,1939.0,2043.0,2696.0,1213.0,11000.0,39.0,84.7,4.0,False,False,False,False,False,True,False,False,False,1,False,False,1 형성중
20250403,352770,셀레스트라,KOSDAQ,5250,320768,7940.0,9470.0,12707.0,4245.0,33975.0,23.7,84.5,4.0,False,False,False,False,False,False,False,False,False,0,False,False,베이스 없음
20261002,446840,지슨,KOSDAQ,3485,15992,3231.0,5237.0,6082.0,2390.0,11085.0,45.8,68.6,4.0,False,False,False,False,False,True,False,False,True,2,False,False,베이스 없음
20261002,001527,동양2우B,KOSPI,5100,1065,6378.0,11701.0,13262.0,4950.0,33040.0,3.0,84.6,3.0,False,False,False,False,False,False,False,False,False,0,False,False,베이스 없음
20261002,001770,SHD,KOSPI,3925,65628,8757.0,12602.0,13941.0,3400.0,18880.0,15.4,79.2,3.0,False,False,False,False,False,False,False,False,False,0,False,False,베이스 없음
20261002,002820,SUN&L,KOSPI,954,118878,1724.0,2067.0,2175.0,908.0,3100.0,5.1,69.2,3.0,False,False,False,False,False,False,False,False,False,0,False,False,1 형성중
20261002,004415,서울식품우,KOSPI,3800,801,4898.0,8430.0,9437.0,3355.0,15400.0,13.3,75.3,3.0,False,False,False,False,False,False,False,False,False,0,False,False,1 형성중
20261002,004545,깨끗한나라우,KOSPI,3630,471,4193.0,7685.0,8599.0,3035.0,12740.0,19.6,71.5,3.0,False,False,False,False,False,False,False,False,False,0,False,False,Stage2 아님
20261002,009190,대양금속,KOSPI,627,1938032,1418.0,1529.0,1473.0,571.0,2545.0,9.8,75.4,3.0,False,False,True,False,False,False,False,False,False,1,False,False,1 형성중
20260721,011000,진원생명과학,KOSPI,2670,0,4270.0,6166.0,7322.0,2600.0,13425.0,2.7,80.1,3.0,False,False,False,False,False,False,False,False,False,0,False,False,1 형성중
20261002,021880,메이슨캐피탈,KOSDAQ,1171,18927,1244.0,2247.0,2616.0,1044.0,5205.0,12.2,77.5,3.0,False,False,False,False,False,False,False,False,False,0,False,False,베이스 없음
20261002,024890,대원화성,KOSPI,1428,81067,2131.0,3179.0,3391.0,1400.0,5000.0,2.0,71.4,3.0,False,False,False,False,False,False,False,False,False,0,False,False,1 형성중
20261002,044480,빌리언스,KOSDAQ,3090,17324,3914.0,5973.0,6269.0,2900.0,17300.0,6.6,82.1,3.0,False,False,False,False,False,False,False,False,False,0,False,False,1 형성중
20250702,054180,메디콕스,KOSDAQ,2295,848705,2911.0,3948.0,4460.0,1545.0,12690.0,48.5,81.9,3.0,False,False,False,False,False,True,False,False,False,1,False,False,Stage2 아님
20260930,058820,CMG제약,KOSDAQ,562,689859,642.0,1203.0,1383.0,526.0,2205.0,6.8,74.5,3.0,False,False,False,False,False,False,False,False,False,0,False,False,베이스 없음
20261002,065150,대산F&B,KOSDAQ,1180,20051,1468.0,2419.0,2538.0,1120.0,2895.0,5.4,59.2,3.0,False,False,False,False,False,False,False,False,False,0,False,False,베이스 없음
20261002,084650,랩지노믹스,KOSDAQ,2655,57821,3075.0,5177.0,6210.0,2490.0,12725.0,6.6,79.1,3.0,False,False,False,False,False,False,False,False,False,0,False,False,1 형성중
20261002,103230,에스앤더블류,KOSDAQ,1402,89013,2312.0,3025.0,3295.0,1287.0,5000.0,8.9,72.0,3.0,False,False,False,False,False,False,False,False,False,0,False,False,베이스 없음
20261002,105550,엣지파운드리,KOSDAQ,1643,19115,1972.0,3693.0,4678.0,1565.0,12150.0,5.0,86.5,3.0,False,False,False,False,False,False,False,False,False,0,False,False,베이스 없음
20261002,206560,덱스터,KOSDAQ,931,93689,993.0,2109.0,2641.0,781.0,5730.0,19.2,83.8,3.0,False,False,False,False,False,False,False,False,False,0,False,False,Stage2 아님
20261002,210980,SK디앤디,KOSPI,3390,92369,3487.0,6638.0,7152.0,2507.0,9396.0,35.2,63.9,3.0,False,False,False,False,False,True,False,False,False,1,False,False,베이스 없음
20261002,289220,자이언트스텝,KOSDAQ,924,24680,1071.0,2050.0,2607.0,861.0,6430.0,7.3,85.6,3.0,False,False,False,False,False,False,False,False,False,0,False,False,Stage2 아님
20261002,298380,에이비엘바이오,KOSDAQ,51800,266151,69644.0,112551.0,133760.0,47350.0,257500.0,9.4,79.9,3.0,False,False,False,False,False,False,False,False,False,0,False,False,베이스 없음
20261002,303030,지니틱스,KOSDAQ,1055,125566,1680.0,2459.0,2717.0,918.0,5115.0,14.9,79.4,3.0,False,False,False,False,False,False,False,False,False,0,False,False,1 형성중
20260427,348950,제이알글로벌리츠,KOSPI,1182,3450177,1663.0,2465.0,2511.0,1098.0,3085.0,7.7,61.7,3.0,False,False,False,False,False,False,False,False,False,0,False,False,베이스 없음
20261002,365590,하이딥,KOSDAQ,1309,46144,1639.0,2866.0,3526.0,1178.0,8400.0,11.1,84.4,3.0,False,False,False,False,False,False,False,False,False,0,False,False,베이스 없음
20261002,377220,프롬바이오,KOSDAQ,1888,76845,2792.0,4361.0,4958.0,1877.0,9865.0,0.6,80.9,3.0,False,False,False,False,False,False,False,False,False,0,False,False,베이스 없음
20261002,397030,에이프릴바이오,KOSDAQ,16880,1657247,21349.0,42197.0,45096.0,16450.0,76700.0,2.6,78.0,3.0,False,False,False,False,False,False,False,False,False,0,False,False,1 형성중
20261002,403490,우듬지팜,KOSDAQ,2035,7825,2347.0,4140.0,4989.0,1750.0,9550.0,16.3,78.7,3.0,False,False,False,False,False,False,False,False,False,0,False,False,Stage2 아님
20261002,476040,오가노이드사이언스,KOSDAQ,7100,19084,7261.0,14817.0,20105.0,6070.0,48500.0,17.0,85.4,3.0,False,False,False,False,False,False,False,False,False,0,False,False,Stage2 아님
20261002,002785,진흥기업우B,KOSPI,7180,1247,12685.0,24862.0,27729.0,6920.0,50500.0,3.8,85.8,2.0,False,False,False,False,False,False,False,False,False,0,False,False,1 형성중
20261002,006050,국영지앤엠,KOSDAQ,2835,61494,4796.0,8548.0,9684.0,2660.0,16950.0,6.6,83.3,2.0,False,False,False,False,False,False,False,False,False,0,False,False,베이스 없음
20261002,007110,일신석재,KOSPI,2540,368002,3517.0,6052.0,6587.0,2500.0,11700.0,1.6,78.3,2.0,False,False,False,False,False,False,False,False,False,0,False,False,1 형성중
20261002,032685,소프트센우,KOSDAQ,5730,1020,8597.0,19537.0,22943.0,4885.0,41500.0,17.3,86.2,2.0,False,False,False,False,False,False,False,False,False,0,False,False,베이스 없음
20260910,033340,좋은사람들,KOSDAQ,460,20583738,439.0,1171.0,1290.0,255.0,2610.0,80.4,82.4,2.0,False,False,False,False,False,True,False,False,True,2,False,False,1 형성중
20261002,036420,콘텐트리중앙,KOSPI,1584,21783,1588.0,4174.0,5261.0,1100.0,11530.0,44.0,86.3,2.0,False,False,False,False,False,True,False,False,False,1,False,False,베이스 없음
20260407,043100,알파AI,KOSDAQ,520,93329,1422.0,1659.0,2228.0,494.0,5650.0,5.3,90.8,2.0,False,False,False,False,False,False,False,False,False,0,False,False,베이스 없음
20260323,044180,KD,KOSDAQ,205,3573396,455.0,572.0,590.0,196.0,1355.0,4.6,84.9,2.0,False,False,False,False,False,False,False,False,False,0,False,False,베이스 없음
20250306,065570,삼영이엔씨,KOSDAQ,764,0,1408.0,1690.0,2048.0,745.0,3950.0,2.6,80.7,2.0,False,False,False,False,False,False,False,False,False,0,False,False,Stage2 아님
20261002,070300,퀀텀레일,KOSDAQ,605,6453028,1546.0,1797.0,1747.0,532.0,3580.0,13.7,83.1,2.0,False,False,True,True,False,False,False,False,False,2,False,False,베이스 없음
20261002,084680,이월드,KOSPI,2340,153178,2914.0,6195.0,6448.0,2100.0,10500.0,11.4,77.7,2.0,False,False,False,False,False,False,False,False,False,0,False,False,1 형성중
20260922,093240,형지엘리트,KOSPI,296,1056336,404.0,736.0,904.0,292.0,2665.0,1.4,88.9,2.0,False,False,False,False,False,False,False,False,False,0,False,False,1 형성중
20261002,101670,하이드로리튬,KOSDAQ,556,5648849,614.0,1330.0,1537.0,455.0,3085.0,22.2,82.0,2.0,False,False,False,False,False,False,False,False,False,0,False,False,베이스 없음
20261002,102940,코오롱생명과학,KOSDAQ,14650,62328,15315.0,40352.0,43964.0,13210.0,72700.0,10.9,79.8,2.0,False,False,False,False,False,False,False,False,False,0,False,False,베이스 없음
20261002,142760,모아라이프플러스,KOSDAQ,479,53837,649.0,1169.0,1690.0,463.0,3788.0,3.5,87.4,2.0,False,False,False,False,False,False,False,False,False,0,False,False,베이스 없음
20261002,179900,유티아이,KOSDAQ,2315,188081,2433.0,11655.0,14397.0,1680.0,29300.0,37.8,92.1,2.0,False,False,False,False,False,True,False,False,False,1,False,False,베이스 없음
20260914,225430,케이엠제약,KOSDAQ,698,3433477,1398.0,2137.0,2275.0,508.0,6850.0,37.4,89.8,2.0,False,False,False,False,False,True,False,False,False,1,False,False,베이스 없음
20261002,240600,유진테크놀로지,KOSDAQ,860,92680,1665.0,2169.0,2443.0,829.0,4173.0,3.7,79.4,2.0,False,False,False,False,False,False,False,False,False,0,False,False,Stage2 아님
20260407,288330,파라택시스코리아,KOSDAQ,416,7390375,782.0,1198.0,1486.0,392.0,9280.0,6.1,95.5,2.0,False,False,False,False,False,False,False,False,False,0,False,False,베이스 없음
20260709,299900,,KOSDAQ,233,301001,310.0,471.0,555.0,202.0,1122.0,15.3,79.2,2.0,False,False,False,False,False,False,False,False,False,0,False,False,Stage2 아님
20260731,304840,피플바이오,KOSDAQ,561,458520,889.0,1018.0,1166.0,561.0,2970.0,0.0,81.1,2.0,False,False,False,False,False,False,False,False,False,0,False,False,1 형성중
20261002,308100,형지글로벌,KOSDAQ,256,1633338,358.0,661.0,833.0,241.0,2305.0,6.2,88.9,2.0,False,False,False,False,False,False,False,False,False,0,False,False,Stage2 아님
20261002,371950,풍원정밀,KOSDAQ,3005,72787,3888.0,8116.0,8960.0,2695.0,19970.0,11.5,85.0,2.0,False,False,False,False,False,False,False,False,False,0,False,False,1 형성중
20261002,378800,샤페론,KOSDAQ,2635,111566,2486.0,5868.0,6733.0,1985.0,16950.0,32.7,84.5,2.0,False,False,False,False,False,True,False,False,True,2,False,False,베이스 없음
20261002,418620,E8,KOSDAQ,430,1240754,620.0,995.0,1105.0,420.0,3460.0,2.4,87.6,2.0,False,False,False,False,False,False,False,False,False,0,False,False,Stage2 아님
20261002,475830,오름테라퓨틱,KOSDAQ,21050,541140,51190.0,71407.0,81371.0,20850.0,146600.0,1.0,85.6,2.0,False,False,False,False,False,False,False,False,False,0,False,False,1 형성중
20260928,900100,파이온엑스,KOSDAQ,1096,988816,1980.0,3329.0,3924.0,801.0,11980.0,36.8,90.9,2.0,False,False,False,False,False,True,False,False,False,1,False,False,베이스 없음
20261002,001000,신라섬유,KOSDAQ,1669,8236,2463.0,6196.0,7466.0,1581.0,15425.0,5.6,89.2,1.0,False,False,False,False,False,False,False,False,False,0,False,False,베이스 없음
20250321,001570,금양,KOSPI,9900,4142543,17571.0,33838.0,45523.0,9790.0,134100.0,1.1,92.6,1.0,False,False,False,False,False,False,False,False,False,0,False,False,1 형성중
20261002,002787,진흥기업2우B,KOSPI,9820,1449,25835.0,57166.0,63799.0,9820.0,98300.0,0.0,90.0,1.0,False,False,False,False,False,False,False,False,False,0,False,False,베이스 없음
20260629,008500,,KOSPI,624,292788,1989.0,2778.0,2863.0,464.0,7130.0,34.5,91.2,1.0,False,False,False,False,False,True,False,False,False,1,False,False,베이스 없음
20261002,012340,뉴인텍,KOSDAQ,373,265513,628.0,1153.0,1495.0,350.0,4610.0,6.6,91.9,1.0,False,False,False,False,False,False,False,False,False,0,False,False,Stage2 아님
20260914,025870,신라에스지,KOSDAQ,1059,186875,2145.0,3433.0,3960.0,887.0,6230.0,19.4,83.0,1.0,False,False,False,False,False,False,False,False,False,0,False,False,Stage2 아님
20260928,044380,주연테크,KOSPI,436,1588454,813.0,1415.0,1591.0,365.0,2915.0,19.5,85.0,1.0,False,False,False,False,False,False,False,False,False,0,False,False,베이스 없음
20260323,052770,아이톡시,KOSDAQ,312,880756,756.0,1584.0,2254.0,308.0,6565.0,1.3,95.2,1.0,False,False,False,False,False,False,False,False,False,0,False,False,Stage2 아님
20261002,058450,한주에이알티,KOSDAQ,540,214014,2261.0,3394.0,3556.0,490.0,7080.0,10.2,92.4,1.0,False,False,False,False,False,False,False,False,False,0,False,False,Stage2 아님
20261002,060900,에이전트AI,KOSDAQ,1630,777648,3616.0,5359.0,7267.0,1545.0,22303.0,5.5,92.7,1.0,False,False,False,False,False,False,False,False,False,0,False,False,베이스 없음
20260930,084180,,KOSDAQ,210,3125411,462.0,886.0,1358.0,105.0,3900.0,100.0,94.6,1.0,False,False,False,False,False,True,False,False,False,1,False,False,Stage2 아님
20260416,106080,케이이엠텍,KOSDAQ,1650,0,2090.0,4914.0,6109.0,1265.0,15150.0,30.4,89.1,1.0,False,False,False,False,False,True,False,False,False,1,False,False,Stage2 아님
20261002,199730,바이오인프라,KOSDAQ,663,90283,1429.0,2767.0,3263.0,593.0,5420.0,11.8,87.8,1.0,False,False,False,False,False,False,False,False,False,0,False,False,Stage2 아님
20260814,203400,에이비온,KOSDAQ,676,2169199,874.0,2203.0,2357.0,570.0,4510.0,18.6,85.0,1.0,False,False,False,False,False,False,False,False,False,0,False,False,베이스 없음
20250407,244460,올리패스,KOSDAQ,1651,421356,2504.0,4962.0,5206.0,1568.0,10634.0,5.3,84.5,1.0,False,False,False,False,False,False,False,False,False,0,False,False,Stage2 아님
20261002,250930,예선테크,KOSDAQ,529,90484,1514.0,1921.0,2027.0,441.0,3900.0,20.0,86.4,1.0,False,False,False,False,False,False,False,False,False,0,False,False,베이스 없음
20261002,270520,앱튼,KOSDAQ,818,1040730,3047.0,2257.0,2570.0,697.0,10220.0,17.4,92.0,1.0,False,False,False,False,True,False,False,False,False,1,False,False,1 형성중
20260407,276040,스코넥,KOSDAQ,327,15063172,843.0,1320.0,1606.0,272.0,5041.0,20.2,93.5,1.0,False,False,False,False,False,False,False,False,False,0,False,False,1 형성중
20261002,276730,한울앤제주,KOSDAQ,842,49292,1661.0,2278.0,2508.0,804.0,5706.0,4.7,85.2,1.0,False,False,False,False,False,False,False,False,False,0,False,False,Stage2 아님
20261002,288980,모아데이타,KOSDAQ,214,932648,464.0,800.0,819.0,192.0,1648.0,11.5,87.0,1.0,False,False,False,False,False,False,False,False,False,0,False,False,Stage2 아님
20260930,291810,핀텔,KOSDAQ,409,86536,1313.0,1569.0,1795.0,409.0,5190.0,0.0,92.1,1.0,False,False,False,False,False,False,False,False,False,0,False,False,1 형성중
20250321,294090,이오플로우,KOSDAQ,1490,857110,2590.0,5003.0,6682.0,1455.0,17353.0,2.4,91.4,1.0,False,False,False,False,False,False,False,False,False,0,False,False,1 형성중
20260331,313760,캐리,KOSDAQ,468,1443253,998.0,1705.0,2370.0,440.0,7100.0,6.4,93.4,1.0,False,False,False,False,False,False,False,False,False,0,False,False,베이스 없음
20261002,354200,엔젠바이오,KOSDAQ,764,619218,1641.0,2735.0,3151.0,760.0,6785.0,0.5,88.7,1.0,False,False,False,False,False,False,False,False,False,0,False,False,1 형성중
20261002,376930,노을,KOSDAQ,1420,114618,2126.0,4873.0,6109.0,1335.0,19395.0,6.4,92.7,1.0,False,False,False,False,False,False,False,False,False,0,False,False,1 형성중
20261002,950160,코오롱티슈진,KOSDAQ,16230,425246,18119.0,73268.0,75773.0,11470.0,149000.0,41.5,89.1,1.0,False,False,False,False,False,True,False,False,False,1,False,False,베이스 없음
20261002,011080,형지I&C,KOSDAQ,450,1542507,887.0,2883.0,4107.0,353.0,12754.0,27.5,96.5,0.0,False,False,False,False,False,True,False,False,False,1,False,False,베이스 없음
20260916,035290,골드앤에스,KOSDAQ,384,3429589,1625.0,2594.0,2777.0,384.0,5355.0,0.0,92.8,0.0,False,False,False,False,False,False,False,False,False,0,False,False,1 형성중
20260720,087260,모바일어플라이언스,KOSDAQ,247,571124,737.0,1573.0,1638.0,223.0,2560.0,10.8,90.4,0.0,False,False,False,False,False,False,False,False,False,0,False,False,Stage2 아님
20260903,305090,마이크로디지탈,KOSDAQ,538,6623628,1868.0,4623.0,5732.0,538.0,11930.0,0.0,95.5,0.0,False,False,False,False,False,False,False,False,False,0,False,False,1 형성중
20261002,0001A0,덕양에너젠,KOSDAQ,8530,42182,8577.0,12648.0,,,,,,,False,False,False,False,False,False,False,False,False,0,False,False,자료 부족
20261002,0004V0,엔비알모션,KOSDAQ,6210,192901,5814.0,12490.0,,,,,,,False,False,False,False,False,False,False,False,True,1,False,False,자료 부족
20261002,0007C0,아크릴,KOSDAQ,18610,66279,16782.0,25824.0,,,,,,,True,False,False,False,False,False,False,False,True,1,False,False,자료 부족
20261002,0007J0,인벤테라,KOSDAQ,9720,244945,8859.0,,,,,,,,True,False,False,False,False,False,False,False,True,1,False,False,자료 부족
20261002,0009K0,에임드바이오,KOSDAQ,25050,106646,23439.0,35207.0,40609.0,17400.0,80200.0,44.0,68.8,,False,False,False,False,False,True,False,False,True,2,False,False,자료 부족
20261002,0010F0,보원케미칼,KOSDAQ,3040,1250273,2335.0,,,,,,,,True,False,False,False,False,False,False,False,True,1,False,False,자료 부족
20261002,0010S0,와이즈플래닛컴퍼니,KOSDAQ,17940,684913,,,,,,,,,False,False,False,False,False,False,False,False,False,0,False,False,자료 부족
20261002,0011A0,액스비스,KOSDAQ,11990,247408,9820.0,,,,,,,,True,False,False,False,False,False,False,False,True,1,False,False,자료 부족
20261002,0011T0,채비,KOSDAQ,5420,115663,4967.0,,,,,,,,False,False,False,False,False,False,False,False,True,1,False,False,자료 부족
20261002,0013V0,삼진식품,KOSDAQ,5510,81995,5068.0,6292.0,,,,,,,True,False,False,False,False,False,False,False,True,1,False,False,자료 부족
20261002,0015G0,그린광학,KOSDAQ,16560,194316,14671.0,23159.0,24163.0,11000.0,55000.0,50.5,69.9,,True,False,False,False,False,True,False,False,True,2,False,False,자료 부족
20261002,0015N0,아로마티카,KOSDAQ,10100,257201,9198.0,8507.0,9200.0,4500.0,31500.0,124.4,67.9,,True,True,False,False,False,True,False,False,True,3,False,False,자료 부족
20261002,0015S0,페스카로,KOSDAQ,8250,54837,7184.0,10985.0,,,,,,,True,False,False,False,False,False,False,False,True,1,False,False,자료 부족
20261002,0017J0,세미티에스,KOSDAQ,3225,2990241,2780.0,,,,,,,,False,False,False,False,False,False,False,False,True,1,False,False,자료 부족
20261002,0039P0,매드업,KOSDAQ,7940,463298,7846.0,,,,,,,,False,False,False,False,False,False,False,False,True,1,False,False,자료 부족
20261002,0054V0,엔에이치스팩32호,KOSDAQ,2000,207,2005.0,2029.0,2031.0,1950.0,5700.0,2.6,64.9,,False,False,False,False,False,False,False,False,False,0,False,False,자료 부족
20261002,0068Y0,비엔케이제3호스팩,KOSDAQ,1986,10,1983.0,1999.0,1999.0,1955.0,7700.0,1.6,74.2,,False,False,False,False,False,False,False,False,True,1,False,False,자료 부족
20261002,0071M0,삼성스팩11호,KOSDAQ,1994,8543,1982.0,2005.0,2010.0,1906.0,2465.0,4.6,19.1,,False,False,False,False,False,False,True,False,True,2,False,False,자료 부족
20261002,0072Z0,KB제33호스팩,KOSDAQ,1971,10291,1977.0,1992.0,1993.0,1960.0,2020.0,0.6,2.4,,False,False,False,False,False,False,True,False,False,1,False,False,자료 부족
20261002,0082N0,카나프테라퓨틱스,KOSDAQ,12970,36611,13547.0,,,,,,,,False,False,False,False,False,False,False,False,False,0,False,False,자료 부족
20261002,0088D0,메리츠제1호스팩,KOSDAQ,2080,102,2082.0,2142.0,,,,,,,False,False,False,False,False,False,False,False,False,0,False,False,자료 부족
20261002,0088M0,메쥬,KOSDAQ,14390,107554,12770.0,,,,,,,,True,False,False,False,False,False,False,False,True,1,False,False,자료 부족
20261002,0091W0,신영스팩11호,KOSDAQ,2060,18183,2016.0,2041.0,2040.0,1966.0,5200.0,4.8,60.4,,False,True,True,False,False,False,False,False,True,3,False,False,자료 부족
20261002,0093G0,미래에셋비전스팩8호,KOSDAQ,1980,661,1980.0,1993.0,1993.0,1941.0,4100.0,2.0,51.7,,False,False,True,False,False,False,False,False,True,2,False,False,자료 부족
20261002,0096B0,삼성스팩12호,KOSDAQ,1991,1001,1983.0,1999.0,2051.0,1880.0,6640.0,5.9,70.0,,False,False,False,False,False,False,False,False,True,1,False,False,자료 부족
20261002,0096D0,미래에셋비전스팩9호,KOSDAQ,1952,180,1979.0,1995.0,1999.0,1900.0,5900.0,2.7,66.9,,False,False,False,False,False,False,False,False,False,0,False,False,자료 부족
20261002,0097F0,미래에셋비전스팩10호,KOSDAQ,1989,108,1983.0,1995.0,,,,,,,False,False,False,False,False,False,False,False,True,1,False,False,자료 부족
20261002,0098T0,교보19호스팩,KOSDAQ,2000,1452,1993.0,2022.0,,,,,,,False,False,False,False,False,False,False,False,True,1,False,False,자료 부족
20261002,0099W0,미래에셋비전스팩11호,KOSDAQ,1983,14620,1982.0,1996.0,,,,,,,False,False,False,False,False,False,False,False,True,1,False,False,자료 부족
20261002,0099X0,IBKS제25호스팩,KOSDAQ,2235,133548,2294.0,2279.0,,,,,,,False,False,False,False,False,False,False,False,False,0,False,False,자료 부족
20261002,0101C0,하나36호스팩,KOSDAQ,1973,255,1982.0,1994.0,,,,,,,False,False,False,False,False,False,False,False,False,0,False,False,자료 부족
20261002,0105P0,유진스팩12호,KOSDAQ,1996,309,1991.0,2002.0,,,,,,,False,False,False,False,False,False,False,False,True,1,False,False,자료 부족
20261002,0115H0,삼성스팩13호,KOSDAQ,1995,3050,1989.0,2007.0,,,,,,,False,False,False,False,False,False,False,False,True,1,False,False,자료 부족
20261002,0117P0,피스피스스튜디오,KOSDAQ,5590,50399,5456.0,,,,,,,,False,False,False,False,False,False,False,False,True,1,False,False,자료 부족
20261002,0120G0,삼양바이오팜,KOSPI,48450,22793,47585.0,63948.0,67203.0,23250.0,150900.0,108.4,67.9,,True,False,False,False,False,True,False,False,True,2,False,False,자료 부족
20261002,0126Z0,삼성에피스홀딩스,KOSPI,367500,25667,367790.0,453853.0,500695.0,324500.0,773000.0,13.3,52.5,,False,False,False,False,False,False,False,False,False,0,False,False,자료 부족
20261002,0129K0,신한제18호스팩,KOSDAQ,1967,1490,1973.0,,,,,,,,False,False,False,False,False,False,False,False,False,0,False,False,자료 부족
20261002,0130D0,신한제17호스팩,KOSDAQ,1986,274,1971.0,,,,,,,,False,False,False,False,False,False,False,False,True,1,False,False,자료 부족
20261002,0130H0,엔에이치스팩33호,KOSDAQ,1996,931,1989.0,,,,,,,,False,False,False,False,False,False,False,False,True,1,False,False,자료 부족
20261002,0131D0,키움히어로제2호스팩,KOSDAQ,1960,3782,1965.0,,,,,,,,False,False,False,False,False,False,False,False,False,0,False,False,자료 부족
20261002,0132G0,교보20호스팩,KOSDAQ,1992,6068,1994.0,,,,,,,,False,False,False,False,False,False,False,False,False,0,False,False,자료 부족
20261002,0134X0,대신밸런스제20호스팩,KOSDAQ,1973,10574,1976.0,,,,,,,,False,False,False,False,False,False,False,False,False,0,False,False,자료 부족
20261002,014950,삼익제약,KOSDAQ,8510,341660,6694.0,8044.0,9977.0,3705.0,25050.0,129.7,66.0,,True,False,False,False,False,True,False,False,True,2,False,False,자료 부족
20261002,0155E0,해치텍,KOSDAQ,11960,180569,,,,,,,,,False,False,False,False,False,False,False,False,False,0,False,False,자료 부족
20261002,0156T0,에이치엘지노믹스,KOSDAQ,8050,58424,,,,,,,,,False,False,False,False,False,False,False,False,False,0,False,False,자료 부족
20261002,0161M0,네오사피엔스,KOSDAQ,16400,1749683,,,,,,,,,False,False,False,False,False,False,False,False,False,0,False,False,자료 부족
20261002,0164H0,한국제16호스팩,KOSDAQ,1941,8517,1952.0,,,,,,,,False,False,False,False,False,False,False,False,False,0,False,False,자료 부족
20261002,0165X0,메리츠제2호스팩,KOSDAQ,1946,12655,1947.0,,,,,,,,False,False,False,False,False,False,False,False,False,0,False,False,자료 부족
20250306,016790,현대사료,KOSDAQ,994,0,,,,,,,,,False,False,False,False,False,False,False,False,False,0,False,False,Stage2 아님
20261002,0197V0,엔에이치스팩34호,KOSDAQ,1914,89673,,,,,,,,,False,False,False,False,False,False,False,False,False,0,False,False,자료 부족
20261002,0200G0,한국제17호스팩,KOSDAQ,1914,291075,,,,,,,,,False,False,False,False,False,False,False,False,False,0,False,False,자료 부족
20261002,0209J0,KB제34호스팩,KOSDAQ,1901,277883,,,,,,,,,False,False,False,False,False,False,False,False,False,0,False,False,자료 부족
20261002,0218L0,네오뷰,KOSDAQ,12850,14340,,,,,,,,,False,False,False,False,False,False,False,False,False,0,False,False,자료 부족
20261002,0220W0,한화머시너리앤서비스홀딩스,KOSPI,5670,925552,,,,,,,,,False,False,False,False,False,False,False,False,False,0,False,False,자료 부족
20261002,0220WL,한화머시너리앤서비스홀딩스3우B,KOSPI,2335,112615,,,,,,,,,False,False,False,False,False,False,False,False,False,0,False,False,자료 부족
20250306,036690,코맥스,KOSDAQ,2885,0,3036.0,,,,,,,,False,False,False,False,False,False,False,False,False,0,False,False,Stage2 아님
20250306,041590,플래스크,KOSDAQ,2370,0,2634.0,,,,,,,,False,False,False,False,False,False,False,False,False,0,False,False,Stage2 아님
20261002,061090,세나테크놀로지,KOSDAQ,41400,28313,40840.0,40413.0,42036.0,27000.0,176400.0,53.3,76.5,,False,False,False,False,False,True,False,False,True,2,False,False,자료 부족
20250306,066410,버킷스튜디오,KOSDAQ,1153,0,,,,,,,,,False,False,False,False,False,False,False,False,False,0,False,False,Stage2 아님
20250306,068940,셀피글로벌,KOSDAQ,778,0,,,,,,,,,False,False,False,False,False,False,False,False,False,0,False,False,Stage2 아님
20250306,073640,테라사이언스,KOSDAQ,654,0,958.0,,,,,,,,False,False,False,False,False,False,False,False,False,0,False,False,베이스 없음
20250306,099520,DGI,KOSDAQ,1284,0,,,,,,,,,False,False,False,False,False,False,False,False,False,0,False,False,-
20250306,121800,비덴트,KOSDAQ,3320,0,,,,,,,,,False,False,False,False,False,False,False,False,False,0,False,False,Stage2 아님
20261002,153890,져스텍,KOSDAQ,9370,212405,10143.0,,,,,,,,False,False,False,False,False,False,False,False,False,0,False,False,자료 부족
20261002,217590,티엠씨,KOSPI,18440,5833870,12532.0,17946.0,,,,,,,True,False,False,False,False,False,False,False,True,1,False,False,자료 부족
20250306,258830,세종메디칼,KOSDAQ,412,0,470.0,,,,,,,,False,False,False,False,False,False,False,False,False,0,False,False,Stage2 아님
20261002,261520,이지스,KOSDAQ,5570,62963,4581.0,6093.0,,,,,,,True,False,False,False,False,False,False,False,True,1,False,False,자료 부족
20261002,266690,덕산넵코어스,KOSDAQ,16310,7025551,,,,,,,,,False,False,False,False,False,False,False,False,False,0,False,False,자료 부족
20261002,279570,케이뱅크,KOSPI,5390,358369,5627.0,,,,,,,,False,False,False,False,False,False,False,False,False,0,False,False,자료 부족
20261002,282620,기도산업,KOSDAQ,11880,29315,,,,,,,,,False,False,False,False,False,False,False,False,False,0,False,False,자료 부족
20261002,288180,케이피항공산업,KOSDAQ,7810,34941,7525.0,,,,,,,,False,False,False,False,False,False,False,False,True,1,False,False,자료 부족
20260403,309710,아이티켐,KOSDAQ,21000,0,32440.0,31392.0,,,,,,,False,False,False,False,False,False,False,False,False,0,False,False,자료 부족
20261002,317450,명인제약,KOSPI,43650,9885,44183.0,49068.0,53227.0,39100.0,134500.0,11.6,67.5,,False,False,False,False,False,False,False,False,False,0,False,False,자료 부족
20261002,365660,레몬헬스케어,KOSDAQ,4110,171689,4983.0,,,,,,,,False,False,False,False,False,False,False,False,False,0,False,False,자료 부족
20250306,377460,큐에이드,KOSDAQ,4080,0,,,,,,,,,False,False,False,False,False,False,False,False,False,0,False,False,Stage2 아님
20261002,386380,스카이랩스,KOSDAQ,18090,669590,,,,,,,,,False,False,False,False,False,False,False,False,False,0,False,False,자료 부족
20261002,387690,레메디,KOSDAQ,18940,537035,13676.0,,,,,,,,False,False,False,False,False,False,False,False,True,1,False,False,자료 부족
20261002,388210,씨엠티엑스,KOSDAQ,94300,162700,76872.0,107007.0,107720.0,56500.0,170300.0,66.9,44.6,,True,False,False,False,False,True,False,False,True,2,False,False,자료 부족
20260306,393970,대진첨단소재,KOSDAQ,2825,298047,4037.0,5635.0,6685.0,2340.0,19390.0,20.7,85.4,,False,False,False,False,False,False,False,False,False,0,False,False,자료 부족
20261002,394420,리센스메디컬,KOSDAQ,8810,78789,10405.0,,,,,,,,False,False,False,False,False,False,False,False,False,0,False,False,자료 부족
20261002,403850,더핑크퐁컴퍼니,KOSDAQ,12150,26235,11898.0,13742.0,16531.0,9500.0,61500.0,27.9,80.2,,True,False,False,False,False,True,False,False,True,2,False,False,자료 부족
20261002,408470,한패스,KOSDAQ,4680,36246,5172.0,,,,,,,,False,False,False,False,False,False,False,False,False,0,False,False,자료 부족
20250404,412540,제일엠앤에스,KOSDAQ,3935,339601,6682.0,8512.0,9488.0,3845.0,41200.0,2.3,90.4,,False,False,False,False,False,False,False,False,False,0,False,False,자료 부족
20261002,417030,니어스랩,KOSDAQ,29950,123206,,,,,,,,,False,False,False,False,False,False,False,False,False,0,False,False,자료 부족
20250306,418250,시큐레터,KOSDAQ,6550,0,8348.0,,,,,,,,False,False,False,False,False,False,False,False,False,0,False,False,자료 부족
20261002,439960,코스모로보틱스,KOSDAQ,7900,6227471,13584.0,,,,,,,,False,False,False,False,False,False,False,False,False,0,False,False,자료 부족
20261002,458350,에스팀,KOSDAQ,2940,12064,3392.0,,,,,,,,False,False,False,False,False,False,False,False,False,0,False,False,자료 부족
20261002,459550,알트,KOSDAQ,2075,436376,2060.0,2210.0,2639.0,992.0,6250.0,109.2,66.8,,False,False,False,False,False,True,False,False,True,2,False,False,자료 부족
20261002,464490,쿼드메디슨,KOSDAQ,5230,112970,5235.0,9193.0,,,,,,,False,False,False,False,False,False,False,False,False,0,False,False,자료 부족
20261002,466690,키움히어로제1호스팩,KOSDAQ,2010,10324,2003.0,2020.0,,,,,,,False,False,False,False,False,False,False,False,True,1,False,False,자료 부족
20261002,468670,브릴스,KOSDAQ,34150,12742620,,,,,,,,,False,False,False,False,False,False,False,False,False,0,False,False,자료 부족
20261002,469610,이노테크,KOSDAQ,15820,36397,14745.0,17666.0,19703.0,8760.0,85000.0,80.6,81.4,,False,False,False,False,False,True,False,False,True,2,False,False,자료 부족
20261002,475040,스트라드비젼,KOSDAQ,3010,238802,3120.0,,,,,,,,False,False,False,False,False,False,False,False,False,0,False,False,자료 부족
20261002,476830,알지노믹스,KOSDAQ,28250,382917,28789.0,57588.0,,,,,,,False,False,False,False,False,False,False,False,False,0,False,False,자료 부족
20261002,477850,마키나락스,KOSDAQ,22850,302747,24400.0,,,,,,,,False,False,False,False,False,False,False,False,False,0,False,False,자료 부족
20261002,478340,나라스페이스테크놀로지,KOSDAQ,17090,9505408,11077.0,23576.0,,,,,,,True,False,False,False,False,False,False,False,True,1,False,False,자료 부족
20261002,483350,딜리셔스,KOSDAQ,2740,316419,,,,,,,,,False,False,False,False,False,False,False,False,False,0,False,False,자료 부족
20261002,486510,글로벌테크놀로지,KOSDAQ,14860,3846646,,,,,,,,,False,False,False,False,False,False,False,False,False,0,False,False,자료 부족
20261002,486990,노타,KOSDAQ,20500,195083,19034.0,27145.0,31107.0,15130.0,65300.0,35.5,68.6,,True,False,False,False,False,True,False,False,True,2,False,False,자료 부족
20261002,487400,케이앤에스아이앤씨,KOSDAQ,6620,88655,,,,,,,,,False,False,False,False,False,False,False,False,False,0,False,False,자료 부족
20261002,487580,폴레드,KOSDAQ,2815,713197,3253.0,,,,,,,,False,False,False,False,False,False,False,False,False,0,False,False,자료 부족
20261002,488280,에스투더블유,KOSDAQ,16330,1926425,11601.0,15432.0,18151.0,8010.0,40000.0,103.9,59.2,,True,False,False,False,False,True,False,False,True,2,False,False,자료 부족
20261002,488900,비츠로넥스텍,KOSDAQ,11490,254132,9679.0,13241.0,14617.0,6540.0,31100.0,75.7,63.1,,True,False,False,False,False,True,False,False,True,2,False,False,자료 부족
20261002,490470,세미파이브,KOSDAQ,20750,1787989,16137.0,24964.0,,,,,,,True,False,False,False,False,False,False,False,True,1,False,False,자료 부족
20261002,491000,리브스메드,KOSDAQ,36200,203533,36036.0,51850.0,,,,,,,False,False,False,False,False,False,False,False,True,1,False,False,자료 부족
20261002,493280,아이엠바이오로직스,KOSDAQ,17370,108190,16460.0,,,,,,,,False,False,False,False,False,False,False,False,True,1,False,False,자료 부족
20261002,493330,지에프아이,KOSDAQ,12500,45576,11505.0,13432.0,,,,,,,True,False,False,False,False,False,False,False,True,1,False,False,자료 부족
20261002,494120,큐리오시스,KOSDAQ,9830,129611,9580.0,18853.0,21752.0,7450.0,48218.0,31.9,79.6,,False,False,False,False,False,True,False,False,True,2,False,False,자료 부족
20261002,950250,테라뷰,KOSDAQ,4100,1089926,2714.0,4438.0,,,,,,,True,False,False,False,False,False,False,False,True,1,False,False,자료 부족
20261002,950260,인제니아테라퓨틱스(Reg.S),KOSDAQ,28600,608375,,,,,,,,,False,False,False,False,False,False,False,False,False,0,False,False,자료 부족
20261002,003060,에이프로젠바이오로직스,KOSPI,1582,199501,1869.0,1625.0,1358.0,227.0,6370.0,596.9,75.2,98.0,False,False,True,True,True,True,False,True,False,5,False,True,Stage2 아님
20261002,007460,에이프로젠,KOSPI,2135,362977,2251.0,1974.0,1658.0,280.0,7800.0,662.5,72.6,98.0,False,True,True,True,True,True,False,True,False,6,False,True,2 형성중
20261002,012170,아센디오,KOSPI,2990,11792,1841.0,1490.0,1561.0,583.0,4755.0,412.9,37.1,97.0,True,True,False,True,True,True,False,True,True,6,False,True,1 형성중
20250321,079970,투비소프트,KOSDAQ,596,796598,782.0,948.0,781.0,175.0,2150.0,240.6,72.3,66.0,False,False,True,True,False,True,False,False,False,3,False,True,Stage2 아님
20261002,472850,폰드그룹,KOSDAQ,4695,42760,4848.0,4902.0,5092.0,3560.0,10400.0,31.9,54.9,53.0,False,False,False,True,False,True,False,False,False,2,False,True,베이스 없음
20260611,204210,,KOSPI,971,654569,2196.0,2606.0,2790.0,618.0,13900.0,57.1,93.0,1.0,False,False,False,False,False,True,False,False,False,1,False,True,베이스 없음
20260918,008290,,KOSDAQ,20,9774329,396.0,582.0,665.0,20.0,1266.0,0.0,98.4,0.0,False,False,False,False,False,False,False,False,False,0,False,True,1 형성중
20260630,032980,,KOSDAQ,2,11961761,671.0,1328.0,1542.0,2.0,2606.0,0.0,99.9,0.0,False,False,False,False,False,False,False,False,False,0,False,True,베이스 없음
20260807,043090,,KOSDAQ,103,1075231,1013.0,1098.0,1108.0,90.0,1140.0,14.4,91.0,0.0,False,False,False,False,False,False,False,False,False,0,False,True,Stage2 아님
20260723,060240,,KOSDAQ,17,2698059,4495.0,7585.0,9772.0,17.0,25336.0,0.0,99.9,0.0,False,False,False,False,False,False,False,False,False,0,False,True,Stage2 아님
20260630,101390,,KOSDAQ,17,1977989,996.0,2171.0,2962.0,14.0,9490.0,21.4,99.8,0.0,False,False,False,False,False,False,False,False,False,0,False,True,1 형성중
20260911,121850,,KOSDAQ,135,1123780,1057.0,2057.0,2723.0,135.0,9398.0,0.0,98.6,0.0,False,False,False,False,False,False,False,False,False,0,False,True,Stage2 아님
20261002,196490,디에이테크놀로지,KOSDAQ,100,1124065,5374.0,5851.0,5911.0,82.0,6090.0,22.0,98.4,0.0,False,False,False,False,False,False,False,False,False,0,False,True,베이스 없음
20260707,203690,,KOSDAQ,139,3447507,4619.0,5244.0,6144.0,76.0,14040.0,82.9,99.0,0.0,False,False,False,False,False,True,False,False,False,1,False,True,베이스 없음
20261002,312610,에이에프더블류,KOSDAQ,37,1373794,278.0,719.0,886.0,33.0,1851.0,12.1,98.0,0.0,False,False,False,False,False,False,False,False,False,0,False,True,1 형성중
20261002,0035S0,빅웨이브로보틱스,KOSDAQ,31750,6098371,,,,,,,,,False,False,False,False,False,False,False,False,False,0,False,True,자료 부족
20261002,005030,부산주공,KOSPI,27,17749585,,,,,,,,,False,False,False,False,False,False,False,False,False,0,False,True,Stage2 아님
20261002,005110,한창,KOSPI,112,10011000,1204.0,,,,,,,,False,False,False,False,False,False,False,False,False,0,False,True,Stage2 아님
20260916,006380,,KOSPI,43,2653857,,,,,,,,,False,False,False,False,False,False,False,False,False,0,False,True,Stage2 아님
20261002,007610,선도전기,KOSPI,4305,661424,4184.0,,,,,,,,False,False,False,False,False,False,False,False,True,1,False,True,자료 부족
20260918,046070,,KOSDAQ,140,3628363,10256.0,,,,,,,,False,False,False,False,False,False,False,False,False,0,False,True,베이스 없음
20260918,082660,,KOSDAQ,1,56816980,436.0,391.0,,,,,,,False,False,False,False,False,False,False,False,False,0,False,True,베이스 없음
20260902,096610,,KOSDAQ,195,4337673,,,,,,,,,False,False,False,False,False,False,False,False,False,0,False,True,베이스 없음
20260630,106520,,KOSDAQ,14,7296954,,,,,,,,,False,False,False,False,False,False,False,False,False,0,False,True,Stage2 아님
20260609,140910,,KOSPI,750,306827,,,,,,,,,False,False,False,False,False,False,False,False,False,0,False,True,Stage2 아님
20260706,222160,,KOSDAQ,169,1583687,,,,,,,,,False,False,False,False,False,False,False,False,False,0,False,True,베이스 없음
20260630,227100,,KOSDAQ,2,6397596,743.0,991.0,1104.0,2.0,3975.0,0.0,99.9,,False,False,False,False,False,False,False,False,False,0,False,True,Stage2 아님
20260604,230980,,KOSDAQ,2,22930000,273.0,,,,,,,,False,False,False,False,False,False,False,False,False,0,False,True,베이스 없음
20260824,269620,,KOSDAQ,1,39850047,,,,,,,,,False,False,False,False,False,False,False,False,False,0,False,True,자료 부족
